wall_s,engine_t,roll,pitch,yaw,vn,ve,vd,vh,lat,lon,alt,arate_dps
33.90,0.000,0.0000,0.0000,0.0000,0.0000,0.0000,0.0000,0.0000,0.0000000,0.0000000,0.00,0.0
33.90,0.000,0.0000,0.0000,0.0000,0.0000,0.0000,0.0000,0.0000,0.0000000,0.0000000,0.00,0.0
33.90,0.000,0.0000,0.0000,0.0000,0.0000,0.0000,0.0000,0.0000,0.0000000,0.0000000,0.00,0.0
33.90,0.000,0.0000,0.0000,0.0000,0.0000,0.0000,0.0000,0.0000,0.0000000,0.0000000,0.00,0.0
33.90,0.000,0.0000,0.0000,0.0000,0.0000,0.0000,0.0000,0.0000,0.0000000,0.0000000,0.00,0.0
33.90,0.000,0.0000,0.0000,0.0000,0.0000,0.0000,0.0000,0.0000,0.0000000,0.0000000,0.00,0.0
33.90,0.000,0.0000,0.0000,0.0000,0.0000,0.0000,0.0000,0.0000,0.0000000,0.0000000,0.00,0.0
33.90,0.000,0.0000,0.0000,0.0000,0.0000,0.0000,0.0000,0.0000,0.0000000,0.0000000,0.00,0.0
33.90,0.000,0.0000,0.0000,0.0000,0.0000,0.0000,0.0000,0.0000,0.0000000,0.0000000,0.00,27.4
33.90,0.000,0.0000,0.0000,0.0000,0.0000,0.0000,0.0000,0.0000,0.0000000,0.0000000,0.00,27.5
33.90,0.000,0.0000,0.0000,0.0000,0.0000,0.0000,0.0000,0.0000,0.0000000,0.0000000,0.00,27.5
33.90,0.000,0.0000,0.0000,0.0000,0.0000,0.0000,0.0000,0.0000,0.0000000,0.0000000,0.00,27.6
33.90,0.000,0.0000,0.0000,0.0000,0.0000,0.0000,0.0000,0.0000,0.0000000,0.0000000,0.00,27.6
34.63,0.731,-60.8194,-46.0075,93.8081,0.0013,-0.0201,0.0216,0.0202,22.6400000,114.0099999,50.00,27.7
34.74,0.836,-60.8186,-46.0450,93.7937,0.0012,-0.0198,0.0245,0.0199,22.6400000,114.0099999,49.99,27.7
34.84,0.941,-60.8191,-46.0825,93.7916,0.0012,-0.0189,0.0274,0.0190,22.6400000,114.0099999,49.99,27.7
34.95,1.048,-60.8245,-46.1184,93.8116,0.0009,-0.0178,0.0302,0.0179,22.6400000,114.0099999,49.99,27.8
35.05,1.153,-60.8267,-46.1470,93.8147,0.0008,-0.0166,0.0328,0.0166,22.6400000,114.0099999,49.99,27.8
35.16,1.259,-60.8251,-46.1706,93.8008,0.0009,-0.0155,0.0360,0.0155,22.6400000,114.0099999,49.99,0.4
35.26,1.363,-60.8216,-46.1938,93.7835,0.0009,-0.0139,0.0391,0.0139,22.6400000,114.0099999,49.99,0.3
35.37,1.469,-60.8231,-46.2122,93.7800,0.0010,-0.0125,0.0420,0.0125,22.6400000,114.0099999,49.99,0.3
35.48,1.575,-60.8289,-46.2313,93.7839,0.0009,-0.0111,0.0445,0.0111,22.6400000,114.0099999,49.98,0.3
35.58,1.680,-60.8333,-46.2464,93.7965,0.0007,-0.0098,0.0472,0.0099,22.6400000,114.0099999,49.98,0.3
35.69,1.786,-60.8336,-46.2605,93.8042,0.0006,-0.0087,0.0500,0.0088,22.6400000,114.0099999,49.98,0.3
35.79,1.891,-60.8266,-46.2714,93.8065,0.0007,-0.0077,0.0528,0.0077,22.6400000,114.0099999,49.98,0.2
35.90,1.996,-60.8266,-46.2805,93.8166,0.0008,-0.0064,0.0559,0.0065,22.6400000,114.0099999,49.97,0.2
36.00,2.101,-60.8271,-46.2888,93.8234,0.0008,-0.0054,0.0586,0.0054,22.6400000,114.0099999,49.97,0.2
36.11,2.207,-60.8302,-46.3004,93.8478,0.0009,-0.0045,0.0612,0.0046,22.6400000,114.0099999,49.97,0.2
36.21,2.313,-60.8342,-46.3108,93.8693,0.0006,-0.0036,0.0638,0.0036,22.6400000,114.0099999,49.97,0.2
36.32,2.419,-60.8328,-46.3174,93.8817,0.0006,-0.0026,0.0664,0.0027,22.6400000,114.0099999,49.97,0.2
36.42,2.525,-60.8262,-46.3247,93.8777,0.0004,-0.0015,0.0664,0.0015,22.6400000,114.0099999,49.97,0.2
36.53,2.631,-60.8254,-46.3281,93.8768,0.0006,-0.0007,0.0694,0.0009,22.6400000,114.0099999,49.96,0.2
36.64,2.736,-60.8255,-46.3330,93.8870,0.0006,-0.0001,0.0720,0.0006,22.6400000,114.0099999,49.96,0.2
36.74,2.841,-60.8286,-46.3377,93.8973,0.0005,0.0006,0.0741,0.0008,22.6400000,114.0099999,49.96,0.1
36.85,2.947,-60.8341,-46.3448,93.9135,0.0005,0.0011,0.0766,0.0012,22.6400000,114.0099999,49.95,0.1
36.95,3.052,-60.8348,-46.3481,93.9176,0.0003,0.0017,0.0790,0.0017,22.6400000,114.0099999,49.96,0.1
37.06,3.158,-60.8330,-46.3489,93.9212,0.0002,0.0021,0.0815,0.0021,22.6400001,114.0099999,49.95,0.1
37.16,3.264,-60.8299,-46.3515,93.9212,0.0004,0.0026,0.0843,0.0026,22.6400001,114.0099999,49.95,0.1
37.27,3.369,-60.8282,-46.3541,93.9243,0.0006,0.0030,0.0867,0.0031,22.6400001,114.0099999,49.95,0.1
37.38,3.475,-60.8352,-46.3565,93.9330,0.0004,0.0034,0.0886,0.0035,22.6400000,114.0099999,49.94,0.1
37.48,3.582,-60.8392,-46.3589,93.9394,0.0003,0.0037,0.0910,0.0038,22.6400000,114.0099999,49.94,0.1
37.59,3.687,-60.8375,-46.3592,93.9440,0.0003,0.0041,0.0930,0.0041,22.6400000,114.0099999,49.94,0.1
37.69,3.792,-60.8304,-46.3582,93.9368,0.0002,0.0042,0.0952,0.0042,22.6400000,114.0099999,49.94,0.1
37.80,3.898,-60.8287,-46.3566,93.9325,0.0004,0.0044,0.0977,0.0045,22.6400000,114.0099999,49.93,0.1
37.90,4.004,-60.8310,-46.3570,93.9361,0.0005,0.0046,0.0997,0.0047,22.6400000,114.0099999,49.93,0.1
38.01,4.109,-60.8362,-46.3566,93.9436,0.0004,0.0047,0.1015,0.0048,22.6400000,114.0099999,49.92,0.1
38.11,4.214,-60.8353,-46.3570,93.9408,0.0000,0.0048,0.1033,0.0048,22.6400000,114.0099999,49.92,0.1
38.22,4.319,-60.8343,-46.3544,93.9304,0.0002,0.0048,0.1055,0.0048,22.6400000,114.0099999,49.92,0.1
38.32,4.425,-60.8320,-46.3530,93.9211,0.0004,0.0049,0.1077,0.0049,22.6400000,114.0099999,49.91,0.1
38.43,4.531,-60.8324,-46.3521,93.9273,0.0006,0.0048,0.1096,0.0048,22.6400000,114.0099999,49.91,0.1
38.54,4.636,-60.8345,-46.3522,93.9389,0.0004,0.0049,0.1111,0.0049,22.6400000,114.0099999,49.91,0.1
38.64,4.741,-60.8319,-46.3509,93.9390,0.0003,0.0048,0.1128,0.0048,22.6400000,114.0099999,49.90,0.1
38.75,4.847,-60.8305,-46.3473,93.9439,0.0002,0.0041,0.1111,0.0041,22.6400000,114.0099999,49.91,0.1
38.85,4.952,-60.8262,-46.3464,93.9455,0.0004,0.0041,0.1127,0.0041,22.6400000,114.0099999,49.90,0.1
38.96,5.057,-60.8294,-46.3457,93.9533,0.0003,0.0041,0.1143,0.0041,22.6400000,114.0099999,49.90,0.1
39.06,5.162,-60.8337,-46.3471,93.9756,-0.0007,0.0044,0.1159,0.0045,22.6400000,114.0099999,49.90,0.1
39.17,5.268,-60.8309,-46.3483,93.9793,-0.0003,0.0042,0.1170,0.0042,22.6400000,114.0099999,49.90,0.1
39.27,5.374,-60.8362,-46.3484,93.9911,-0.0006,0.0032,0.1180,0.0033,22.6400000,114.0099999,49.89,0.1
39.38,5.480,-60.8320,-46.3465,93.9902,0.0006,0.0043,0.1192,0.0044,22.6400000,114.0099999,49.89,0.1
39.48,5.585,-60.8368,-46.3473,93.9995,0.0004,0.0039,0.1207,0.0039,22.6400000,114.0099999,49.88,0.1
39.59,5.690,-60.8361,-46.3471,93.9989,0.0005,0.0040,0.1219,0.0040,22.6400000,114.0099999,49.88,0.1
39.70,5.796,-60.8375,-46.3489,94.0072,0.0003,0.0039,0.1227,0.0039,22.6400000,114.0099999,49.88,0.1
39.80,5.901,-60.8373,-46.3489,94.0153,0.0000,0.0037,0.1235,0.0037,22.6400000,114.0099999,49.88,0.1
39.91,6.007,-60.8355,-46.3466,94.0168,0.0000,0.0037,0.1245,0.0037,22.6400000,114.0099999,49.87,0.1
40.01,6.112,-60.8328,-46.3453,94.0118,0.0004,0.0036,0.1256,0.0036,22.6400000,114.0099999,49.87,0.1
40.12,6.217,-60.8337,-46.3473,94.0142,0.0004,0.0036,0.1264,0.0036,22.6400000,114.0099999,49.87,0.1
40.22,6.322,-60.8357,-46.3489,94.0163,0.0001,0.0036,0.1268,0.0036,22.6400000,114.0099999,49.87,2.6
40.33,6.427,-60.8381,-46.3493,94.0182,0.0000,0.0036,0.1272,0.0036,22.6400000,114.0099999,49.86,3.2
40.43,6.532,-60.8346,-46.3479,94.0163,0.0001,0.0033,0.1281,0.0033,22.6400000,114.0099999,49.86,11.4
40.54,6.637,-60.8336,-46.3456,94.0152,0.0004,0.0034,0.1289,0.0034,22.6400000,114.0099999,49.86,15.2
40.64,6.742,-60.8437,-46.3972,94.0203,-0.0010,0.0087,0.1280,0.0087,22.6400000,114.0099999,49.86,41.0
40.85,6.953,-59.5983,-47.7722,91.4388,-0.0043,0.0109,0.1333,0.0117,22.6400000,114.0100000,49.84,100.9
40.96,7.060,-59.3161,-47.8349,91.1513,0.0279,0.0282,0.1403,0.0397,22.6400001,114.0100000,49.83,209.4
41.06,7.164,-62.2599,-49.5715,95.0035,0.0871,0.1325,0.1490,0.1585,22.6400001,114.0100001,49.82,342.8
41.17,7.271,-62.2789,-46.3721,95.9452,-0.0002,0.0139,0.1386,0.0139,22.6400002,114.0100002,49.81,352.0
41.28,7.377,-72.7822,-52.2356,106.8593,0.0487,0.0437,-0.2854,0.0654,22.6400002,114.0100002,49.81,419.3
41.38,7.482,-93.0488,-71.1186,130.6266,-0.1419,0.1685,-0.2996,0.2203,22.6400002,114.0100003,49.85,477.5
41.49,7.587,-147.3270,-80.0969,181.2858,-0.1457,0.2792,-0.1640,0.3149,22.6400000,114.0100005,49.88,500.0
41.59,7.692,151.1699,-66.6982,246.4718,-0.0183,0.2086,0.1400,0.2094,22.6400000,114.0100008,49.89,500.6
41.70,7.797,151.7178,-59.7084,248.5692,-0.0056,-0.0342,0.3933,0.0346,22.6400000,114.0100009,49.86,536.4
41.80,7.903,-175.8535,-64.8499,214.6619,-0.1303,-0.1416,0.4388,0.1924,22.6399999,114.0100008,49.82,573.4
41.91,8.008,-147.9846,-70.3687,184.3404,-0.0950,-0.0435,0.2194,0.1045,22.6399998,114.0100006,49.78,539.8
42.01,8.113,-158.4045,-72.6397,195.9087,-0.0675,0.0226,0.1439,0.0712,22.6399997,114.0100007,49.78,447.9
42.12,8.218,-154.1897,-71.3022,192.2826,-0.0120,0.0882,0.1556,0.0890,22.6399997,114.0100007,49.76,330.9
42.22,8.323,-173.0538,-69.2685,213.1113,0.1575,0.3190,-0.0570,0.3558,22.6399997,114.0100009,49.76,347.1
42.33,8.429,164.8315,-53.6133,241.7936,0.0650,0.4329,0.1178,0.4378,22.6399999,114.0100013,49.77,312.9
42.43,8.534,155.2922,-44.8165,251.1423,-0.1948,0.3266,0.1740,0.3803,22.6399998,114.0100016,49.75,275.4
42.54,8.639,149.1630,-35.9513,253.4907,-0.3529,0.2209,0.1538,0.4164,22.6399995,114.0100019,49.74,252.2
42.64,8.744,142.9345,-26.3919,255.0108,-0.4600,0.1506,0.1350,0.4841,22.6399991,114.0100021,49.73,243.5
42.75,8.850,133.1234,-13.5933,259.2424,-0.4492,0.2832,0.2013,0.5310,22.6399985,114.0100024,49.73,203.8
42.85,8.954,118.1403,-2.5143,267.8131,-0.3554,0.2204,0.2937,0.4182,22.6399978,114.0100026,49.70,141.1
42.93,9.033,113.9054,10.2057,266.5285,-0.3526,0.1754,0.4559,0.3938,22.6399971,114.0100027,49.68,115.3
42.93,9.033,113.9054,10.2057,266.5285,-0.3526,0.1754,0.4559,0.3938,22.6399971,114.0100027,49.68,110.6
42.93,9.033,113.9054,10.2057,266.5285,-0.3526,0.1754,0.4559,0.3938,22.6399971,114.0100027,49.68,112.2
42.93,9.033,113.9054,10.2057,266.5285,-0.3526,0.1754,0.4559,0.3938,22.6399971,114.0100027,49.68,86.9
42.93,9.033,113.9054,10.2057,266.5285,-0.3526,0.1754,0.4559,0.3938,22.6399971,114.0100027,49.68,53.6
43.49,9.586,114.0649,10.9731,264.2317,-0.3576,0.2452,0.4910,0.4336,22.6399970,114.0100028,49.67,30.5
43.59,9.692,115.0662,15.6237,257.3903,-0.2705,0.6364,0.6243,0.6915,22.6399969,114.0100032,49.62,30.5
43.61,9.711,115.5029,17.3965,256.1585,-0.2456,0.7004,0.6445,0.7422,22.6399969,114.0100034,49.61,30.5
43.61,9.711,115.5029,17.3965,256.1585,-0.2456,0.7004,0.6445,0.7422,22.6399969,114.0100034,49.61,30.5
43.61,9.711,115.5029,17.3965,256.1585,-0.2456,0.7004,0.6445,0.7422,22.6399969,114.0100034,49.61,30.5
43.61,9.711,115.5029,17.3965,256.1585,-0.2456,0.7004,0.6445,0.7422,22.6399969,114.0100034,49.61,29.9
44.08,10.176,115.4945,17.3938,256.1048,-0.2445,0.7001,0.6542,0.7416,22.6399968,114.0100034,49.60,18.1
44.08,10.176,115.4945,17.3938,256.1048,-0.2445,0.7001,0.6542,0.7416,22.6399968,114.0100034,49.60,0.0
44.08,10.176,115.4945,17.3938,256.1048,-0.2445,0.7001,0.6542,0.7416,22.6399968,114.0100034,49.60,2.8
44.08,10.176,115.4945,17.3938,256.1048,-0.2445,0.7001,0.6542,0.7416,22.6399968,114.0100034,49.60,38.7
44.08,10.176,115.4945,17.3938,256.1048,-0.2445,0.7001,0.6542,0.7416,22.6399968,114.0100034,49.60,83.0
44.08,10.176,115.4945,17.3938,256.1048,-0.2445,0.7001,0.6542,0.7416,22.6399968,114.0100034,49.60,134.4
44.08,10.176,115.4945,17.3938,256.1048,-0.2445,0.7001,0.6542,0.7416,22.6399968,114.0100034,49.60,261.4
44.85,10.952,105.5716,17.0238,244.9972,-0.7589,1.4658,0.7087,1.6506,22.6399965,114.0100041,49.57,431.0
44.96,11.058,83.7695,27.9744,239.7173,-1.1991,2.7127,1.1737,2.9659,22.6399956,114.0100064,49.48,451.7
45.06,11.163,58.0300,42.0132,232.9086,-1.4962,3.1952,1.9619,3.5282,22.6399943,114.0100094,49.33,528.9
45.17,11.268,32.0479,59.4292,222.3226,-1.7724,3.1139,2.5878,3.5830,22.6399927,114.0100127,49.09,687.5
45.27,11.373,-32.0858,78.0364,171.7814,-2.0747,3.0325,2.7435,3.6743,22.6399909,114.0100158,48.83,757.0
45.38,11.480,-122.6576,62.6493,96.2326,-2.2315,3.4990,2.3604,4.1500,22.6399888,114.0100191,48.57,810.4
45.48,11.585,-132.9690,53.5352,98.5027,-2.3308,4.5307,1.5417,5.0950,22.6399867,114.0100232,48.38,817.0
45.59,11.691,-170.3357,66.4960,66.9709,-2.2116,5.3410,1.0869,5.7807,22.6399845,114.0100283,48.26,800.1
45.70,11.795,119.2263,50.5620,348.4133,-1.7100,5.7721,0.8990,6.0200,22.6399826,114.0100340,48.17,771.5
45.80,11.902,111.4637,22.4818,309.8916,-1.4621,5.7036,1.6360,5.8880,22.6399811,114.0100400,48.06,682.3
45.91,12.008,118.0532,4.3621,274.9973,-1.9794,5.4540,2.3085,5.8021,22.6399795,114.0100458,47.90,569.3
46.02,12.115,126.7112,1.8784,240.7230,-2.6801,5.6922,2.6416,6.2916,22.6399773,114.0100515,47.66,652.3
46.12,12.220,127.8071,4.2016,215.3101,-3.1903,6.5742,2.4939,7.3074,22.6399736,114.0100578,47.41,722.1
46.23,12.326,113.8380,5.7556,206.6876,-3.4904,7.9832,2.3117,8.7129,22.6399701,114.0100654,47.19,621.5
46.33,12.431,84.9546,15.0890,208.1899,-3.9709,9.0219,2.9958,9.8571,22.6399667,114.0100741,46.95,584.1
46.44,12.537,47.2793,30.7721,201.5380,-4.3941,9.2810,4.1950,10.2687,22.6399627,114.0100836,46.61,624.0
46.54,12.643,-6.5802,58.5161,173.2662,-4.8499,8.8362,5.1325,10.0797,22.6399570,114.0100934,46.15,699.2
46.65,12.749,-93.6133,56.1811,106.8216,-5.4976,8.8000,4.4458,10.3761,22.6399518,114.0101025,45.64,750.1
46.75,12.855,-126.5108,40.3060,94.1268,-5.5563,9.6371,3.6490,11.1241,22.6399465,114.0101118,45.26,828.5
46.86,12.961,-147.4928,47.5329,88.2926,-5.4906,10.6640,2.9969,11.9944,22.6399412,114.0101223,44.95,878.8
46.97,13.067,162.4608,59.6003,48.4805,-5.2576,11.3931,2.5508,12.5477,22.6399360,114.0101337,44.76,864.6
47.07,13.172,112.3833,45.5109,349.1447,-4.6902,11.8488,2.6461,12.7433,22.6399312,114.0101456,44.54,794.0
47.18,13.278,107.5311,4.3511,312.1429,-4.1808,11.3736,3.3244,12.1176,22.6399271,114.0101576,44.29,710.9
47.28,13.383,131.4641,-26.4943,260.6544,-4.9940,10.9319,4.6417,12.0186,22.6399228,114.0101688,43.93,722.3
47.39,13.490,157.8378,-15.4198,203.8026,-6.0369,11.4674,4.9534,12.9593,22.6399172,114.0101804,43.47,776.1
47.50,13.597,147.5828,-1.4099,182.6877,-6.2441,12.5163,4.4008,13.9874,22.6399107,114.0101932,43.02,757.9
47.60,13.704,117.0744,-4.0911,184.8272,-6.3124,14.0593,4.1332,15.4114,22.6399054,114.0102062,42.66,658.6
47.71,13.811,74.4209,8.3178,198.1668,-6.9425,15.1115,5.2355,16.6300,22.6398999,114.0102206,42.25,683.0
47.82,13.917,30.6000,31.3028,191.4341,-7.6032,14.9676,6.3391,16.7880,22.6398932,114.0102358,41.71,797.4
47.92,14.024,-18.9775,48.7836,166.5228,-8.0678,14.5927,6.6418,16.6744,22.6398850,114.0102519,41.08,775.5
48.03,14.130,-66.4490,54.0212,136.6620,-8.5481,14.9037,6.1196,17.1811,22.6398770,114.0102668,40.49,837.8
48.13,14.235,-83.4866,55.3410,137.5864,-8.7755,16.0679,5.2689,18.3081,22.6398688,114.0102824,39.98,850.6
48.24,14.341,-44.7948,77.5834,185.5628,-8.5992,16.7380,4.4354,18.8177,22.6398604,114.0102991,39.56,805.8
48.35,14.446,63.0249,59.3034,285.8244,-8.0145,16.9302,4.1075,18.7313,22.6398526,114.0103161,39.20,756.8
48.45,14.552,88.1029,14.6352,285.3755,-7.4257,16.4296,4.7165,18.0298,22.6398453,114.0103331,38.85,715.5
48.56,14.656,119.4938,-23.7596,246.2954,-8.2004,16.2653,6.1799,18.2155,22.6398381,114.0103493,38.38,684.2
48.66,14.762,130.3061,-13.8867,218.3831,-8.8953,17.2098,6.5586,19.3727,22.6398296,114.0103670,37.81,703.5
48.77,14.868,123.6465,-4.0835,214.5348,-9.5896,18.1387,6.5726,20.5176,22.6398204,114.0103861,37.22,623.5
48.88,14.975,112.0961,-0.0163,220.6836,-9.8449,19.1741,6.3941,21.5538,22.6398109,114.0104062,36.65,428.8
48.98,15.080,94.9893,14.0506,236.3549,-9.7977,20.1758,6.8239,22.4290,22.6398016,114.0104274,36.09,390.8
49.09,15.185,82.7181,36.8322,250.2867,-9.6093,20.6264,7.2175,22.7549,22.6397924,114.0104479,35.48,315.8
49.19,15.291,88.2296,54.1392,267.4088,-9.3372,20.9211,7.1161,22.9101,22.6397834,114.0104685,34.88,290.6
49.30,15.396,101.2639,54.1695,278.1721,-8.9162,21.0112,6.7824,22.8248,22.6397750,114.0104891,34.30,275.5
49.40,15.502,112.6274,46.4681,281.2643,-9.0742,20.7335,6.6387,22.6323,22.6397666,114.0105097,33.74,287.0
49.51,15.606,111.2061,34.0188,265.7715,-9.8674,20.3372,6.4510,22.6046,22.6397578,114.0105296,33.22,280.1
49.61,15.712,106.4521,25.5225,247.5617,-10.8225,20.7732,6.9269,23.4233,22.6397481,114.0105497,32.68,254.4
49.72,15.817,105.5844,15.0397,237.2740,-11.5284,21.5631,7.4000,24.4514,22.6397377,114.0105700,32.10,231.4
49.82,15.924,102.6913,14.3255,236.5474,-11.7721,22.8035,7.7639,25.6629,22.6397267,114.0105916,31.48,239.3
49.93,16.029,100.1514,28.7226,253.1363,-11.9064,23.9404,8.1701,26.7377,22.6397157,114.0106140,30.83,242.8
50.04,16.136,101.9119,46.4406,273.9658,-11.6443,24.1181,7.8748,26.7820,22.6397045,114.0106373,30.17,222.1
50.14,16.242,109.4953,42.2606,284.3988,-11.0209,24.0690,7.4935,26.4722,22.6396940,114.0106602,29.58,211.3
50.25,16.348,108.0278,36.9427,275.6302,-10.9744,23.6848,7.2511,26.1038,22.6396839,114.0106828,29.02,227.7
50.35,16.453,104.2202,25.3968,258.8515,-11.6836,23.5832,7.4679,26.3187,22.6396736,114.0107046,28.48,254.9
50.46,16.559,100.5772,20.0037,242.0035,-12.5200,24.1157,7.9690,27.1720,22.6396623,114.0107269,27.90,230.6
50.57,16.666,99.6545,18.6517,236.2733,-12.9687,25.1387,8.4153,28.2868,22.6396510,114.0107469,27.53,219.3
50.67,16.772,99.0113,30.4314,243.9600,-13.3297,26.0797,8.7677,29.2888,22.6396389,114.0107704,26.88,231.8
50.78,16.878,102.4543,45.5937,264.5394,-13.6048,26.5511,8.9016,29.8337,22.6396266,114.0107941,26.23,235.7
50.88,16.984,110.1319,50.1971,285.3582,-13.1639,26.6355,8.3529,29.7110,22.6396143,114.0108181,25.60,214.6
50.99,17.090,112.3447,45.3253,286.3342,-12.5394,26.5194,7.9901,29.3346,22.6396027,114.0108414,25.05,218.8
51.10,17.196,109.8972,34.2484,271.8306,-12.7649,25.8945,7.7179,28.8698,22.6395914,114.0108644,24.54,250.1
51.20,17.301,105.4452,22.1159,253.3097,-13.6369,26.1213,8.2319,29.4667,22.6395796,114.0108865,24.04,253.5
51.31,17.408,102.0459,17.1408,241.8656,-14.3885,27.0077,8.7218,30.6014,22.6395669,114.0109091,23.48,225.2
51.41,17.513,98.4919,22.8435,242.6493,-14.6889,28.0202,9.1069,31.6369,22.6395540,114.0109321,22.91,225.6
51.52,17.620,99.4228,35.7790,259.3241,-14.8773,28.6332,9.3869,32.2675,22.6395408,114.0109559,22.30,246.7
51.62,17.725,106.6808,48.4600,280.1288,-14.7560,28.7024,9.1070,32.2733,22.6395277,114.0109792,21.73,238.3
51.73,17.832,116.0543,47.2608,293.5092,-14.3189,28.8072,8.7113,32.1697,22.6395148,114.0110026,21.19,211.4
51.84,17.937,116.8184,42.8244,289.6427,-14.0354,28.4186,8.2161,31.6956,22.6395026,114.0110251,20.74,220.5
51.94,18.044,113.2838,27.3203,274.8324,-14.3792,27.9041,8.1733,31.3911,22.6394903,114.0110469,20.32,251.9
52.05,18.149,108.4310,18.4780,258.3131,-15.1858,28.0872,8.5982,31.9296,22.6394777,114.0110677,19.91,244.9
52.15,18.254,104.1992,14.1964,247.9375,-15.8054,28.7661,9.0112,32.8222,22.6394644,114.0110886,19.47,216.1
52.26,18.360,101.9789,17.5537,249.2767,-16.0576,29.7360,9.2808,33.7947,22.6394508,114.0111099,19.01,230.0
52.36,18.465,103.3155,29.1596,265.3300,-16.3576,30.2981,9.4444,34.4318,22.6394371,114.0111314,18.56,255.7
52.47,18.571,111.1327,40.0748,290.0297,-16.3498,30.2246,9.1771,34.3634,22.6394232,114.0111529,18.12,242.6
52.58,18.676,118.3638,37.4450,302.8182,-15.8191,30.1811,8.6875,34.0756,22.6394099,114.0111735,17.75,218.2
52.68,18.782,117.1785,32.4053,298.4085,-15.3512,29.6881,8.1025,33.4222,22.6393970,114.0111937,17.45,226.6
52.79,18.887,111.5159,14.4111,284.0541,-15.6785,28.9470,7.9859,32.9203,22.6393845,114.0112123,17.22,259.9
52.89,18.995,104.3511,1.3610,267.0915,-16.4506,28.6982,8.2884,33.0788,22.6393733,114.0112186,17.61,255.9
53.00,19.100,100.5171,-3.3935,256.2524,-17.0110,29.4088,8.6830,33.9743,22.6393598,114.0112357,17.37,225.4
53.11,19.206,98.6942,-1.3845,255.4352,-17.2072,30.2125,8.7967,34.7690,22.6393458,114.0112533,17.12,232.9
53.21,19.311,100.4209,12.0652,267.9657,-17.2750,30.7807,8.9121,35.2969,22.6393322,114.0112707,16.90,254.3
53.32,19.417,104.8201,34.0746,283.7986,-17.2687,30.7439,8.8061,35.2618,22.6393182,114.0112883,16.67,236.4
53.42,19.523,111.7006,39.8332,296.1866,-16.6920,30.3840,8.1213,34.6672,22.6393049,114.0113048,16.52,210.4
53.53,19.629,115.7122,33.1202,296.5394,-16.3126,29.7684,7.6150,33.9449,22.6392921,114.0113205,16.45,228.5
53.63,19.735,112.0661,20.9011,281.6527,-16.6677,28.7976,7.3581,33.2734,22.6392795,114.0113350,16.44,248.4
53.74,19.840,105.4934,10.7880,265.3359,-17.4752,28.7557,7.6869,33.6492,22.6392663,114.0113484,16.43,243.7
53.85,19.946,100.8388,5.4172,255.8889,-17.9842,29.3033,7.9824,34.3819,22.6392526,114.0113617,16.40,224.9
53.95,20.053,99.8061,9.6923,259.5879,-18.1363,30.0384,8.0617,35.0889,22.6392386,114.0113754,16.37,224.2
54.06,20.158,101.8231,26.1999,279.4608,-18.4357,30.2463,7.9134,35.4220,22.6392246,114.0113889,16.36,241.3
54.16,20.264,97.2119,35.7175,291.0893,-18.1973,29.4050,6.9940,34.5803,22.6392107,114.0114013,16.44,240.2
54.27,20.369,91.0387,23.3472,295.3467,-17.6686,29.1240,6.6212,34.0645,22.6391975,114.0114126,16.61,220.7
54.38,20.475,87.5359,11.5382,288.3300,-17.1626,28.8604,6.5027,33.5779,22.6391847,114.0114237,16.80,224.2
54.48,20.581,94.4691,1.5518,280.9807,-16.8121,28.6512,6.8597,33.2195,22.6391724,114.0114342,16.98,239.2
54.58,20.685,110.9502,-1.3243,271.6655,-17.0285,28.5012,7.5396,33.2007,22.6391604,114.0114439,17.13,226.5
54.69,20.792,127.6372,4.1632,263.9748,-17.9267,28.0686,7.6629,33.3048,22.6391477,114.0114534,17.23,246.2
54.80,20.897,131.2229,3.5233,255.6851,-18.7090,27.7667,7.0858,33.4816,22.6391345,114.0114617,17.38,277.1
54.90,21.003,127.2053,-5.0474,245.1567,-18.7790,27.3680,6.3681,33.1912,22.6391208,114.0114697,17.60,444.6
55.01,21.108,118.5478,-10.2760,234.4393,-18.4320,27.8851,5.7524,33.4263,22.6391074,114.0114773,17.90,555.4
55.11,21.214,102.8033,-4.4025,238.1526,-18.2898,28.6075,5.6085,33.9544,22.6390942,114.0114857,18.24,594.2
55.22,21.319,87.7599,16.9307,247.9644,-18.5262,28.8440,6.2872,34.2812,22.6390812,114.0114942,18.56,710.7
55.33,21.425,79.2226,49.3115,262.7937,-19.1808,28.2414,7.1709,34.1392,22.6390677,114.0115026,18.80,764.1
55.43,21.530,150.4577,80.9200,357.9455,-19.3106,27.2286,7.1141,33.3811,22.6390540,114.0115097,18.99,825.7
55.54,21.636,-154.0608,69.6385,72.9385,-19.2180,26.6405,5.7840,32.8489,22.6390401,114.0115164,19.24,930.1
55.64,21.742,165.2973,74.8422,48.4288,-18.9690,26.3997,4.5689,32.5079,22.6390264,114.0115228,19.62,980.7
55.75,21.848,90.6761,63.4655,341.3234,-18.4071,26.2538,4.0353,32.0637,22.6390131,114.0115288,20.11,973.6
55.85,21.954,80.3210,26.8036,319.1283,-17.7213,25.7924,3.9258,31.2937,22.6390006,114.0115343,20.64,956.8
55.96,22.060,97.7654,-20.4240,295.4569,-17.1398,24.9492,4.8025,30.2694,22.6389886,114.0115395,21.11,821.1
56.07,22.166,157.8153,-29.4270,228.9835,-18.1645,24.5582,5.8909,30.5459,22.6389766,114.0115438,21.45,742.1
56.17,22.272,176.2091,-1.1006,196.7476,-18.8851,24.2786,5.4757,30.7587,22.6389635,114.0115479,21.76,727.8
56.28,22.379,159.5710,7.5278,182.4971,-18.4081,24.0368,4.2231,30.2758,22.6389548,114.0115317,23.03,623.0
56.38,22.485,128.1960,5.9875,187.4722,-17.4757,24.8798,3.4913,30.4040,22.6389680,114.0115459,23.96,576.1
56.49,22.590,94.5642,13.9019,201.4762,-17.7711,25.4430,3.8729,31.0348,22.6389601,114.0115533,24.51,541.0
56.60,22.696,66.1798,32.6346,212.4198,-17.7094,25.1544,4.4586,30.7631,22.6389701,114.0115678,25.30,467.9
56.70,22.802,45.1655,54.7179,224.4597,-18.2050,24.3073,4.7017,30.3689,22.6389566,114.0115736,25.62,483.0
56.81,22.907,28.4208,70.0744,233.9428,-18.3206,23.5288,3.7984,29.8203,22.6389429,114.0115788,25.97,578.2
56.91,23.013,28.7449,69.6932,252.7499,-17.8690,23.0863,2.9118,29.1938,22.6389292,114.0115841,26.38,611.1
57.02,23.118,43.4358,53.0915,272.1363,-17.2444,22.6354,2.1351,28.4557,22.6389160,114.0115889,26.88,590.1
57.12,23.224,63.3445,23.2792,280.4280,-16.4298,22.1063,1.8502,27.5432,22.6389034,114.0115938,27.42,574.6
57.23,23.329,98.3694,-18.8216,263.4895,-16.0516,20.9048,2.8744,26.3565,22.6388916,114.0115978,27.92,573.1
57.33,23.435,165.8243,-26.9391,198.9884,-17.0923,21.0678,4.0376,27.1293,22.6388792,114.0116015,28.26,584.8
57.44,23.540,-175.2351,2.2484,175.0449,-17.5892,21.0948,3.7614,27.4658,22.6388662,114.0116057,28.55,608.8
57.55,23.647,173.9954,12.8655,162.2760,-17.2466,20.7953,2.7853,27.0165,22.6388529,114.0116099,28.91,592.3
57.65,23.752,146.4923,2.9951,166.1483,-16.4964,21.2569,2.0398,26.9070,22.6388552,114.0116205,29.57,561.9
57.76,23.858,113.0237,3.3826,185.8216,-16.6500,21.9401,2.1570,27.5425,22.6388515,114.0116297,30.15,488.6
57.86,23.964,85.6067,12.6820,203.5326,-16.8603,21.9068,2.6843,27.6437,22.6388510,114.0116409,30.72,400.3
57.97,24.070,70.3435,25.1598,220.7072,-16.8564,21.3283,2.8427,27.1852,22.6388520,114.0116528,31.26,384.5
58.08,24.175,57.8385,34.5863,232.1191,-17.1217,20.6938,2.5401,26.8586,22.6388384,114.0116586,31.58,433.4
58.18,24.282,44.2734,38.5464,240.6845,-17.0412,20.2249,2.0497,26.4471,22.6388245,114.0116643,31.93,482.1
58.29,24.387,34.9963,32.6444,238.8463,-16.5559,19.6753,1.2057,25.7141,22.6388111,114.0116698,32.33,476.2
58.39,24.492,54.6898,18.3563,250.9158,-15.9794,18.9383,0.6739,24.7790,22.6387983,114.0116744,32.81,454.5
58.50,24.598,82.9820,-6.3582,253.9133,-15.3605,18.1759,1.0611,23.7972,22.6387859,114.0116789,33.29,446.7
58.60,24.703,127.2775,-23.5403,230.4355,-15.4058,17.6732,2.4297,23.4453,22.6387739,114.0116830,33.65,454.3
58.71,24.810,175.8374,-11.7285,196.6665,-16.2967,17.8767,3.2000,24.1901,22.6387611,114.0116875,33.85,472.2
58.81,24.915,-176.4387,13.8798,183.1807,-16.6384,17.5806,2.5572,24.2056,22.6387479,114.0116920,34.05,504.4
58.92,25.021,163.7848,15.6271,173.3658,-16.2831,17.3139,1.4056,23.7679,22.6387369,114.0116834,34.84,503.4
59.03,25.128,134.2192,9.7350,174.9760,-15.9889,18.0391,1.0574,24.1050,22.6387405,114.0117108,34.94,475.8
59.13,25.235,108.5651,5.2122,186.9092,-15.9597,18.4670,1.1724,24.4078,22.6387427,114.0117242,35.47,426.7
59.24,25.342,86.3396,9.9892,205.1446,-15.7069,18.5482,1.5828,24.3052,22.6387601,114.0117456,36.13,376.2
59.35,25.448,68.2837,23.9865,224.3948,-15.8166,17.9630,1.8174,23.9339,22.6387575,114.0117573,36.51,392.3
59.45,25.554,48.1585,44.0484,229.6487,-15.7430,17.2854,1.6789,23.3800,22.6387443,114.0117636,36.74,454.6
59.56,25.661,29.6185,47.0277,224.1635,-15.5943,16.4848,0.7788,22.6921,22.6387328,114.0117590,37.40,481.3
59.67,25.766,40.3948,37.4704,237.2340,-15.1508,15.9375,0.2809,21.9898,22.6387199,114.0117651,37.72,466.4
59.77,25.872,59.8818,23.8859,243.8499,-14.6690,15.0942,0.0086,21.0479,22.6387074,114.0117706,38.08,455.6
59.88,25.977,94.3278,-4.2010,245.0184,-14.2136,13.9305,0.9423,19.9019,22.6386955,114.0117752,38.40,445.7
59.98,26.083,145.9455,-17.5024,212.5045,-14.9692,14.0690,2.2839,20.5430,22.6386834,114.0117796,38.56,436.3
60.09,26.188,166.5258,4.3194,190.4820,-15.6192,14.2801,1.7411,21.1632,22.6386706,114.0117843,38.68,444.8
60.19,26.293,156.2014,10.8152,181.6318,-15.3700,14.3470,0.5939,21.0255,22.6386574,114.0117894,38.90,448.1
60.30,26.398,130.7780,8.6694,187.1205,-14.7074,14.9865,0.3771,20.9977,22.6386722,114.0118093,39.43,429.5
60.41,26.505,106.9481,13.3947,199.7295,-14.4540,15.3790,0.8529,21.1053,22.6386928,114.0118332,39.98,384.9
60.51,26.612,93.3466,18.9116,216.4054,-14.4304,15.0695,1.2233,20.8645,22.6387082,114.0118550,40.40,327.9
60.62,26.717,85.2972,27.1204,235.5362,-14.7911,14.6126,1.4199,20.7919,22.6386958,114.0118618,40.55,307.9
60.72,26.822,67.3393,44.6681,236.8994,-14.7845,13.9121,1.2860,20.3010,22.6386832,114.0118682,40.67,320.3
60.83,26.928,60.2838,47.8731,246.6930,-14.6864,13.3845,0.4997,19.8705,22.6386704,114.0118745,40.84,317.6
60.93,27.033,55.0688,36.4743,246.8653,-14.2223,12.7022,-0.1535,19.0688,22.6386580,114.0118804,41.07,296.2
61.04,27.140,67.9722,16.0546,250.9507,-13.7510,11.8949,-0.2129,18.1818,22.6386460,114.0118859,41.34,277.6
61.14,27.245,88.3473,-2.2851,246.2225,-13.4951,11.3158,0.3130,17.6115,22.6386345,114.0118905,41.58,272.1
61.25,27.351,109.5874,-9.3189,235.4917,-13.6744,11.1259,0.9420,17.6288,22.6386228,114.0118950,41.74,283.9
61.36,27.456,127.3416,-9.9102,223.5262,-14.1222,11.1195,1.3213,17.9744,22.6386110,114.0118993,41.85,301.4
61.46,27.562,132.9993,-3.3564,217.7046,-14.4525,11.3464,1.2772,18.3743,22.6385987,114.0119040,41.94,300.4
61.57,27.667,126.9467,5.6700,217.1775,-14.6960,11.6119,1.0182,18.7299,22.6385863,114.0119089,42.04,287.4
61.67,27.773,108.0870,9.1083,224.8170,-14.9721,11.9167,1.0778,19.1356,22.6385734,114.0119144,42.15,286.5
61.78,27.879,86.7300,28.2000,234.0817,-15.2674,11.4550,1.5884,19.0869,22.6385604,114.0119199,42.22,301.2
61.88,27.985,73.8364,48.2402,239.6791,-15.1990,10.8107,1.2231,18.6516,22.6385474,114.0119244,42.28,328.0
61.99,28.090,64.4523,48.5809,245.7333,-15.1315,10.0751,0.2120,18.1788,22.6385343,114.0119289,42.41,332.2
62.09,28.195,64.5440,32.4688,252.5759,-14.5886,9.3392,-0.0560,17.3219,22.6385216,114.0119327,42.61,327.0
62.20,28.301,80.5925,10.1887,257.1167,-14.1488,8.4103,0.2247,16.4597,22.6385092,114.0119359,42.80,313.2
62.31,28.406,106.2221,-10.3927,249.1678,-13.9938,8.0934,1.2622,16.1657,22.6384974,114.0119384,42.91,287.6
62.41,28.513,127.9672,6.0543,227.8757,-14.5947,8.0468,1.6493,16.6660,22.6384864,114.0119355,43.11,278.8
62.52,28.618,129.9632,16.8275,218.3081,-14.9289,8.1118,1.3164,16.9904,22.6384738,114.0119382,43.13,296.7
62.62,28.723,126.1554,21.6846,216.8256,-15.0576,8.1481,0.7511,17.1208,22.6384609,114.0119411,43.19,285.1
62.73,28.828,116.7512,20.3676,221.2273,-15.2992,8.1433,0.5627,17.3315,22.6384480,114.0119441,43.30,290.6
62.83,28.935,104.1495,18.7138,229.7930,-15.6386,7.9773,0.9072,17.5557,22.6384346,114.0119471,43.40,295.2
62.94,29.040,92.2880,26.0592,239.4951,-15.8166,7.7127,1.4195,17.5969,22.6384211,114.0119498,43.44,294.2
63.05,29.147,83.1305,39.9382,251.6455,-15.8258,7.1858,1.3852,17.3808,22.6384075,114.0119523,43.46,300.1
63.15,29.252,82.0870,43.3457,258.1488,-15.3830,6.3025,0.4329,16.6240,22.6383941,114.0119542,43.52,309.0
63.26,29.359,95.4776,14.7053,265.2294,-14.9253,5.2907,0.4820,15.8353,22.6383812,114.0119551,43.64,324.8
63.36,29.464,118.1274,-13.8099,257.3487,-14.7035,4.7896,1.4715,15.4639,22.6383687,114.0119554,43.70,339.6
63.47,29.569,147.3730,-13.9315,229.4652,-15.2690,4.6076,1.8420,15.9490,22.6383561,114.0119555,43.66,345.9
63.58,29.676,149.0784,-0.7367,215.2227,-15.5289,4.5279,1.3129,16.1755,22.6383430,114.0119555,43.64,349.6
63.68,29.780,136.7331,4.1992,213.2077,-15.6552,4.7220,0.8742,16.3518,22.6383300,114.0119555,43.68,354.1
63.79,29.886,116.5547,8.7689,220.4898,-15.8614,5.0973,1.0560,16.6603,22.6383166,114.0119559,43.73,337.6
63.89,29.991,100.2110,18.3200,232.4660,-16.3349,4.9709,1.6048,17.0745,22.6383032,114.0119564,43.74,326.1
64.00,30.097,94.4758,29.3360,251.6229,-16.6267,4.5103,2.0983,17.2276,22.6382892,114.0119567,43.69,373.7
64.10,30.203,96.2508,47.1064,270.7915,-16.6945,3.7272,1.7148,17.1056,22.6382751,114.0119567,43.62,428.6
64.21,30.309,89.2135,44.1409,276.6173,-16.4571,2.8289,0.7409,16.6985,22.6382611,114.0119558,43.63,433.2
64.31,30.414,80.7748,23.2170,278.1538,-15.8356,1.9961,0.6074,15.9609,22.6382476,114.0119542,43.70,422.2
64.42,30.520,93.1265,-8.9668,275.2243,-15.0426,1.1366,1.2763,15.0854,22.6382347,114.0119517,43.75,420.4
64.53,30.625,139.9954,-32.8164,238.7642,-15.5015,0.8739,2.5839,15.5262,22.6382224,114.0119485,43.68,423.1
64.63,30.731,170.9579,-9.2325,206.2063,-16.3264,0.7801,2.4917,16.3450,22.6382092,114.0119453,43.53,429.6
64.74,30.836,170.5385,4.5668,196.1787,-16.3470,0.5958,1.6600,16.3579,22.6381960,114.0119417,43.45,454.0
64.84,30.942,150.6164,4.2012,196.0104,-16.1657,0.9341,0.9737,16.1927,22.6381827,114.0119383,43.47,440.4
64.95,31.049,126.4106,5.0166,207.6446,-16.4215,1.3067,1.3497,16.4734,22.6381693,114.0119354,43.49,423.2
65.06,31.155,109.0865,10.6719,223.4240,-16.8365,1.3635,2.0684,16.8917,22.6381559,114.0119328,43.45,384.9
65.16,31.261,100.0735,24.7453,245.8933,-17.1679,0.6350,2.5763,17.1797,22.6381447,114.0119259,43.48,381.9
65.27,31.366,96.4075,42.1401,266.2026,-17.1334,-0.4413,2.0010,17.1391,22.6381311,114.0119222,43.38,385.6
65.37,31.472,91.8216,35.3227,271.5507,-16.5824,-1.5752,1.2484,16.6570,22.6381176,114.0119175,43.34,383.6
65.48,31.577,97.3191,11.9296,271.6048,-15.9288,-2.4908,1.5145,16.1224,22.6381049,114.0119119,43.34,381.4
65.58,31.683,121.6254,-19.7355,259.9962,-15.7681,-3.2130,2.6432,16.0921,22.6380928,114.0119053,43.26,385.5
65.69,31.789,158.3989,-15.7318,216.8006,-16.6589,-3.3007,2.8488,16.9827,22.6380804,114.0118983,43.09,377.7
65.80,31.895,159.4096,-3.4832,201.7306,-16.7343,-3.2639,2.3197,17.0497,22.6380676,114.0118913,42.96,364.7
65.90,32.001,144.8027,0.0019,201.4310,-16.6172,-3.1028,1.9324,16.9044,22.6380551,114.0118845,42.89,375.1
66.01,32.107,124.7551,3.4182,211.9373,-16.8382,-2.8558,2.1968,17.0787,22.6380426,114.0118779,42.82,386.1
66.11,32.212,107.7143,12.4789,228.5581,-17.2030,-3.0501,2.8604,17.4713,22.6380302,114.0118716,42.71,416.3
66.22,32.318,100.2280,24.2870,246.5515,-17.4660,-3.6747,3.1138,17.8483,22.6380173,114.0118648,42.53,435.8
66.32,32.423,98.6246,35.9768,260.9354,-17.3716,-4.6531,2.4145,17.9840,22.6380046,114.0118575,42.38,441.3
66.43,32.529,97.8826,16.8949,268.8842,-17.0349,-5.8293,1.8612,18.0047,22.6379919,114.0118491,42.31,452.1
66.53,32.635,104.2980,-15.1430,266.4087,-16.3504,-6.6935,2.5503,17.6674,22.6379805,114.0118395,42.24,474.7
66.64,32.741,144.5200,-42.6298,234.5895,-16.4297,-7.2092,3.8134,17.9418,22.6379694,114.0118293,42.06,486.2
66.75,32.846,-173.5842,-23.0043,192.3790,-17.0995,-7.1671,3.8188,18.5407,22.6379582,114.0118193,41.81,500.7
66.85,32.952,-175.8650,-1.6449,181.9471,-17.1147,-7.5370,3.0669,18.7007,22.6379466,114.0118091,41.60,531.1
66.96,33.057,160.3381,0.9534,185.1548,-16.7215,-7.5157,2.2357,18.3329,22.6379356,114.0117989,41.49,533.1
67.06,33.162,126.4520,5.2330,204.3784,-16.7938,-6.8516,2.4947,18.1377,22.6379373,114.0117937,41.43,545.1
67.17,33.269,98.2801,20.0120,217.2576,-16.5586,-7.0748,3.6563,18.0067,22.6380248,114.0118199,41.35,507.3
67.28,33.375,85.6592,38.5404,238.7966,-17.1169,-7.7533,4.3109,18.7910,22.6380145,114.0118102,41.09,607.7
67.38,33.480,76.2662,66.3823,261.0963,-17.4383,-8.9439,3.8303,19.5982,22.6380040,114.0117999,40.81,739.2
67.49,33.586,70.8724,62.0595,281.2701,-16.8991,-10.2833,2.8889,19.7820,22.6379939,114.0117884,40.63,752.6
67.59,33.691,67.5850,25.8442,294.9625,-15.9883,-11.3936,2.8674,19.6326,22.6379842,114.0117759,40.50,729.3
67.70,33.796,76.6516,-22.4012,296.5537,-15.2352,-12.3230,3.7689,19.5951,22.6379761,114.0117626,40.34,750.8
67.80,33.903,163.4853,-73.2099,221.1327,-15.8066,-12.3205,5.5036,20.0411,22.6379762,114.0117482,40.20,785.2
67.91,34.008,-131.6148,-38.0738,149.3189,-16.5764,-12.2587,5.0920,20.6168,22.6379688,114.0117354,39.83,792.1
68.01,34.114,-147.1839,-14.7459,144.0613,-16.4843,-12.8436,4.3731,20.8971,22.6379612,114.0117225,39.52,804.6
68.12,34.219,-172.1216,-17.5666,149.1577,-15.8337,-13.3500,3.7495,20.7105,22.6379548,114.0117095,39.30,772.1
68.23,34.326,149.1311,-28.1168,178.7263,-15.1496,-13.2588,3.6517,20.1323,22.6380082,114.0117098,39.02,751.7
68.33,34.433,109.4377,-19.9988,220.9405,-15.3519,-13.1454,4.2863,20.2110,22.6380452,114.0117058,38.72,608.3
68.44,34.539,93.6546,0.0883,252.4782,-15.6093,-13.2896,4.8387,20.5003,22.6380409,114.0116938,38.46,662.8
68.54,34.644,88.9558,23.8560,266.6626,-15.8707,-14.3723,4.8439,21.4113,22.6380364,114.0116816,38.16,705.4
68.65,34.750,76.6116,29.1369,268.3662,-15.7546,-15.9951,4.3786,22.4510,22.6380325,114.0116684,37.90,710.0
68.76,34.856,70.0909,2.0828,272.6033,-15.1295,-17.5696,4.6861,23.1861,22.6380296,114.0116542,37.66,673.7
68.86,34.962,79.4857,-43.7120,276.5245,-14.3403,-18.3170,5.9051,23.2628,22.6380279,114.0116391,37.35,639.6
68.97,35.068,-166.4782,-60.0275,175.6678,-14.6993,-17.8638,7.3025,23.1341,22.6380272,114.0116246,36.89,641.6
69.07,35.174,-149.5652,-4.0217,159.2276,-15.3927,-17.9185,6.8811,23.6222,22.6380264,114.0116111,36.38,663.1
69.18,35.280,-164.0913,18.7051,158.4257,-14.9121,-18.8700,5.8897,24.0509,22.6380265,114.0115979,35.97,689.9
69.28,35.385,167.7018,12.3641,163.1130,-13.9765,-19.1008,4.9984,23.6682,22.6380281,114.0115849,35.68,681.2
69.39,35.491,134.7188,10.0687,180.8185,-13.7945,-18.5277,5.2443,23.0990,22.6380500,114.0115693,35.24,681.5
69.50,35.596,105.4522,25.8901,204.6773,-14.4071,-18.2548,6.4116,23.2551,22.6380663,114.0115548,34.77,561.7
69.60,35.702,91.8157,45.0964,237.6558,-15.3757,-19.2102,7.1611,24.6057,22.6380781,114.0115401,34.22,621.1
69.71,35.808,79.6053,60.4284,257.8136,-15.3499,-21.0320,6.5346,26.0377,22.6380820,114.0115294,33.80,652.0
69.81,35.913,75.9077,43.2899,265.3540,-14.3613,-22.6377,6.1231,26.8088,22.6380872,114.0115179,33.47,641.4
69.92,36.019,85.9742,0.8068,272.1842,-13.4291,-24.0151,6.6619,27.5149,22.6380933,114.0115052,33.13,615.4
70.03,36.125,122.5964,-44.8852,250.2107,-12.8232,-24.1235,8.2285,27.3199,22.6381017,114.0114934,32.70,562.2
70.13,36.231,-166.6541,-24.9645,188.6468,-13.7046,-23.7849,8.6561,27.4507,22.6381106,114.0114828,32.15,550.3
70.24,36.336,-148.5767,12.7257,174.2251,-14.0171,-24.0996,8.1843,27.8796,22.6381203,114.0114741,31.65,574.9
70.34,36.441,-146.6893,35.0080,170.2762,-13.4649,-24.6977,7.8300,28.1297,22.6381310,114.0114661,31.20,591.7
70.45,36.547,-158.5275,44.2065,165.9026,-12.8660,-24.8681,7.6026,27.9992,22.6381433,114.0114589,30.80,564.9
70.55,36.653,-165.3220,37.9359,166.0743,-12.3734,-24.9403,7.5351,27.8410,22.6381570,114.0114530,30.43,489.1
70.66,36.759,175.8466,12.6839,175.1848,-11.8532,-24.8388,6.9591,27.5221,22.6381991,114.0114708,30.55,373.1
70.76,36.864,147.4732,-6.9177,200.2795,-11.9363,-24.8543,7.4538,27.5720,22.6382157,114.0114692,30.27,365.6
70.87,36.970,127.5509,-9.9624,223.7984,-11.7038,-25.4675,8.0088,28.0281,22.6382330,114.0114684,29.92,396.3
70.97,37.075,115.4189,-9.1461,241.5266,-11.3925,-26.0847,8.1707,28.4641,22.6382513,114.0114685,29.55,444.9
71.08,37.181,109.9842,-12.1499,257.0315,-10.7206,-26.7952,8.3408,28.8603,22.6382710,114.0114695,29.18,469.7
71.19,37.287,122.0623,-26.5121,254.1868,-9.9759,-27.5360,8.7399,29.2874,22.6382920,114.0114712,28.81,444.3
71.29,37.393,153.7911,-35.5432,232.0854,-9.4713,-27.6148,9.1895,29.1939,22.6383147,114.0114745,28.40,410.6
71.40,37.498,-175.4389,-25.3026,212.7783,-9.6854,-28.0285,9.5489,29.6547,22.6383381,114.0114792,27.98,410.7
71.50,37.604,-149.0453,3.7636,191.2754,-10.2305,-28.2466,9.4931,30.0422,22.6383617,114.0114850,27.53,438.7
71.61,37.710,-147.1404,25.0632,174.9567,-9.6541,-28.6740,8.9114,30.2555,22.6383863,114.0114927,27.16,472.9
71.72,37.816,-167.1752,24.9463,168.8623,-8.7808,-28.7058,8.5089,30.0187,22.6384124,114.0115016,26.86,481.8
71.82,37.922,171.8440,14.7275,175.7421,-8.0878,-28.4533,8.3204,29.5805,22.6384398,114.0115126,26.61,431.7
71.93,38.028,153.4395,6.0452,195.2676,-7.8041,-28.1271,8.4668,29.1897,22.6384682,114.0115255,26.37,432.5
72.03,38.133,135.3408,-4.0648,227.0974,-7.6133,-27.7684,8.7090,28.7931,22.6384972,114.0115405,26.14,510.2
72.14,38.239,116.6901,-3.9462,268.5682,-7.5026,-27.9984,9.0980,28.9862,22.6385266,114.0115569,25.89,592.4
72.25,38.345,118.2680,11.3090,290.4139,-7.0912,-28.5845,9.1028,29.4510,22.6385569,114.0115748,25.64,610.7
72.35,38.451,118.8859,13.4219,297.4174,-6.2580,-29.6673,8.7520,30.3201,22.6385880,114.0115933,25.42,607.0
72.46,38.556,116.8816,-28.9231,280.5442,-5.5466,-30.9762,9.3412,31.4689,22.6386187,114.0116103,25.20,602.7
72.56,38.661,-179.2746,-56.6524,214.2929,-5.3112,-30.5218,10.3268,30.9805,22.6386509,114.0116296,24.92,589.6
72.67,38.767,-137.2016,-11.2299,175.1957,-5.8183,-30.2782,10.3477,30.8322,22.6386832,114.0116511,24.59,576.8
72.77,38.872,-131.8194,20.9458,167.5529,-5.3051,-30.4126,9.8607,30.8719,22.6387159,114.0116748,24.34,588.5
72.88,38.978,-150.4995,27.6938,158.7518,-4.2285,-30.7891,9.2384,31.0781,22.6387493,114.0116993,24.15,607.5
72.98,39.084,-177.8040,19.3098,165.1252,-2.8097,-29.7755,8.6403,29.9078,22.6388213,114.0117841,24.89,568.7
73.09,39.189,160.3555,14.4532,184.7034,-2.3052,-28.9604,8.5765,29.0520,22.6388559,114.0118134,24.84,467.5
73.19,39.295,145.1013,15.1054,215.4333,-2.2267,-28.2940,8.8334,28.3815,22.6388906,114.0118448,24.79,431.2
73.30,39.400,141.3955,23.5702,253.8734,-2.3101,-28.1615,9.0292,28.2561,22.6389252,114.0118786,24.75,519.0
73.41,39.506,138.3668,22.9299,280.0892,-2.0528,-29.0318,8.5713,29.1042,22.6389584,114.0119109,24.70,547.5
73.51,39.611,126.4926,15.5651,281.2748,-1.4459,-30.0259,8.2269,30.0607,22.6389919,114.0119438,24.72,537.3
73.62,39.717,115.4813,-15.9404,271.7036,-0.7679,-30.7824,8.6969,30.7920,22.6390250,114.0119758,24.74,525.4
73.72,39.822,138.2495,-52.5602,243.7624,-0.1673,-30.7421,9.8071,30.7425,22.6390578,114.0120081,24.69,524.5
73.83,39.928,-159.2396,-33.9677,186.1798,-0.3246,-30.1074,10.3925,30.1091,22.6390903,114.0120416,24.55,509.2
73.93,40.033,-152.1670,7.5383,170.9984,-0.2269,-29.9109,9.7827,29.9118,22.6391221,114.0120772,24.45,508.4
74.04,40.139,-163.1643,22.7087,165.8586,0.6680,-29.9638,9.0948,29.9712,22.6391537,114.0121129,24.41,507.8
74.14,40.245,177.1006,17.6123,175.1170,1.6157,-29.6475,8.4588,29.6915,22.6391853,114.0121495,24.47,475.5
74.25,40.351,156.3479,13.1880,195.6384,1.9390,-28.8509,8.3594,28.9160,22.6392163,114.0121865,24.57,415.6
74.36,40.457,143.9360,12.6645,217.5396,1.9095,-28.4158,8.5234,28.4799,22.6392464,114.0122247,24.67,371.0
74.46,40.563,138.6726,11.7254,240.3692,2.0189,-28.4876,8.4327,28.5591,22.6392755,114.0122630,24.76,432.2
74.57,40.669,132.4860,12.5320,253.3587,2.2368,-29.0329,8.1654,29.1189,22.6393038,114.0123019,24.90,451.9
74.67,40.774,126.4802,8.1248,260.6898,2.7902,-29.4154,8.4123,29.5475,22.6393306,114.0123387,25.03,447.9
74.78,40.879,132.6208,-6.1875,256.7165,3.4074,-30.2857,8.6291,30.4767,22.6393572,114.0123758,25.15,442.2
74.88,40.984,160.1972,-33.8395,221.4512,3.2364,-30.6940,9.4561,30.8641,22.6393823,114.0124108,25.21,449.3
74.99,41.090,-148.8067,-18.7065,158.3109,2.9099,-29.5993,9.7846,29.7420,22.6394058,114.0124462,25.17,462.8
75.10,41.196,-148.8440,22.1677,147.0810,3.2378,-29.3682,9.0611,29.5461,22.6394285,114.0124831,25.20,480.4
75.20,41.304,-166.7371,30.8792,143.2127,4.3332,-28.9451,8.1778,29.2676,22.6394675,114.0125854,26.31,484.7
75.31,41.409,174.5427,24.1120,157.0087,5.2226,-28.5312,7.7184,29.0052,22.6394876,114.0126214,26.48,481.6
75.41,41.515,158.8032,22.0544,181.5085,5.3460,-27.6509,7.6520,28.1629,22.6395067,114.0126572,26.68,422.5
75.52,41.620,148.4340,27.3928,208.7532,5.2037,-26.9889,8.0398,27.4859,22.6395243,114.0126935,26.86,341.3
75.63,41.726,152.3593,29.5989,241.2359,4.8949,-27.0811,7.9338,27.5199,22.6395403,114.0127289,27.00,361.9
75.73,41.832,151.9631,29.5408,263.2996,4.9897,-27.9921,7.4728,28.4333,22.6395547,114.0127633,27.18,396.0
75.84,41.938,144.6616,22.3508,256.4030,5.3315,-28.5908,7.3533,29.0836,22.6395682,114.0127967,27.40,380.7
75.94,42.043,140.9005,10.4974,243.5560,5.5446,-29.0510,7.4389,29.5754,22.6395804,114.0128288,27.62,358.3
76.05,42.149,149.9473,-7.8315,227.7886,5.5685,-29.3558,8.0694,29.8793,22.6395912,114.0128586,27.78,338.0
76.15,42.254,179.6224,-17.3268,193.6483,5.1635,-29.0210,8.7698,29.4768,22.6396004,114.0128881,27.87,331.8
76.26,42.360,-161.6062,3.9769,167.7166,5.0703,-28.5401,8.4319,28.9870,22.6396080,114.0129176,27.92,352.4
76.37,42.466,-164.6760,17.9427,161.3017,5.3079,-28.4259,7.8661,28.9173,22.6396144,114.0129463,28.03,374.5
76.47,42.572,-176.3318,22.6103,163.5186,5.8028,-28.2625,7.5051,28.8520,22.6396198,114.0129745,28.19,360.1
76.58,42.678,172.6598,21.6619,173.4348,6.0348,-27.9076,7.1116,28.5527,22.6396242,114.0130024,28.39,341.2
76.68,42.783,157.8834,18.7938,187.5303,5.9020,-27.4459,6.8924,28.0733,22.6396183,114.0130391,28.33,318.4
76.79,42.889,139.6592,22.3577,210.0760,4.3530,-27.1920,7.3613,27.5383,22.6395814,114.0131010,27.54,340.4
76.90,42.996,127.7330,35.0993,230.6558,3.1119,-27.8402,7.6767,28.0135,22.6395497,114.0131507,27.13,391.8
77.00,43.103,124.5898,36.5695,239.6993,2.1002,-28.9494,7.4921,29.0254,22.6395081,114.0132006,26.69,405.3
77.11,43.210,124.1418,22.4479,231.0294,1.1505,-29.8196,7.5640,29.8418,22.6394706,114.0132483,26.45,422.5
77.22,43.316,134.9169,-1.5329,215.9229,0.2461,-30.2496,8.2200,30.2506,22.6394409,114.0132910,26.33,424.2
77.32,43.422,171.2330,-21.0488,182.4297,-0.8791,-29.7603,9.2718,29.7733,22.6394130,114.0133354,26.13,417.5
77.43,43.527,-164.5744,-0.7377,149.7540,-1.5089,-29.0818,8.6763,29.1209,22.6393884,114.0133855,25.90,424.5
77.53,43.633,-176.5976,13.5821,143.2199,-1.7544,-29.2701,7.8383,29.3226,22.6393620,114.0134462,25.59,437.1
77.64,43.740,162.6096,16.7788,159.7452,-1.6088,-28.9288,7.5602,28.9735,22.6393347,114.0134954,25.56,447.9
77.75,43.847,147.8922,18.3532,177.6450,-2.0408,-28.1985,7.5403,28.2722,22.6393118,114.0135270,25.86,471.6
77.85,43.954,137.1991,22.1146,200.7768,-2.4019,-27.6900,7.5956,27.7939,22.6392922,114.0135529,26.24,464.4
77.96,44.061,132.4989,32.3245,238.5105,-3.4930,-27.7943,7.6315,28.0130,22.6392504,114.0135892,26.38,423.1
78.07,44.166,129.2568,28.7425,258.3217,-4.3021,-29.3075,7.1483,29.6216,22.6392002,114.0136241,26.53,411.3
78.17,44.272,129.8526,7.8828,245.2857,-5.5108,-30.0092,7.4761,30.5110,22.6391209,114.0136658,26.50,398.5
78.28,44.377,151.3953,-19.6551,220.0262,-6.6283,-30.0072,8.4193,30.7305,22.6390559,114.0137062,26.50,393.3
78.38,44.483,-170.0945,-18.3367,178.1967,-8.0119,-29.4058,8.5298,30.4778,22.6389969,114.0137497,26.40,389.4
78.49,44.590,-167.0403,-1.1508,163.9773,-8.6566,-29.2966,7.9515,30.5488,22.6389467,114.0137915,26.40,380.3
78.60,44.697,-178.9344,2.5881,159.0222,-8.8478,-29.2582,7.2584,30.5667,22.6389006,114.0138246,26.57,393.7
78.70,44.804,166.5441,1.8393,170.4816,-8.9282,-28.9043,7.0650,30.2519,22.6388581,114.0138474,26.89,382.8
78.81,44.911,156.4121,1.5727,188.7742,-9.2784,-28.3740,7.1446,29.8525,22.6388144,114.0138693,27.21,346.7
78.92,45.017,150.6543,5.9031,211.7662,-10.1622,-27.9514,7.2314,29.7414,22.6387573,114.0138966,27.44,341.8
79.02,45.123,149.6220,17.5653,241.6259,-11.4879,-27.6793,7.3271,29.9686,22.6386719,114.0139270,27.60,390.7
79.13,45.228,151.9716,29.4145,268.1138,-12.9652,-28.4429,6.7046,31.2585,22.6385722,114.0139526,27.80,411.6
79.23,45.334,141.4702,21.3388,263.7693,-14.2752,-29.0685,6.4275,32.3845,22.6384637,114.0139740,28.02,410.6
79.34,45.441,134.3831,4.9101,250.1108,-15.5369,-29.8679,6.5442,33.6673,22.6383632,114.0139938,28.27,415.4
79.45,45.548,149.5572,-28.8133,221.8582,-16.8084,-30.0831,7.4990,34.4603,22.6382767,114.0140139,28.46,419.5
79.56,45.655,-171.3544,-24.5393,178.4929,-17.7863,-29.3521,7.9329,34.3205,22.6382066,114.0140328,28.58,414.3
79.66,45.761,-167.8038,-0.5112,163.4783,-18.4840,-29.2271,7.3121,34.5815,22.6381423,114.0140502,28.74,405.4
79.77,45.867,179.0894,6.7871,158.4396,-18.4832,-29.3586,6.4780,34.6923,22.6380847,114.0140604,29.02,401.1
79.87,45.971,160.0886,7.8889,171.1627,-18.3024,-29.1459,6.1397,34.4160,22.6380359,114.0140645,29.41,390.1
79.98,46.078,145.1131,10.9717,190.9081,-18.5004,-28.6520,6.2114,34.1058,22.6379962,114.0140666,29.79,367.2
80.09,46.185,139.7844,19.9634,213.9795,-19.0043,-28.3036,6.5065,34.0919,22.6379543,114.0140724,30.08,374.5
80.19,46.291,141.7890,22.9770,240.6313,-19.9879,-28.3070,6.4927,34.6526,22.6378856,114.0140814,30.30,385.6
80.30,46.398,139.6980,23.7505,256.2816,-21.2084,-29.0995,5.9195,36.0080,22.6377935,114.0140890,30.55,383.8
80.41,46.505,129.7478,12.9810,251.5988,-22.2974,-30.1068,5.7334,37.4646,22.6376988,114.0140933,30.80,391.3
80.51,46.612,128.8299,-21.8453,234.6708,-23.3820,-30.7749,6.4587,38.6499,22.6376118,114.0140964,31.02,380.2
80.62,46.719,164.4782,-41.0753,195.0226,-24.0113,-30.3443,7.2174,38.6952,22.6375372,114.0140997,31.14,367.5
80.73,46.826,176.2056,-17.6757,175.3156,-24.4016,-30.1811,6.7437,38.8116,22.6374782,114.0140995,31.27,354.7
80.83,46.933,166.4488,-4.8602,176.5258,-24.5656,-30.2710,5.9321,38.9846,22.6374258,114.0140968,31.46,347.7
80.94,47.040,148.9681,5.3983,190.5770,-24.4344,-30.0214,5.7713,38.7081,22.6373838,114.0140933,31.71,349.6
81.05,47.148,141.4690,7.8341,206.7983,-24.7096,-29.8272,6.1487,38.7328,22.6373434,114.0140919,31.90,347.6
81.16,47.255,143.0743,10.9587,225.8572,-25.5098,-29.6834,6.1471,39.1389,22.6372791,114.0140912,32.05,365.8
81.26,47.362,142.4862,12.9821,241.5190,-26.5797,-29.9136,5.9202,40.0163,22.6371957,114.0140887,32.23,350.4
81.37,47.469,139.4593,13.5426,249.0288,-27.6189,-30.6940,5.5549,41.2907,22.6371033,114.0140830,32.42,363.6
81.48,47.576,131.3458,2.0320,241.2231,-28.5232,-31.5375,5.5313,42.5228,22.6370164,114.0140764,32.62,372.6
81.58,47.683,137.6658,-23.8420,222.9534,-29.1302,-32.1093,6.6036,43.3541,22.6369438,114.0140705,32.75,379.6
81.69,47.790,-167.3145,-30.4984,170.6488,-30.1091,-31.4550,7.2794,43.5428,22.6368688,114.0140645,32.76,375.7
81.80,47.897,-166.7284,-8.7249,154.6203,-30.5089,-31.7057,6.0208,44.0006,22.6368015,114.0140569,32.80,370.9
81.90,48.004,166.9504,-7.3559,164.8971,-30.0604,-31.7054,5.3720,43.6905,22.6367545,114.0140454,32.96,372.6
82.01,48.111,143.2132,-4.1435,189.3315,-29.9464,-31.3139,5.7055,43.3283,22.6367229,114.0140373,33.09,399.0
82.12,48.218,137.1787,-0.0207,212.5240,-30.4574,-31.2183,6.0071,43.6146,22.6366768,114.0140318,33.18,413.1
82.22,48.325,134.9778,-0.7085,229.2973,-31.4148,-31.3934,5.9183,44.4121,22.6366041,114.0140239,33.27,340.3
82.33,48.432,132.7714,-0.1469,239.7007,-32.4530,-31.9925,5.7674,45.5710,22.6365121,114.0140121,33.39,322.9
82.44,48.539,134.1322,-5.6998,233.7347,-33.3374,-33.0564,5.8409,46.9479,22.6364283,114.0139999,33.49,323.3
82.55,48.646,149.9784,-21.9000,210.1217,-33.9441,-33.6100,6.5881,47.7685,22.6363621,114.0139898,33.54,304.9
82.65,48.752,178.1632,-16.6591,178.5649,-34.2753,-33.3354,7.0044,47.8126,22.6363049,114.0139794,33.49,292.2
82.76,48.860,-175.8953,-2.5859,162.2245,-34.5091,-33.4509,6.2853,48.0608,22.6362475,114.0139670,33.46,291.6
82.87,48.967,168.6086,-0.4092,164.3364,-34.3942,-33.6253,5.6527,48.1002,22.6362003,114.0139539,33.49,294.8
82.97,49.073,150.0953,1.4126,182.0536,-34.3279,-33.4830,5.7191,47.9532,22.6361675,114.0139439,33.53,297.7
83.08,49.180,135.8657,3.1771,197.8028,-34.4612,-33.4615,5.9338,48.0338,22.6361430,114.0139378,33.53,266.0
83.19,49.287,132.3330,2.6007,213.4261,-34.7019,-33.5115,6.2442,48.2415,22.6361069,114.0139314,33.50,265.4
83.29,49.394,134.0390,-1.2134,226.9216,-35.3697,-33.8450,6.4683,48.9541,22.6360417,114.0139197,33.49,288.7
83.40,49.501,132.6868,-5.9226,237.5065,-36.3563,-34.2571,6.1545,49.9533,22.6359502,114.0139026,33.52,290.3
83.51,49.608,127.2691,-1.2308,243.3040,-37.1247,-34.8871,6.0691,50.9446,22.6358531,114.0138828,33.56,278.3
83.62,49.716,128.2815,-13.8306,234.9061,-37.9245,-35.7437,6.4002,52.1141,22.6357685,114.0138642,33.56,274.5
83.72,49.823,151.5358,-30.2069,209.6142,-38.5670,-35.8600,7.1937,52.6626,22.6356938,114.0138481,33.50,281.9
83.83,49.930,175.0219,-23.5214,178.8365,-39.1217,-35.7690,6.8109,53.0088,22.6356338,114.0138338,33.37,291.8
83.94,50.037,169.7795,-11.8371,174.2458,-39.2314,-35.9753,6.3332,53.2290,22.6355865,114.0138210,33.27,315.6
84.04,50.144,153.7549,-7.1039,179.0322,-39.0795,-36.1128,6.0295,53.2103,22.6355446,114.0138093,33.21,313.3
84.15,50.250,138.0698,-6.1266,189.7901,-39.4660,-35.9877,6.1590,53.4105,22.6354638,114.0137916,33.23,321.1
84.25,50.355,131.0537,-2.9475,206.7658,-39.3147,-35.9108,6.7076,53.2469,22.6354336,114.0137861,33.12,289.5
84.36,50.461,134.6805,0.6798,228.8111,-39.9261,-35.7698,7.0996,53.6057,22.6353700,114.0137729,33.02,251.7
84.47,50.566,140.2460,13.5728,251.6151,-41.1429,-36.0576,6.9338,54.7073,22.6352715,114.0137505,32.97,247.0
84.57,50.672,137.0736,16.6278,258.7429,-42.2261,-37.0811,6.4014,56.1965,22.6351611,114.0137233,32.97,250.6
84.68,50.778,126.2982,5.8538,250.4296,-43.1258,-37.7948,6.3345,57.3436,22.6350613,114.0136976,32.97,283.9
84.78,50.885,118.4366,-8.1087,241.1649,-43.8026,-38.0905,6.5869,58.0479,22.6349769,114.0136761,32.92,271.4
84.89,50.992,114.9913,-15.5572,231.5138,-44.2810,-38.3221,6.7757,58.5610,22.6349106,114.0136611,32.82,262.9
85.00,51.099,114.2469,-18.3660,218.6183,-44.3877,-38.5904,7.0851,58.8174,22.6348697,114.0136554,32.64,247.2
85.11,51.206,125.0753,-24.9638,206.5886,-44.1407,-38.8997,7.8412,58.8353,22.6348388,114.0136539,32.37,259.8
85.21,51.313,158.0352,-18.5200,182.6785,-44.5731,-38.6477,7.8807,58.9950,22.6347985,114.0136488,32.06,263.4
85.32,51.420,159.6164,-7.3573,181.1356,-44.5154,-38.9365,6.9432,59.1411,22.6347575,114.0136439,31.80,279.9
85.43,51.526,148.0337,-5.7238,188.1729,-44.5296,-39.0683,6.7873,59.2387,22.6347062,114.0136363,31.66,306.1
85.53,51.632,137.8138,-8.9565,199.7602,-44.5309,-39.1802,6.9086,59.3135,22.6346696,114.0136353,31.49,383.4
85.64,51.739,128.5688,-6.8999,215.4764,-44.5143,-39.1997,7.2648,59.3140,22.6346303,114.0136331,31.30,480.3
85.75,51.846,128.4281,0.1773,242.1779,-45.1435,-39.1061,7.6449,59.7262,22.6345549,114.0136154,31.14,456.6
85.85,51.953,124.3306,22.0066,264.9832,-46.6910,-40.2773,7.1601,61.6629,22.6344363,114.0135800,31.08,471.7
85.96,52.060,110.5791,-0.8303,252.9497,-47.7098,-41.6005,7.4387,63.2995,22.6343179,114.0135434,31.04,493.5
86.07,52.167,131.0808,-47.4288,220.8655,-48.3859,-41.7821,8.7220,63.9292,22.6342336,114.0135204,30.85,503.5
86.17,52.274,-175.0752,-25.9328,163.0850,-49.1115,-41.2345,8.7344,64.1266,22.6341787,114.0135096,30.50,509.5
86.28,52.381,-175.5933,-6.7355,144.8023,-49.0788,-41.5201,7.7598,64.2857,22.6341226,114.0134979,30.23,522.1
86.39,52.486,163.3082,-6.1083,152.8687,-48.9305,-41.6449,7.3123,64.2533,22.6340367,114.0134753,30.13,511.7
86.49,52.592,144.1848,-4.1690,175.1968,-49.1448,-41.3449,7.6484,64.2231,22.6339509,114.0134523,30.03,513.3
86.60,52.697,136.7266,-4.1204,203.0512,-49.5283,-41.1636,8.1333,64.4010,22.6338967,114.0134425,29.82,488.6
86.70,52.803,137.5620,0.5366,230.6351,-50.0711,-41.1685,8.2144,64.8225,22.6338371,114.0134302,29.58,483.4
86.81,52.910,141.2687,21.3148,253.5210,-51.1168,-41.9546,7.6642,66.1296,22.6337531,114.0134076,29.40,485.2
86.92,53.017,123.9287,9.1107,245.3717,-52.0229,-43.2172,7.5218,67.6322,22.6336796,114.0133888,29.27,497.1
87.02,53.124,112.7143,-17.0674,232.4656,-52.3987,-43.8214,8.3177,68.3077,22.6336236,114.0133775,29.08,498.6
87.13,53.231,132.6103,-45.7131,208.2635,-52.2784,-44.1569,9.6039,68.4315,22.6335895,114.0133740,28.72,502.0
87.24,53.338,-172.8440,-29.5820,151.3570,-52.7411,-43.6972,9.4066,68.4914,22.6335581,114.0133706,28.28,511.9
87.34,53.444,179.4770,-9.1236,140.0187,-53.1251,-44.0436,8.3339,69.0081,22.6334734,114.0133467,28.05,489.4
87.45,53.550,154.8402,-3.8824,152.8585,-52.7072,-44.1866,7.9362,68.7787,22.6333897,114.0133226,27.91,493.8
87.56,53.656,137.1360,1.2900,175.0304,-52.7532,-43.8215,8.5506,68.5800,22.6333068,114.0132987,27.76,487.5
87.66,53.762,137.3714,7.2256,208.0845,-53.0509,-43.4731,8.8973,68.5880,22.6332534,114.0132864,27.50,530.9
87.77,53.869,142.0510,17.5104,237.1154,-53.6793,-43.7088,8.5686,69.2237,22.6332176,114.0132820,27.22,479.2
87.88,53.976,130.5204,15.4765,246.8353,-54.7260,-44.9121,8.1818,70.7958,22.6331593,114.0132672,27.02,470.6
87.98,54.083,115.7360,-5.0169,239.6638,-55.3482,-45.9484,8.5715,71.9352,22.6331053,114.0132536,26.83,474.3
88.09,54.190,115.3008,-38.6845,230.2644,-55.2369,-46.4955,9.4857,72.2008,22.6330658,114.0132441,26.53,478.2
88.20,54.296,170.4893,-51.4208,180.1111,-55.0994,-46.3808,10.3611,72.0217,22.6330500,114.0132420,26.11,475.8
88.30,54.404,-172.3910,-18.8997,156.7546,-55.0031,-46.4474,9.8686,71.9910,22.6330597,114.0132458,25.64,491.5
88.41,54.510,171.5084,-6.6265,154.7569,-55.0445,-46.7871,9.0283,72.2422,22.6330072,114.0132291,25.35,490.7
88.52,54.616,145.5074,0.4382,168.2387,-54.8979,-46.6951,8.8492,72.0709,22.6329320,114.0132047,25.18,486.3
88.62,54.721,128.6506,13.0614,187.4910,-55.0538,-46.4529,9.3638,72.0333,22.6328586,114.0131811,24.98,487.9
88.73,54.827,129.8993,23.1851,212.7848,-55.3868,-46.3308,9.8897,72.2097,22.6327855,114.0131575,24.73,416.5
88.83,54.933,145.4415,35.5361,245.1738,-55.1695,-46.5610,9.8143,72.1914,22.6328388,114.0131785,24.29,482.1
88.94,55.038,139.1384,27.8511,253.1369,-55.4134,-47.6134,9.3131,73.0594,22.6328353,114.0131793,24.00,546.1
89.04,55.144,123.9260,14.0510,244.6834,-55.8145,-48.4590,9.1772,73.9158,22.6328226,114.0131745,23.72,539.2
89.15,55.251,110.4964,-14.6123,241.5434,-55.9638,-49.0403,9.6266,74.4103,22.6327908,114.0131621,23.47,530.7
89.26,55.358,116.5606,-43.1709,233.4629,-55.8702,-49.6159,10.2770,74.7209,22.6327595,114.0131486,23.16,540.6
89.37,55.466,-176.4767,-58.5596,171.9681,-55.9227,-49.5464,11.2551,74.7141,22.6327408,114.0131374,22.75,522.1
89.47,55.571,-150.2066,-19.7514,139.6810,-56.1204,-49.4610,10.9800,74.8056,22.6327589,114.0131352,22.28,539.9
89.58,55.678,-169.9218,-1.2865,138.2789,-55.6231,-50.0953,10.2012,74.8563,22.6327417,114.0131208,21.92,530.1
89.68,55.783,165.2976,3.0589,148.8894,-55.2753,-50.2239,9.8521,74.6847,22.6326859,114.0130965,21.70,499.2
89.79,55.889,146.1474,9.3754,170.6210,-55.2372,-50.0446,10.1456,74.5359,22.6326316,114.0130717,21.47,524.3
89.89,55.994,138.5035,14.2400,198.4180,-55.5562,-49.9432,10.4789,74.7048,22.6325794,114.0130480,21.23,459.7
90.00,56.101,142.1073,24.7515,225.7045,-54.7993,-50.1935,10.7481,74.3125,22.6326639,114.0130624,20.80,463.9
90.11,56.208,144.0302,32.4646,243.4270,-54.0725,-50.7364,10.4965,74.1486,22.6327847,114.0130883,20.38,471.6
90.22,56.315,135.4647,28.9233,243.3368,-53.2395,-52.0502,10.2336,74.4558,22.6328900,114.0131083,20.00,473.8
90.32,56.422,118.0936,-6.3248,226.4485,-53.1064,-52.7468,10.3755,74.8499,22.6330096,114.0131318,19.64,477.5
90.43,56.529,132.3777,-48.3390,209.3880,-51.6823,-53.1863,11.6507,74.1609,22.6330963,114.0131416,19.22,491.9
90.54,56.636,-175.3030,-44.2644,162.0674,-50.8729,-53.1208,11.7348,73.5519,22.6332003,114.0131507,18.71,495.5
90.64,56.743,-168.4652,-21.9448,143.3755,-50.7270,-53.2881,11.1023,73.5721,22.6332299,114.0131634,19.23,513.5
90.75,56.849,168.5712,-6.2542,147.1731,-50.3696,-53.8142,10.5171,73.7093,22.6332049,114.0131371,18.97,551.6
90.85,56.955,143.3002,5.4880,161.2461,-49.7087,-54.0078,10.4509,73.4016,22.6331832,114.0131109,18.77,543.7
90.96,57.060,127.2462,23.6733,182.4320,-49.5480,-53.9280,10.8904,73.2341,22.6331642,114.0130848,18.54,558.1
91.06,57.165,130.1690,31.0323,216.6434,-49.5222,-53.8301,11.0950,73.1446,22.6331476,114.0130592,18.29,586.1
91.17,57.271,134.9714,43.9366,245.0989,-49.5053,-54.4059,10.5021,73.5580,22.6332093,114.0130525,17.99,584.8
91.28,57.377,109.6734,27.3459,234.5308,-48.7839,-55.6662,10.2766,74.0175,22.6333859,114.0130729,17.70,580.1
91.38,57.482,98.7509,-13.4961,226.3768,-47.9095,-56.8113,11.1176,74.3159,22.6335170,114.0130795,17.42,593.3
91.49,57.589,129.6597,-40.6566,195.6455,-46.8672,-57.2558,12.2093,73.9917,22.6336186,114.0130760,17.04,585.2
91.59,57.695,-169.3467,-28.7345,136.2348,-47.1302,-56.4447,12.7129,73.5340,22.6336189,114.0130471,16.64,585.0
91.70,57.801,-171.6421,-1.9584,119.2024,-46.7380,-56.9624,11.7184,73.6828,22.6336226,114.0130184,16.29,566.6
91.81,57.908,161.7230,2.4289,126.0037,-45.6617,-57.8945,10.9529,73.7344,22.6336295,114.0129885,16.04,542.6
91.91,58.014,134.4706,13.0767,153.1890,-44.7935,-57.6476,11.3160,73.0048,22.6336401,114.0129586,15.83,526.6
92.02,58.120,125.9647,21.3019,183.7938,-44.5992,-57.3844,11.8800,72.6778,22.6336522,114.0129283,15.55,514.5
92.13,58.226,131.8937,29.0409,214.7743,-44.8422,-57.4366,12.0533,72.8683,22.6336665,114.0128985,15.24,455.6
92.23,58.332,135.5525,28.4955,237.3221,-44.0381,-58.7203,11.6358,73.3990,22.6338423,114.0129010,14.87,437.4
92.34,58.438,128.0891,13.2499,233.0558,-42.8439,-60.1475,11.3708,73.8466,22.6340550,114.0129088,14.53,414.4
92.44,58.544,123.7883,-13.0217,220.0500,-41.4639,-61.1994,11.9528,73.9230,22.6342737,114.0129153,14.19,355.9
92.55,58.651,145.3811,-36.8565,189.7155,-40.3563,-61.6115,12.8899,73.6519,22.6344328,114.0129070,13.79,338.3
92.66,58.757,171.2495,-26.7105,155.7800,-39.8714,-61.4284,12.8703,73.2337,22.6344670,114.0128724,13.43,340.1
92.76,58.862,173.9834,-10.6532,148.0326,-39.2502,-61.6186,12.6300,73.0577,22.6345050,114.0128382,13.10,357.8
92.87,58.967,175.8730,-0.9727,146.6451,-38.7861,-61.9020,12.5349,73.0494,22.6345464,114.0128033,12.79,357.9
92.97,59.072,176.6154,0.1855,145.4682,-38.1078,-62.4749,11.9059,73.1800,22.6345914,114.0127681,12.54,353.0
93.08,59.178,161.2838,0.5479,158.3887,-37.2673,-62.8032,11.4883,73.0280,22.6346381,114.0127313,12.33,334.5
93.18,59.283,141.8729,2.4249,183.2373,-36.6483,-62.6665,11.9292,72.5961,22.6346883,114.0126948,12.15,341.9
93.29,59.388,137.2202,11.3133,214.7607,-36.0777,-62.9044,12.5110,72.5159,22.6347715,114.0126642,11.89,364.5
93.39,59.494,138.4220,20.1621,231.8120,-34.3559,-64.5379,12.1704,73.1127,22.6351041,114.0126823,11.50,372.4
93.50,59.600,129.5708,4.0267,218.4269,-33.1808,-65.9996,12.3303,73.8710,22.6353409,114.0126784,11.18,416.1
93.61,59.706,137.9509,-19.3214,194.6366,-32.8406,-66.5200,13.2252,74.1850,22.6354018,114.0126363,10.89,421.9
93.71,59.813,174.4652,-18.2594,153.7504,-32.5613,-66.2384,13.8769,73.8090,22.6354653,114.0125934,10.50,405.6
93.82,59.919,-177.4861,5.0692,134.3330,-31.7172,-66.4850,13.2862,73.6630,22.6355318,114.0125509,10.13,381.9
93.92,60.025,170.0030,12.5426,132.9228,-30.4513,-67.3905,12.5313,73.9510,22.6356015,114.0125071,9.85,379.2
94.03,60.130,153.4048,19.5363,158.3104,-29.1778,-67.5577,12.5873,73.5893,22.6356744,114.0124628,9.62,381.9
94.14,60.236,147.6150,20.4713,186.3796,-27.9524,-67.3265,12.8351,72.8985,22.6358487,114.0124414,10.45,381.3
94.24,60.341,150.4496,17.6220,209.6993,-27.8429,-67.6551,12.9320,73.1603,22.6359232,114.0123958,10.17,341.2
94.35,60.447,149.3932,8.1975,219.5503,-26.2852,-69.0338,12.6800,73.8687,22.6362059,114.0123885,9.80,318.6
94.45,60.554,143.9091,-4.5288,213.2300,-24.2281,-70.5095,12.8060,74.5560,22.6365423,114.0123884,9.40,336.5
94.56,60.661,148.2230,-22.8725,194.2660,-23.6872,-71.1321,13.5664,74.9723,22.6366557,114.0123430,9.07,313.5
94.67,60.767,173.0279,-22.1477,164.9611,-23.0623,-71.1729,14.0314,74.8161,22.6367375,114.0122912,8.71,317.3
94.77,60.873,175.7338,-1.3990,153.1287,-22.2853,-71.6596,13.5544,75.0449,22.6368213,114.0122388,8.36,306.0
94.88,60.978,162.5758,8.4437,156.7084,-21.1588,-72.3006,12.9752,75.3331,22.6369057,114.0121859,8.09,303.3
94.98,61.083,148.6638,14.0313,177.1770,-20.1277,-72.5058,13.1079,75.2477,22.6369907,114.0121317,7.85,309.7
95.09,61.188,146.2009,16.3604,197.2476,-19.5935,-72.6200,13.6259,75.2168,22.6370748,114.0120773,7.58,300.8
95.19,61.294,155.4252,20.6959,222.4512,-18.5235,-73.0719,13.7480,75.3832,22.6372615,114.0120410,7.19,309.2
95.30,61.400,155.3428,16.0969,235.0985,-16.6090,-74.3374,13.5086,76.1703,22.6375764,114.0120280,6.75,309.7
95.41,61.507,148.8365,8.0485,231.9872,-15.0449,-75.7309,13.4402,77.2109,22.6378465,114.0120045,6.37,313.6
95.51,61.614,142.8447,-2.8433,217.5638,-13.0693,-76.8386,13.8919,77.9422,22.6381723,114.0119900,5.92,303.2
95.62,61.721,149.8940,-6.4236,196.1069,-12.4955,-77.3384,14.5774,78.3414,22.6382906,114.0119341,5.55,317.1
95.73,61.827,168.8902,9.6563,167.3456,-12.1509,-77.4270,14.5456,78.3746,22.6383755,114.0118716,5.15,313.3
95.83,61.932,161.2575,25.9550,155.8900,-10.8797,-78.1162,13.9445,78.8702,22.6384598,114.0118090,4.84,315.7
95.94,62.038,149.1132,34.4170,166.3083,-9.6166,-78.4444,14.1378,79.0317,22.6385424,114.0117445,4.55,361.7
96.04,62.143,153.2165,34.9223,190.7415,-9.0517,-78.4167,14.6274,78.9374,22.6386217,114.0116803,4.23,384.4
96.15,62.249,162.7461,26.7027,212.8672,-8.7918,-78.5548,14.7047,79.0452,22.6386971,114.0116149,3.87,406.0
96.25,62.354,172.8366,21.2808,231.7525,-7.4658,-79.7318,14.4977,80.0805,22.6389422,114.0115876,3.38,372.3
96.36,62.461,163.9209,15.0170,226.8611,-5.8424,-81.3884,14.0182,81.5978,22.6392322,114.0115691,2.89,373.8
96.47,62.566,147.4452,-7.5066,200.2595,-6.1014,-81.9321,14.5650,82.1590,22.6392993,114.0115004,2.62,368.9
96.57,62.672,160.8632,-18.2244,169.3039,-5.6139,-82.0426,15.5512,82.2344,22.6393614,114.0114306,2.24,368.8
96.68,62.777,171.9184,4.9537,149.3840,-5.0538,-82.2850,15.2531,82.4401,22.6394197,114.0113603,1.84,354.4
96.78,62.882,161.5056,21.8267,148.8151,-4.1957,-83.0985,14.7003,83.2044,22.6394739,114.0112895,1.50,360.2
96.89,62.988,149.7915,30.7557,165.4524,-3.3665,-83.3605,14.9376,83.4285,22.6395226,114.0112170,1.18,367.9
96.99,63.094,151.3912,31.2294,189.1980,-3.0035,-83.1858,15.1397,83.2400,22.6396006,114.0111573,2.06,320.5
97.10,63.199,160.7494,30.4102,207.9373,-3.2517,-83.4648,15.2229,83.5281,22.6396264,114.0110849,1.71,280.3
97.21,63.306,176.7716,24.9253,211.3691,-3.9469,-84.2584,15.6491,84.3508,22.6396440,114.0110110,1.31,240.2
97.31,63.411,-178.6746,21.3821,178.9769,-4.3947,-85.0939,15.0222,85.2073,22.6396399,114.0109244,-0.29,237.2
97.42,63.516,171.3197,27.3467,167.2477,-3.5950,-85.7876,15.1936,85.8629,22.6396362,114.0108371,-1.88,223.7
97.52,63.621,162.1436,28.1186,173.1754,-3.4777,-86.1998,15.6466,86.2700,22.6396329,114.0107492,-3.50,231.3
97.63,63.726,161.5163,25.4199,182.1544,-3.6020,-86.6086,16.0935,86.6835,22.6396295,114.0106610,-5.16,239.1
97.73,63.831,172.1883,25.2966,183.4971,-4.3412,-87.1479,16.5590,87.2559,22.6396258,114.0105722,-6.88,246.4
97.84,63.936,176.8041,28.0982,166.2802,-4.2434,-88.0109,16.1206,88.1132,22.6396215,114.0104828,-8.60,259.0
97.94,64.041,161.6431,31.4658,170.4823,-3.5673,-88.7240,15.9530,88.7957,22.6396178,114.0103924,-10.27,257.4
98.05,64.147,154.4837,26.8697,192.6133,-3.6118,-88.8675,16.7783,88.9408,22.6396144,114.0103008,-12.01,270.2
98.15,64.253,166.8635,21.8846,212.7350,-4.3366,-89.4612,17.5819,89.5663,22.6396107,114.0102089,-13.83,282.7
98.26,64.359,-169.9468,25.7288,207.3131,-5.3653,-90.5175,17.4372,90.6763,22.6396061,114.0101162,-15.70,302.9
98.36,64.464,176.0013,30.3439,172.2334,-4.7659,-91.3039,16.8490,91.4282,22.6396010,114.0100228,-17.49,298.9
98.47,64.569,155.4852,30.2564,177.5903,-4.1615,-91.6755,17.1091,91.7699,22.6395969,114.0099293,-19.26,301.9
98.57,64.674,153.3435,20.9541,195.4430,-4.3924,-91.8804,18.1008,91.9854,22.6395929,114.0098355,-21.11,292.8
98.68,64.779,174.1982,21.1702,199.8671,-5.4730,-92.6503,18.6754,92.8118,22.6395882,114.0097413,-23.05,300.7
98.78,64.885,175.7162,30.7479,177.3276,-5.4794,-93.6439,17.8002,93.8041,22.6395827,114.0096452,-24.97,312.5
98.89,64.990,158.3124,31.4896,174.9883,-4.6724,-94.1408,17.9553,94.2567,22.6395780,114.0095492,-26.84,289.9
99.00,65.095,159.6837,24.1397,192.1449,-4.7655,-94.3486,18.8903,94.4689,22.6395736,114.0094529,-28.77,298.7
99.10,65.201,174.9429,22.3770,199.3254,-5.8211,-94.9738,19.3512,95.1521,22.6395685,114.0093553,-30.80,305.5
99.21,65.307,-175.9013,34.8934,175.1737,-6.4749,-95.9216,18.6641,96.1399,22.6395625,114.0092568,-32.83,318.3
99.31,65.414,166.2303,41.1895,153.9531,-5.5575,-96.8969,18.4560,97.0562,22.6395567,114.0091574,-34.80,335.8
99.42,65.520,152.4817,32.7066,162.0862,-4.9344,-97.1746,19.0814,97.2998,22.6395517,114.0090572,-36.78,352.9
99.53,65.625,156.7593,21.9665,182.2657,-5.0199,-97.1432,20.0648,97.2728,22.6395470,114.0089579,-38.84,359.1
99.63,65.730,176.0637,22.8682,198.4397,-6.3415,-97.7972,20.5325,98.0026,22.6395418,114.0088585,-40.98,373.2
99.73,65.835,-173.0460,31.9032,179.3641,-7.3073,-98.9995,19.9089,99.2688,22.6395351,114.0087579,-43.10,359.1
99.84,65.940,171.5086,42.9276,154.1900,-6.3663,-99.9955,19.3173,100.1980,22.6395286,114.0086562,-45.17,360.8
99.94,66.045,150.8528,29.2148,158.2465,-5.1645,-100.2514,19.8283,100.3844,22.6395232,114.0085538,-47.21,357.8
100.05,66.150,150.1620,21.8316,182.6337,-5.4972,-100.0304,21.0277,100.1813,22.6395183,114.0084515,-49.36,357.3
100.16,66.255,171.9748,21.3834,199.1307,-6.8501,-100.6871,21.8167,100.9199,22.6395125,114.0083490,-51.62,349.1
100.26,66.361,-176.5815,24.8446,183.1988,-7.9453,-101.9889,21.1977,102.2979,22.6395052,114.0082444,-53.90,339.2
100.37,66.467,170.1349,37.0437,161.9292,-6.9712,-103.0420,20.3108,103.2776,22.6394980,114.0081387,-56.09,320.5
100.47,66.573,150.0924,32.1829,159.5602,-6.2105,-103.3708,20.6622,103.5572,22.6394918,114.0080322,-58.26,310.7
100.58,66.679,143.4732,19.1323,174.8712,-6.1878,-103.4915,21.7897,103.6763,22.6394859,114.0079250,-60.52,312.1
100.68,66.784,157.2460,19.0913,188.8292,-7.0776,-103.9567,22.8335,104.1973,22.6394797,114.0078191,-62.87,298.8
100.79,66.889,177.6347,24.0601,185.5713,-8.1968,-104.7607,22.6011,105.0809,22.6394723,114.0077125,-65.26,301.1
100.89,66.994,175.3748,37.6637,169.4424,-7.7318,-105.9310,21.7045,106.2128,22.6394646,114.0076049,-67.59,288.1
101.00,67.099,154.7929,38.2877,162.5321,-6.9598,-106.4899,21.6986,106.7171,22.6394577,114.0074963,-69.87,295.5
101.10,67.204,141.4413,26.6829,171.5142,-6.8671,-106.6801,22.5475,106.9009,22.6394512,114.0073874,-72.18,291.9
101.21,67.310,147.2837,23.6626,187.6260,-7.4012,-107.0645,23.5740,107.3200,22.6394445,114.0072772,-74.63,299.8
101.32,67.417,170.9768,28.3370,192.8582,-8.6914,-107.7979,24.0105,108.1477,22.6394368,114.0071664,-77.17,313.3
101.42,67.523,175.0014,39.4421,174.9957,-8.6512,-108.8458,22.9466,109.1890,22.6394283,114.0070547,-79.66,316.9
101.53,67.629,154.9989,40.6105,161.0636,-7.6519,-109.6689,22.8016,109.9355,22.6394205,114.0069414,-82.08,336.5
101.63,67.735,143.2570,28.4491,168.3080,-7.4525,-109.8078,23.5602,110.0604,22.6394133,114.0068287,-84.52,333.1
101.74,67.840,151.7601,20.6836,188.1547,-7.7620,-109.9787,24.6540,110.2523,22.6394062,114.0067164,-87.06,340.8
101.84,67.945,177.7677,24.1722,201.4396,-9.1683,-110.6947,25.0706,111.0738,22.6393982,114.0066037,-89.68,343.1
101.95,68.050,-174.7275,34.8425,183.8518,-9.5574,-111.8322,24.1127,112.2398,22.6393892,114.0064901,-92.26,345.6
102.06,68.155,160.7722,40.4121,165.2440,-8.4325,-112.7222,23.7260,113.0372,22.6393807,114.0063752,-94.75,351.5
102.16,68.260,144.0478,32.2390,170.7309,-8.0637,-112.8964,24.4565,113.1841,22.6393729,114.0062600,-97.28,350.8
102.27,68.366,148.1864,22.8086,190.3028,-8.4846,-113.1264,25.5629,113.4441,22.6393651,114.0061434,-99.93,349.7
102.37,68.472,173.8231,24.2740,198.9483,-9.7729,-113.7458,26.0386,114.1649,22.6393564,114.0060264,-102.68,341.2
102.48,68.578,-178.3845,34.5810,181.4266,-10.0366,-114.7774,25.1868,115.2153,22.6393467,114.0059086,-105.39,335.0
102.58,68.684,161.7435,41.8149,167.1482,-9.0123,-115.7219,24.8136,116.0723,22.6393376,114.0057896,-108.03,325.1
102.69,68.789,147.0748,31.1866,171.9896,-8.8386,-115.9189,25.6091,116.2553,22.6393291,114.0056707,-110.69,330.6
102.79,68.894,154.9407,21.7359,189.6233,-9.2401,-116.1287,26.6501,116.4957,22.6393207,114.0055521,-113.44,331.5
102.90,68.999,179.5891,24.4148,196.1031,-10.4944,-116.7935,26.9105,117.2641,22.6393113,114.0054332,-116.26,334.6
103.00,69.105,-178.9972,35.7264,179.2572,-10.4819,-117.9924,25.8743,118.4571,22.6393012,114.0053132,-119.03,346.4
103.11,69.210,155.8396,37.8551,168.2713,-9.4651,-118.6067,25.8776,118.9838,22.6392918,114.0051923,-121.74,360.7
103.22,69.315,142.6880,26.3492,179.7438,-9.4427,-118.7479,26.7490,119.1228,22.6392829,114.0050710,-124.50,346.2
103.32,69.420,152.9873,20.2548,197.1288,-10.2438,-119.3046,27.8585,119.7436,22.6392737,114.0049495,-127.37,354.9
103.43,69.526,-177.7970,27.5921,194.6192,-11.4087,-119.9706,27.6600,120.5118,22.6392633,114.0048260,-130.33,369.3
103.53,69.632,178.6904,44.0760,166.4791,-11.3626,-120.6788,27.1073,121.2126,22.6392522,114.0047019,-133.22,375.7
103.64,69.738,159.8011,52.1235,136.9359,-11.1234,-121.0635,27.3550,121.5734,22.6392415,114.0045772,-136.10,352.6
103.74,69.843,162.1008,54.5377,126.6916,-10.6929,-121.5943,28.0906,122.0636,22.6392310,114.0044527,-139.04,334.8
103.85,69.948,175.5662,41.8837,144.7005,-10.1396,-122.6648,28.2049,123.0831,22.6392212,114.0043279,-142.00,328.0
103.95,70.053,178.4338,21.5071,170.3342,-9.9549,-123.2174,28.2060,123.6188,22.6392117,114.0042022,-144.96,330.0
104.06,70.159,176.1575,8.2230,191.1680,-10.3756,-123.8959,28.4928,124.3296,22.6392021,114.0040754,-147.95,323.8
104.16,70.263,172.4480,7.0231,200.1404,-11.0424,-124.8454,28.6494,125.3328,22.6391920,114.0039489,-150.93,289.4
104.27,70.369,166.7953,5.2968,189.9906,-12.0680,-125.5692,28.8754,126.1478,22.6391809,114.0038197,-153.98,317.7
104.37,70.474,162.8168,10.5386,172.5635,-12.8661,-125.7094,28.9182,126.3661,22.6391690,114.0036913,-157.02,328.4
104.48,70.580,159.2920,24.9060,149.2860,-12.8131,-125.5528,29.0167,126.2049,22.6391567,114.0035617,-160.09,303.8
104.59,70.686,151.9895,35.8240,125.8434,-12.0999,-126.0014,29.2369,126.5811,22.6391448,114.0034321,-163.17,279.2
104.69,70.793,150.9338,49.3077,120.2019,-11.6177,-127.0338,29.7884,127.5640,22.6391334,114.0033016,-166.31,299.2
104.80,70.899,167.3003,48.0309,147.6753,-11.2044,-128.1284,30.1973,128.6173,22.6391225,114.0031699,-169.49,324.9
104.90,71.004,176.4387,27.5852,173.3877,-11.4808,-128.8976,30.1244,129.4079,22.6391119,114.0030386,-172.66,316.3
105.01,71.109,172.9809,12.0625,177.4853,-12.2263,-129.7457,30.3987,130.3205,22.6391007,114.0029065,-175.84,319.8
105.11,71.214,168.5586,10.5954,173.1886,-13.3702,-130.1535,30.4919,130.8384,22.6390886,114.0027736,-179.04,320.6
105.22,71.320,159.6991,14.0067,150.0531,-13.8602,-129.9393,30.4782,130.6764,22.6390753,114.0026395,-182.27,324.2
105.32,71.425,153.4805,30.7872,128.7545,-13.2685,-130.2516,30.7104,130.9257,22.6390624,114.0025066,-185.47,289.3
105.43,71.531,154.0586,41.8950,122.6394,-12.6223,-131.5364,31.4165,132.1407,22.6390501,114.0023716,-188.77,269.9
105.54,71.637,169.1661,37.3654,147.8757,-12.2221,-132.5024,31.6489,133.0649,22.6390382,114.0022354,-192.12,290.3
105.64,71.743,172.8570,20.5271,169.8546,-12.3794,-133.2063,31.5666,133.7803,22.6390265,114.0020983,-195.47,294.6
105.75,71.849,167.9422,12.9563,181.2215,-13.2310,-133.9338,31.8397,134.5857,22.6390142,114.0019605,-198.83,314.2
105.85,71.954,165.3266,14.1997,177.0309,-14.3594,-134.2706,32.1085,135.0363,22.6390011,114.0018228,-202.21,301.3
105.96,72.059,162.1761,23.5333,154.6270,-14.7504,-134.1419,31.9721,134.9505,22.6389871,114.0016857,-205.57,291.8
106.06,72.165,154.4946,38.3390,132.2328,-14.0330,-134.8009,32.1671,135.5294,22.6389733,114.0015471,-208.97,274.1
106.17,72.272,159.5596,42.5897,137.9442,-13.4494,-135.9959,32.9977,136.6593,22.6389602,114.0014073,-212.42,274.5
106.28,72.378,174.0638,27.6154,164.6417,-13.2407,-136.7555,33.1467,137.3950,22.6389475,114.0012667,-215.94,276.7
106.38,72.484,173.5881,16.3222,183.9027,-13.7990,-137.5104,33.0642,138.2010,22.6389346,114.0011252,-219.44,310.3
106.49,72.590,166.4415,16.3191,184.4867,-15.0108,-138.0771,33.2542,138.8907,22.6389207,114.0009823,-222.97,307.3
106.60,72.696,162.0560,19.8645,166.3293,-15.6184,-138.1593,33.4800,139.0393,22.6389060,114.0008405,-226.50,288.9
106.70,72.801,160.1972,40.7335,146.4372,-15.3434,-138.5047,33.6525,139.3519,22.6388913,114.0006992,-230.02,291.5
106.81,72.906,160.5200,60.5745,140.6766,-14.7400,-139.4883,34.1623,140.2649,22.6388771,114.0005572,-233.58,274.6
106.91,73.011,174.4905,52.9418,162.3143,-14.4456,-140.4172,34.3685,141.1582,22.6388633,114.0004142,-237.18,285.1
107.02,73.117,169.5519,32.6981,169.2649,-14.9040,-141.2002,34.2108,141.9846,22.6388492,114.0002689,-240.81,296.9
107.12,73.223,161.4728,21.8636,175.6968,-15.5182,-141.8003,34.5545,142.6469,22.6388347,114.0001229,-244.46,321.4
107.23,73.328,157.0309,26.5903,167.4333,-16.4197,-142.0442,34.8460,142.9901,22.6388195,113.9999772,-248.12,292.6
107.33,73.434,154.1710,36.6402,142.0750,-16.3215,-142.2614,35.0173,143.1946,22.6388037,113.9998306,-251.83,271.6
107.44,73.540,145.6422,49.3423,121.1513,-15.8535,-143.1140,35.1745,143.9894,22.6387882,113.9996834,-255.54,235.9
107.54,73.645,152.5905,50.9999,132.5999,-15.5306,-144.1450,35.7584,144.9793,22.6387734,113.9995366,-259.27,210.2
107.65,73.751,168.7404,45.8704,163.4523,-15.8158,-144.6710,35.8270,145.5329,22.6387584,113.9993876,-263.07,187.4
107.76,73.857,168.9782,40.8756,170.7108,-16.3659,-145.2223,36.0146,146.1415,22.6387431,113.9992395,-266.84,172.1
107.86,73.963,169.1293,41.1481,174.1570,-16.5951,-145.8379,36.2134,146.7790,22.6387274,113.9990894,-270.67,137.1
107.97,74.069,168.5259,43.9744,176.5772,-16.7506,-146.4314,36.3984,147.3864,22.6387114,113.9989386,-274.52,97.8
108.07,74.175,168.6504,46.2983,178.9740,-16.9220,-147.0224,36.5615,147.9930,22.6386953,113.9987873,-278.39,80.0
108.18,74.281,168.2390,46.5675,179.5285,-17.0872,-147.6122,36.8004,148.5979,22.6386789,113.9986346,-282.30,32.5
108.29,74.387,168.9441,46.5977,180.1553,-17.2599,-148.2227,37.0031,149.2242,22.6386625,113.9984827,-286.19,23.6
108.39,74.492,169.5041,46.8944,180.3888,-17.4207,-148.8290,37.2070,149.8450,22.6386461,113.9983310,-290.09,24.1
108.50,74.598,169.7367,46.8050,180.2227,-17.5625,-149.4333,37.4109,150.4618,22.6386293,113.9981771,-294.04,25.5
108.60,74.704,170.3902,47.0568,180.6988,-17.7610,-150.0472,37.6031,151.0948,22.6386124,113.9980226,-298.02,34.1
108.71,74.810,170.1487,47.6047,179.7094,-17.9383,-150.6555,37.7991,151.7197,22.6385953,113.9978675,-302.02,49.5
108.81,74.915,169.2549,46.8983,178.1982,-18.0537,-151.2414,37.9884,152.3151,22.6385782,113.9977126,-306.02,83.4
108.92,75.021,168.0551,44.4110,177.5069,-18.1395,-151.8435,38.1719,152.9232,22.6385608,113.9975562,-310.05,117.0
109.03,75.127,166.4731,39.4298,178.2363,-18.2997,-152.5011,38.3261,153.5951,22.6385434,113.9973993,-314.11,133.1
109.13,75.232,163.9463,29.8082,179.9192,-18.6899,-153.2168,38.5032,154.3525,22.6385259,113.9972431,-318.14,168.2
109.24,75.338,159.4511,36.0043,172.9761,-19.3447,-153.6468,38.6337,154.8598,22.6385077,113.9970848,-322.24,190.7
109.34,75.444,152.0884,39.6872,146.7298,-19.5730,-153.6008,38.7053,154.8429,22.6384892,113.9969278,-326.30,209.7
109.45,75.550,146.4439,47.1405,123.2016,-18.9344,-154.3539,39.0723,155.5109,22.6384707,113.9967690,-330.42,240.7
109.56,75.656,153.6239,41.4450,127.9591,-18.6145,-155.6516,39.4898,156.7607,22.6384528,113.9966091,-334.59,244.9
109.66,75.762,161.8341,31.1371,148.0218,-18.9006,-156.5382,39.5546,157.6752,22.6384348,113.9964481,-338.78,265.7
109.77,75.868,155.1469,28.3747,164.1428,-19.6389,-156.8024,39.6237,158.0274,22.6384164,113.9962856,-343.00,285.1
109.87,75.974,149.8843,32.4143,150.1011,-20.6960,-156.7065,39.8844,158.0672,22.6383971,113.9961247,-347.19,272.0
109.98,76.079,145.8255,34.1835,119.0889,-20.1272,-157.0919,40.3913,158.3761,22.6383776,113.9959645,-351.40,272.4
110.08,76.184,152.3401,34.5715,114.3122,-19.6443,-158.4264,40.6518,159.6397,22.6383588,113.9958033,-355.66,268.2
110.19,76.290,162.6252,32.0468,137.4757,-19.5797,-159.5587,40.7778,160.7555,22.6383401,113.9956392,-359.99,255.9
110.29,76.395,165.8374,35.4856,168.6700,-20.1795,-159.7532,40.6928,161.0226,22.6383213,113.9954760,-364.26,250.7
110.40,76.500,154.8663,39.4656,160.3950,-21.3755,-159.7935,40.7867,161.2169,22.6383014,113.9953119,-368.55,247.6
110.51,76.606,148.3664,44.2445,134.6448,-21.3302,-160.1320,41.3183,161.5464,22.6382808,113.9951470,-372.90,228.1
110.61,76.712,153.2322,47.2842,129.3552,-20.9241,-161.1032,41.6333,162.4563,22.6382606,113.9949813,-377.30,225.1
110.72,76.819,161.9149,41.5396,140.7115,-20.8781,-162.1621,41.7250,163.5006,22.6382405,113.9948138,-381.75,205.6
110.82,76.924,158.6143,31.8489,147.5920,-21.2806,-162.8266,41.4568,164.2113,22.6382205,113.9946469,-386.14,176.7
110.93,77.031,144.2894,28.6519,144.8846,-21.7353,-163.1700,41.6139,164.6112,22.6381999,113.9944788,-390.54,166.7
111.04,77.136,135.1413,31.5334,140.5483,-22.0397,-163.4749,42.2185,164.9539,22.6381791,113.9943119,-394.94,140.6
111.14,77.242,136.7842,35.0436,137.1583,-22.0704,-163.9639,42.7042,165.4427,22.6381580,113.9941430,-399.44,148.7
111.25,77.348,146.5324,38.0376,139.7288,-22.1645,-164.6119,42.8893,166.0974,22.6381368,113.9939736,-403.98,136.8
111.35,77.454,150.1048,35.9782,141.7425,-22.2641,-165.4394,42.6593,166.9308,22.6381155,113.9938033,-408.52,129.5
111.46,77.560,142.1868,31.6081,142.2893,-22.4721,-166.1830,42.6324,167.6956,22.6380940,113.9936314,-413.06,123.9
111.57,77.666,135.5088,32.3350,144.1885,-22.9734,-166.6296,43.2964,168.2058,22.6380724,113.9934605,-417.59,120.1
111.67,77.772,139.3193,40.4536,134.3447,-23.5934,-166.6470,43.6393,168.3089,22.6380500,113.9932886,-422.20,121.5
111.78,77.878,144.7071,40.7624,127.0647,-23.2348,-167.4230,43.8553,169.0276,22.6380276,113.9931164,-426.84,122.6
111.88,77.984,148.8358,39.1405,133.6618,-23.0770,-168.5211,43.7444,170.0938,22.6380054,113.9929431,-431.49,120.6
111.99,78.089,146.9081,36.3857,142.9534,-23.2995,-169.1131,43.7553,170.7106,22.6379834,113.9927698,-436.10,117.4
112.10,78.196,142.3956,34.2019,148.8628,-23.8881,-169.5727,44.2903,171.2470,22.6379606,113.9925934,-440.81,113.2
112.20,78.301,147.9363,37.4956,149.8975,-24.4762,-169.8840,44.5773,171.6382,22.6379376,113.9924200,-445.49,94.6
112.31,78.406,144.8064,35.8837,138.3016,-24.4702,-170.2834,44.4634,172.0327,22.6379144,113.9922462,-450.15,84.1
112.41,78.511,144.7627,31.5345,137.1490,-24.4492,-171.0702,44.8917,172.8085,22.6378912,113.9920718,-454.85,73.9
112.52,78.616,148.9254,32.6377,141.1933,-24.6818,-171.6572,45.1177,173.4225,22.6378679,113.9918967,-459.58,63.4
112.62,78.723,151.0746,33.7418,142.8412,-24.9464,-172.1977,45.1631,173.9954,22.6378442,113.9917193,-464.36,53.0
112.73,78.828,150.9027,32.8349,141.9377,-25.1435,-172.7997,45.3225,174.6194,22.6378204,113.9915431,-469.12,47.2
112.83,78.934,150.3692,31.7359,142.2342,-25.3131,-173.3877,45.5037,175.2257,22.6377962,113.9913645,-473.93,41.6
112.94,79.040,150.2276,31.4360,143.3038,-25.5944,-173.8926,45.8031,175.7661,22.6377719,113.9911854,-478.77,47.1
113.05,79.146,152.1598,32.4304,143.2449,-25.8931,-174.4256,46.0356,176.3370,22.6377472,113.9910057,-483.64,52.6
113.15,79.252,152.7218,32.9929,143.5709,-26.0589,-175.0601,46.1530,176.9890,22.6377223,113.9908254,-488.53,59.1
113.26,79.356,152.0899,30.2051,143.8528,-26.1624,-175.7178,46.3278,177.6547,22.6376977,113.9906471,-493.36,63.7
113.36,79.463,152.2875,24.9908,149.1214,-26.2523,-176.4919,46.4962,178.4337,22.6376725,113.9904645,-498.31,70.9
113.47,79.569,153.2753,28.0544,156.5556,-26.7270,-176.9752,46.8256,178.9820,22.6376471,113.9902821,-503.25,73.7
113.57,79.673,157.2349,37.0520,154.5662,-27.4906,-177.0598,47.0291,179.1812,22.6376215,113.9901021,-508.16,73.0
113.68,79.779,158.4052,38.2083,145.1718,-27.4632,-177.5504,47.3470,179.6619,22.6375952,113.9899192,-513.16,74.1
113.78,79.885,162.7958,39.3379,146.5173,-27.3358,-178.4187,47.3684,180.5006,22.6375689,113.9897357,-518.19,72.0
113.89,79.991,163.6629,36.5868,152.4162,-27.5077,-179.1269,47.4402,181.2267,22.6375427,113.9895512,-523.21,62.6
114.00,80.097,162.8524,34.6382,154.1637,-27.9755,-179.5790,47.6523,181.7450,22.6375162,113.9893662,-528.25,53.4
114.10,80.203,162.8604,34.7083,151.9739,-28.3308,-180.0732,47.9168,182.2882,22.6374894,113.9891824,-533.27,50.5
114.21,80.308,162.2845,34.9747,150.2874,-28.5303,-180.6548,48.1373,182.8938,22.6374625,113.9889981,-538.32,50.1
114.31,80.413,162.6609,36.0794,150.4169,-28.7442,-181.2173,48.3162,183.4828,22.6374353,113.9888133,-543.38,60.1
114.42,80.519,162.9584,36.2860,150.5111,-28.9665,-181.7861,48.5437,184.0794,22.6374077,113.9886260,-548.52,71.7
114.52,80.624,163.6501,36.2556,149.5677,-29.2660,-182.4320,48.6442,184.7645,22.6373801,113.9884400,-553.63,77.4
114.63,80.730,157.6931,33.2250,146.3882,-29.4857,-183.2398,48.6071,185.5970,22.6373519,113.9882514,-558.78,92.9
114.74,80.836,148.9092,33.8440,144.4998,-29.9635,-183.5722,48.8847,186.0015,22.6373235,113.9880621,-563.95,103.3
114.84,80.942,146.4406,37.4484,133.0265,-30.6107,-183.5462,49.3180,186.0812,22.6372945,113.9878727,-569.15,111.0
114.95,81.047,144.7733,40.8046,116.4876,-30.3557,-184.2189,49.5696,186.7031,22.6372654,113.9876840,-574.37,116.8
115.05,81.152,148.4846,43.2642,120.8033,-30.2211,-185.2211,49.7845,187.6704,22.6372367,113.9874953,-579.59,123.8
115.16,81.259,153.6855,38.9378,130.0664,-30.3975,-185.9335,49.8343,188.4019,22.6372075,113.9873029,-584.90,123.7
115.26,81.363,154.3155,32.8215,136.6572,-30.7140,-186.5103,49.8943,189.0223,22.6371787,113.9871135,-590.11,123.5
115.37,81.469,149.9790,29.9412,139.2996,-31.1786,-186.9613,50.1321,189.5432,22.6371491,113.9869209,-595.41,108.6
115.47,81.575,149.1262,34.9562,140.1197,-31.6665,-187.2522,50.6739,189.9109,22.6371190,113.9867278,-600.75,93.0
115.58,81.681,152.3676,38.8774,138.1580,-31.7472,-187.7131,50.8381,190.3788,22.6370886,113.9865345,-606.13,84.9
115.69,81.788,158.2669,40.8697,142.4013,-31.8290,-188.4051,51.0104,191.0748,22.6370582,113.9863404,-611.54,68.1
115.79,81.894,163.0520,41.2683,148.3152,-32.1235,-189.0144,51.0636,191.7247,22.6370276,113.9861457,-616.95,57.0
115.90,81.999,163.0564,40.1148,148.9351,-32.4997,-189.5306,51.1830,192.2968,22.6369969,113.9859523,-622.32,53.3
116.00,82.104,161.5279,38.5766,146.8790,-32.8065,-190.0522,51.3704,192.8630,22.6369659,113.9857584,-627.70,56.0
116.11,82.209,160.6960,38.4392,145.8233,-33.0523,-190.6088,51.5977,193.4533,22.6369347,113.9855639,-633.11,72.5
116.21,82.314,160.6693,39.2317,145.8395,-33.3296,-191.1420,51.8083,194.0261,22.6369032,113.9853688,-638.54,100.3
116.32,82.420,160.1894,40.1934,145.4895,-33.6256,-191.7055,51.9577,194.6321,22.6368712,113.9851713,-644.04,111.1
116.43,82.526,156.9336,40.9039,143.5577,-33.9172,-192.3587,52.0764,195.3260,22.6368388,113.9849732,-649.56,133.8
116.53,82.631,152.3551,44.1519,141.8820,-34.4100,-192.7919,52.2473,195.8386,22.6368063,113.9847755,-655.06,192.0
116.64,82.738,145.3171,46.4916,124.4321,-35.0027,-192.8806,52.4057,196.0309,22.6367729,113.9845756,-660.64,213.0
116.74,82.843,135.1011,45.9826,94.0566,-34.8902,-193.4514,52.6347,196.5725,22.6367395,113.9843774,-666.17,233.7
116.85,82.948,125.2523,47.7799,83.3810,-34.7355,-194.7416,52.7837,197.8152,22.6367065,113.9841791,-671.71,246.0
116.95,83.053,127.8199,53.2103,101.0076,-34.7678,-195.3971,53.6030,198.4662,22.6366735,113.9839796,-677.29,270.1
117.06,83.158,157.2607,56.4669,134.5876,-35.1221,-195.3562,53.7784,198.4883,22.6366404,113.9837800,-682.94,302.3
117.16,83.265,164.1847,45.3592,141.0595,-35.2610,-196.1715,53.5893,199.3153,22.6366067,113.9835781,-688.63,324.4
117.27,83.370,167.2508,40.9171,156.1297,-35.7161,-196.9920,53.6022,200.2037,22.6365731,113.9833771,-694.26,310.5
117.38,83.475,157.6688,41.0051,151.0807,-36.6631,-197.1611,53.6211,200.5409,22.6365388,113.9831757,-699.89,363.2
117.48,83.581,149.6816,38.9076,129.7782,-37.3624,-197.0132,53.9600,200.5246,22.6365033,113.9829724,-705.59,446.4
117.59,83.687,144.1940,37.0811,93.3225,-37.1926,-197.1628,54.0500,200.6402,22.6364675,113.9827692,-711.33,447.1
117.69,83.793,125.7368,45.4984,70.1867,-37.0835,-198.7373,54.0006,202.1675,22.6364319,113.9825650,-717.06,459.9
117.80,83.899,112.5917,53.4264,75.8143,-37.0708,-199.8855,54.7921,203.2940,22.6363964,113.9823593,-722.82,533.3
117.90,84.003,137.9795,63.9346,116.8992,-36.9334,-200.0128,55.5849,203.3942,22.6363615,113.9821559,-728.59,584.2
118.01,84.110,-173.8785,53.3803,173.3274,-36.8438,-200.1704,55.7400,203.5329,22.6363260,113.9819485,-734.53,629.2
118.12,84.216,-157.0831,34.8534,205.6098,-37.3630,-200.9124,55.1910,204.3571,22.6362906,113.9817417,-740.42,656.8
118.22,84.321,-179.6016,30.9248,194.5629,-38.6633,-201.6523,54.3703,205.3254,22.6362543,113.9815349,-746.20,641.6
118.33,84.427,145.6755,7.8692,151.7756,-39.7642,-201.3883,54.8623,205.2765,22.6362166,113.9813270,-751.97,668.6
118.43,84.533,155.6829,-8.1163,108.9220,-39.9636,-201.1710,56.1124,205.1021,22.6361784,113.9811194,-757.85,828.3
118.54,84.640,162.2577,20.2571,63.9994,-39.5199,-201.5068,55.8947,205.3456,22.6361402,113.9809108,-763.83,789.5
118.65,84.745,137.0150,38.4712,35.0984,-39.8223,-202.9019,55.6365,206.7728,22.6361024,113.9807033,-769.71,761.5
118.75,84.851,111.0417,45.9279,35.4676,-40.1308,-204.7016,56.1841,208.5982,22.6360645,113.9804950,-775.57,814.7
118.86,84.957,91.8685,67.4680,50.1160,-39.6384,-205.1585,57.1844,208.9527,22.6360263,113.9802835,-781.58,785.2
118.96,85.062,-160.3234,74.0564,181.0817,-39.2999,-204.9593,57.7249,208.6931,22.6359888,113.9800740,-787.62,808.0
119.07,85.168,-148.9414,42.5499,211.1718,-39.5752,-205.3497,57.0103,209.1284,22.6359512,113.9798624,-793.71,808.5
119.17,85.274,-171.8097,33.2580,205.4484,-40.6903,-206.2332,56.2839,210.2090,22.6359128,113.9796501,-799.72,780.0
119.28,85.380,145.8360,20.1855,166.6294,-42.3526,-206.1358,56.1189,210.4417,22.6358731,113.9794373,-805.66,796.8
119.39,85.486,144.3804,-3.1816,122.1307,-42.8796,-205.8353,57.5915,210.2542,22.6358322,113.9792248,-811.69,1021.3
119.49,85.592,157.3129,22.6172,67.8208,-42.1541,-205.8719,57.4648,210.1433,22.6357914,113.9790125,-817.82,820.7
119.60,85.697,131.7787,44.7713,36.6330,-42.3482,-207.3671,57.3641,211.6470,22.6357512,113.9788004,-823.89,834.2
119.70,85.803,103.4106,56.4241,33.7864,-42.5611,-209.1642,58.0599,213.4505,22.6357104,113.9785855,-830.00,894.9
119.81,85.909,84.5113,76.0799,46.7792,-42.0602,-209.4913,58.9343,213.6718,22.6356699,113.9783694,-836.21,879.8
119.91,86.015,-140.2040,75.8238,204.6084,-41.9617,-209.3882,59.0230,213.5514,22.6356297,113.9781534,-842.47,894.0
120.02,86.122,-154.3411,56.9057,206.9613,-42.9051,-210.1602,58.2539,214.4951,22.6355889,113.9779361,-848.72,841.8
120.13,86.227,161.2991,55.1955,166.6289,-44.2898,-210.4478,57.6210,215.0578,22.6355474,113.9777200,-854.82,815.5
120.23,86.332,135.9322,26.2072,119.7126,-45.2952,-209.8968,58.5685,214.7285,22.6355048,113.9775052,-860.91,1034.8
120.34,86.438,145.8959,34.3336,59.5184,-44.3887,-209.5493,58.8918,214.1991,22.6354621,113.9772911,-867.12,1032.8
120.44,86.543,116.3411,46.7418,17.9428,-44.6208,-211.2949,58.8333,215.9549,22.6354199,113.9770760,-873.31,811.6
120.55,86.648,89.1832,52.3289,13.3556,-45.1112,-213.1391,59.4682,217.8607,22.6353772,113.9768591,-879.52,849.2
120.65,86.753,65.8128,69.4367,24.2323,-44.6040,-213.5424,60.3698,218.1510,22.6353346,113.9766410,-885.81,818.5
120.76,86.858,-173.2756,74.8822,170.5551,-44.4524,-213.3367,60.5632,217.9187,22.6352925,113.9764229,-892.17,796.7
120.86,86.963,-169.9286,48.3604,189.6619,-45.1048,-213.9119,59.8769,218.6155,22.6352500,113.9762046,-898.50,759.8
120.97,87.069,158.9824,38.9491,171.2837,-46.3950,-214.2994,59.2076,219.2641,22.6352062,113.9759836,-904.81,721.2
121.07,87.175,133.7322,21.9500,138.5511,-47.4172,-214.2269,59.9020,219.4118,22.6351613,113.9757626,-911.12,830.6
121.18,87.281,143.4795,21.2832,94.2899,-47.4878,-214.0925,60.7461,219.2959,22.6351157,113.9755417,-917.52,812.0
121.29,87.387,127.3643,49.5267,59.5743,-47.2551,-215.2940,60.5988,220.4190,22.6350702,113.9753191,-923.99,589.4
121.39,87.492,104.8675,57.4177,51.1166,-47.3503,-216.8168,60.9868,221.9269,22.6350254,113.9750983,-930.36,592.3
121.50,87.598,107.5229,73.2634,76.0434,-47.3096,-217.0410,61.5590,222.1374,22.6349800,113.9748744,-936.86,583.5
121.60,87.703,173.8885,64.4707,153.0885,-47.5095,-217.1938,61.7650,222.3293,22.6349351,113.9746525,-943.34,554.9
121.71,87.809,-179.2436,50.5758,164.4432,-48.0996,-217.6830,61.3033,222.9337,22.6348894,113.9744282,-949.87,526.3
121.82,87.916,166.5565,46.9818,142.5190,-49.0594,-217.9674,61.1238,223.4203,22.6348428,113.9742035,-956.36,486.5
121.92,88.022,150.5069,46.3332,106.7640,-49.5490,-218.0664,61.4401,223.6248,22.6347956,113.9739785,-962.85,498.3
122.03,88.128,136.5492,45.5186,71.9499,-49.6452,-218.3876,61.7577,223.9594,22.6347478,113.9737524,-969.42,498.7
122.13,88.234,120.3848,42.1445,46.8254,-49.8007,-219.3794,61.9685,224.9609,22.6347005,113.9735277,-975.95,397.2
122.24,88.340,104.8015,49.6947,45.5672,-50.0145,-220.5840,62.3437,226.1830,22.6346526,113.9733007,-982.53,399.2
122.34,88.445,103.1299,65.3144,64.7875,-50.0500,-220.8428,62.7274,226.4432,22.6346052,113.9730750,-989.11,389.7
122.45,88.550,124.4028,65.1715,94.6148,-50.2614,-221.0815,62.9080,226.7228,22.6345576,113.9728493,-995.71,384.8
122.56,88.655,141.7736,65.4314,120.4340,-50.4549,-221.5795,63.0665,227.2513,22.6345096,113.9726220,-1002.35,401.0
122.66,88.761,161.5972,66.5670,145.4665,-51.0499,-221.9420,63.0200,227.7375,22.6344610,113.9723932,-1009.05,386.2
122.77,88.867,147.8940,54.8063,136.6926,-51.7082,-222.5309,62.8405,228.4595,22.6344118,113.9721639,-1015.71,419.4
122.87,88.974,139.4573,45.5766,124.8155,-52.4974,-222.6774,63.2230,228.7820,22.6343617,113.9719331,-1022.42,497.7
122.98,89.079,146.0184,39.6111,90.5146,-52.7916,-222.1840,63.5267,228.3696,22.6343114,113.9717047,-1029.12,501.8
123.09,89.185,124.6615,43.5454,49.0374,-52.6039,-223.6809,63.3369,229.7832,22.6342610,113.9714748,-1035.83,496.4
123.19,89.292,103.3785,49.8798,47.4358,-52.8263,-225.0524,63.9539,231.1692,22.6342106,113.9712432,-1042.56,517.5
123.30,89.398,113.6939,67.1931,79.4741,-52.8095,-225.1500,64.5877,231.2603,22.6341600,113.9710110,-1049.39,523.3
123.40,89.504,162.2048,54.2824,137.9084,-52.8841,-225.3657,64.7483,231.4874,22.6341094,113.9707786,-1056.25,542.1
123.51,89.610,179.6432,45.4112,167.6850,-53.3665,-225.8226,64.3710,232.0427,22.6340584,113.9705448,-1063.13,530.7
123.62,89.716,160.4912,38.7283,155.4297,-54.4307,-226.0753,64.0102,232.5354,22.6340070,113.9703127,-1069.90,509.5
123.72,89.821,138.6487,24.7899,123.4693,-55.1595,-225.9601,64.3582,232.5952,22.6339549,113.9700817,-1076.64,570.3
123.83,89.927,139.0774,27.3105,86.0906,-55.1794,-226.3584,64.9861,232.9869,22.6339020,113.9698485,-1083.51,539.3
123.93,90.033,124.9128,39.0715,62.7663,-55.2483,-227.4680,64.8935,234.0813,22.6338492,113.9696144,-1090.39,456.7
124.04,90.138,106.6633,49.8443,56.9290,-55.4838,-228.4544,65.3775,235.0954,22.6337964,113.9693803,-1097.26,449.6
124.14,90.244,113.0894,66.5622,78.0722,-55.5947,-228.7163,65.9174,235.3761,22.6337432,113.9691444,-1104.22,462.6
124.25,90.350,155.5036,68.8990,126.6996,-55.7017,-229.0286,65.7868,235.7048,22.6336899,113.9689083,-1111.21,438.0
124.36,90.457,161.7145,62.5438,141.2275,-56.2199,-229.4522,65.6216,236.2392,22.6336361,113.9686707,-1118.21,437.7
124.46,90.562,145.1899,61.0944,127.2885,-57.0463,-229.7387,65.5640,236.7153,22.6335821,113.9684349,-1125.13,467.2
124.57,90.668,130.6582,54.1345,100.1255,-57.7221,-229.7057,65.9196,236.8471,22.6335271,113.9681979,-1132.09,471.7
124.68,90.775,136.4612,36.7415,71.0154,-57.6304,-229.7723,65.9621,236.8893,22.6334717,113.9679610,-1139.10,440.0
124.78,90.881,116.6439,39.3939,51.1603,-57.7750,-231.5438,66.0463,238.6430,22.6334165,113.9677229,-1146.10,393.1
124.89,90.987,104.6962,54.2317,64.3316,-57.9544,-232.1012,66.8684,239.2272,22.6333611,113.9674837,-1153.14,394.5
124.99,91.093,133.7217,61.9682,108.0818,-58.1131,-232.1162,67.1551,239.2803,22.6333052,113.9672431,-1160.29,400.1
125.10,91.199,149.7696,58.8885,128.9656,-58.3782,-232.4935,66.9584,239.7107,22.6332498,113.9670046,-1167.37,384.5
125.20,91.304,152.8631,59.1610,136.1363,-59.0631,-232.9197,66.8434,240.2915,22.6331941,113.9667668,-1174.40,362.6
125.31,91.409,133.6312,54.1373,117.0911,-59.7461,-233.2208,66.7546,240.7521,22.6331377,113.9665285,-1181.40,337.7
125.41,91.515,131.2177,45.4359,99.9079,-60.3367,-233.2335,67.4043,240.9115,22.6330802,113.9662879,-1188.51,317.3
125.52,91.620,141.0401,36.9207,80.3783,-60.3098,-233.4259,67.3673,241.0911,22.6330226,113.9660484,-1195.64,243.3
125.63,91.727,127.8286,39.6167,63.8779,-60.4614,-234.7182,67.3223,242.3804,22.6329645,113.9658057,-1202.82,216.4
125.73,91.832,111.1986,50.3071,64.9067,-60.6868,-235.4541,67.8539,243.1491,22.6329068,113.9655642,-1209.94,220.1
125.84,91.939,109.1227,59.4602,69.7169,-61.0711,-235.4199,68.0867,243.2123,22.6328483,113.9653201,-1217.19,193.3
125.94,92.044,118.6222,58.3371,77.2936,-61.4189,-235.8191,68.1833,243.6861,22.6327899,113.9650782,-1224.38,219.6
126.05,92.151,119.1556,59.1832,77.9488,-61.7842,-236.2943,68.2390,244.2382,22.6327309,113.9648346,-1231.62,233.6
126.16,92.257,114.1111,59.2215,71.5028,-62.1155,-236.6520,68.2685,244.6682,22.6326715,113.9645907,-1238.86,214.0
126.26,92.363,108.8969,57.1680,64.2126,-62.4250,-237.1018,68.5196,245.1818,22.6326119,113.9643463,-1246.11,237.3
126.37,92.469,115.2658,56.8592,72.8134,-62.6721,-237.7775,68.9350,245.8982,22.6325520,113.9641013,-1253.39,268.4
126.47,92.575,137.4551,52.1923,102.0934,-62.7858,-238.2920,69.1166,246.4247,22.6324919,113.9638557,-1260.71,299.5
126.58,92.681,155.7326,44.5889,129.2875,-63.0121,-238.7503,69.0424,246.9255,22.6324317,113.9636096,-1268.04,344.6
126.69,92.785,153.9801,42.0656,136.1702,-63.8230,-238.8242,68.5331,247.2051,22.6323718,113.9633667,-1275.24,378.4
126.79,92.892,134.0445,29.4212,114.9058,-64.5398,-238.6327,68.8144,247.2062,22.6323101,113.9631191,-1282.55,473.0
126.90,92.996,136.3427,10.8057,87.8661,-64.9525,-238.2960,69.6089,246.9895,22.6322489,113.9628766,-1289.78,597.5
127.00,93.102,130.9142,20.4963,51.6745,-64.7044,-239.3498,69.1926,247.9415,22.6321869,113.9626304,-1297.14,620.7
127.11,93.208,104.1115,29.2758,37.4410,-65.2856,-241.1675,69.2877,249.8479,22.6321248,113.9623826,-1304.46,648.1
127.21,93.314,86.8015,52.4211,44.3667,-65.2731,-241.5259,70.3409,250.1906,22.6320622,113.9621334,-1311.86,708.0
127.32,93.420,132.2775,64.8562,101.2175,-65.2907,-241.5089,71.1454,250.1788,22.6319997,113.9618843,-1319.37,719.3
127.43,93.527,-162.0350,53.3425,172.6594,-65.4747,-242.0181,70.5556,250.7184,22.6319369,113.9616338,-1326.94,734.4
127.53,93.633,159.2774,40.4054,143.5343,-66.7496,-242.0324,69.0132,251.0681,22.6318736,113.9613851,-1334.28,743.0
127.64,93.739,128.5395,17.5253,115.0072,-67.4290,-241.4878,69.7773,250.7250,22.6318094,113.9611357,-1341.63,756.8
127.74,93.844,138.7426,-6.4697,75.0174,-67.5190,-240.9594,70.9910,250.2404,22.6317453,113.9608892,-1349.02,1032.2
127.85,93.949,143.9230,1.2799,23.3138,-67.1236,-242.1098,70.4700,251.2424,22.6316817,113.9606426,-1356.46,969.5
127.96,94.055,117.0487,19.4094,3.4300,-68.2283,-243.7378,70.1386,253.1071,22.6316170,113.9603920,-1363.90,906.3
128.06,94.161,87.6285,41.2667,12.6466,-68.7662,-244.9618,71.3881,254.4309,22.6315512,113.9601398,-1371.40,916.4
128.17,94.267,76.3909,77.9798,29.0906,-68.2595,-244.9380,72.6248,254.2715,22.6314856,113.9598870,-1379.04,903.5
128.27,94.372,-130.7903,59.5502,193.9061,-68.0205,-245.0289,71.9244,254.2950,22.6314208,113.9596356,-1386.69,906.2
128.38,94.479,-151.9676,44.2737,181.5903,-68.8533,-245.5626,71.0207,255.0329,22.6313550,113.9593813,-1394.31,887.1
128.48,94.584,164.8988,40.4986,148.9463,-69.9488,-245.3830,70.4618,255.1581,22.6312888,113.9591292,-1401.76,874.1
128.59,94.690,134.6218,15.7889,112.4834,-70.7682,-244.6992,71.3110,254.7270,22.6312214,113.9588764,-1409.26,868.2
128.70,94.796,149.0347,9.8117,64.3919,-70.5444,-244.0614,72.1371,254.0522,22.6311535,113.9586244,-1416.88,1083.1
128.80,94.902,134.9584,26.9885,17.9031,-70.5974,-245.5074,71.2823,255.4562,22.6310862,113.9583719,-1424.47,790.3
128.91,95.008,104.7881,31.7697,7.8997,-71.6228,-247.2853,71.5630,257.4487,22.6310181,113.9581176,-1432.02,860.0
129.01,95.114,76.5799,51.2793,11.3524,-71.6086,-248.0504,72.9166,258.1797,22.6309494,113.9578621,-1439.68,860.0
129.12,95.219,78.3982,81.1524,33.3930,-71.0575,-248.1512,73.6822,258.1243,22.6308818,113.9576085,-1447.39,812.6
129.22,95.325,-150.5893,66.3555,179.7737,-70.9648,-248.4770,73.2213,258.4121,22.6308145,113.9573548,-1455.11,774.6
129.33,95.431,-168.2907,56.0140,178.9435,-72.1701,-248.7566,71.7240,259.0142,22.6307460,113.9570982,-1462.79,735.7
129.44,95.537,134.6534,41.8413,127.9892,-73.3579,-248.0522,71.4933,258.6721,22.6306763,113.9568419,-1470.37,713.3
129.54,95.643,119.2666,10.0555,94.8872,-73.9146,-247.6142,72.6001,258.4109,22.6306057,113.9565863,-1478.01,687.6
129.65,95.749,112.8135,-10.6246,80.7753,-73.5480,-248.0737,72.9903,258.7467,22.6305351,113.9563306,-1485.73,654.1
129.75,95.855,94.4718,-13.9529,87.2679,-73.6087,-249.1307,73.0974,259.7775,22.6304643,113.9560729,-1493.52,395.7
129.86,95.961,77.6035,-7.5008,100.5277,-73.5538,-249.7213,73.3548,260.3284,22.6303942,113.9558168,-1501.24,391.4
129.97,96.066,68.0453,-2.0893,106.5670,-73.9383,-250.0330,73.5783,260.7362,22.6303242,113.9555614,-1508.96,288.7
130.07,96.172,78.1152,2.7652,97.6084,-74.8753,-250.5866,73.5866,261.5338,22.6302530,113.9553031,-1516.76,222.0
130.18,96.278,89.6095,5.5005,93.0989,-75.5585,-251.0985,73.7150,262.2204,22.6301809,113.9550444,-1524.57,196.9
130.28,96.384,98.4131,6.6306,101.4245,-76.2111,-251.7270,74.0865,263.0107,22.6301082,113.9547849,-1532.40,191.0
130.39,96.489,108.8998,5.8279,114.3057,-76.8160,-252.2028,74.4747,263.6417,22.6300353,113.9545262,-1540.25,179.3
130.50,96.595,113.2110,3.4099,120.8100,-77.2887,-251.8798,74.4617,263.4711,22.6299616,113.9542661,-1548.14,172.7
130.60,96.702,114.2193,-1.9619,117.5254,-77.7738,-251.7244,74.3380,263.4652,22.6298870,113.9540050,-1556.07,159.5
130.71,96.807,113.8503,1.6466,106.9450,-77.7835,-251.5820,74.0630,263.3321,22.6298129,113.9537466,-1563.90,163.0
130.81,96.914,111.3534,3.5810,89.2902,-77.6481,-251.9588,74.0366,263.6522,22.6297384,113.9534870,-1571.75,172.4
130.92,97.019,110.2967,9.7429,72.5119,-77.6474,-252.6871,74.3087,264.3480,22.6296648,113.9532291,-1579.54,168.2
131.03,97.125,110.1320,14.9627,63.7136,-77.9698,-253.4446,74.6773,265.1668,22.6295903,113.9529680,-1587.44,163.0
131.13,97.231,112.9918,17.7028,67.9853,-78.5686,-254.0733,74.9906,265.9441,22.6295153,113.9527062,-1595.38,166.0
131.24,97.337,120.2779,18.5170,82.2908,-79.1697,-254.5951,75.1434,266.6205,22.6294398,113.9524438,-1603.34,171.2
131.34,97.443,126.9816,13.8231,99.1497,-79.9908,-254.8766,75.3877,267.1341,22.6293633,113.9521798,-1611.35,166.7
131.45,97.549,134.1633,11.7668,109.8635,-80.6848,-255.1418,75.5960,267.5956,22.6292866,113.9519179,-1619.32,155.9
131.55,97.654,135.5908,13.8794,113.9872,-81.3255,-254.7136,75.4403,267.3815,22.6292098,113.9516574,-1627.25,148.9
131.66,97.760,130.4803,15.1077,107.5623,-81.6682,-254.7256,75.4695,267.4974,22.6291317,113.9513946,-1635.25,156.1
131.76,97.865,125.4236,18.7404,96.2562,-81.7279,-254.6987,75.4523,267.4900,22.6290538,113.9511331,-1643.21,157.2
131.87,97.972,121.6858,17.6039,83.8854,-81.7266,-255.1441,75.7531,267.9137,22.6289752,113.9508689,-1651.27,152.4
131.98,98.077,124.0886,21.5606,77.5534,-81.8807,-255.8258,75.9939,268.6099,22.6288972,113.9506066,-1659.28,140.6
132.08,98.184,123.9729,20.4584,83.1374,-82.4002,-256.5003,76.1355,269.4108,22.6288182,113.9503410,-1667.38,146.8
132.19,98.289,125.8194,16.3160,94.5033,-83.3079,-256.8946,76.3980,270.0648,22.6287393,113.9500774,-1675.43,154.0
132.29,98.394,132.6698,8.7602,103.4616,-84.1357,-257.4658,76.7011,270.8643,22.6286598,113.9498146,-1683.47,151.7
132.40,98.500,143.9078,13.1508,111.0032,-84.7588,-257.3527,76.6660,270.9511,22.6285789,113.9495490,-1691.60,139.7
132.51,98.607,144.2067,9.6609,107.2991,-85.2713,-257.0208,76.6178,270.7968,22.6284974,113.9492836,-1699.73,142.8
132.61,98.713,142.5509,8.5355,95.7059,-85.5145,-256.8222,76.6989,270.6851,22.6284156,113.9490186,-1707.86,157.1
132.72,98.819,136.8504,8.7982,81.3709,-85.4668,-257.0652,76.7072,270.9006,22.6283337,113.9487535,-1715.99,157.2
132.82,98.925,132.4215,12.1493,71.3044,-85.5671,-257.7716,76.9914,271.6025,22.6282514,113.9484867,-1724.18,140.7
132.93,99.031,132.9130,15.1208,70.4878,-85.9825,-258.6331,77.3311,272.5511,22.6281697,113.9482216,-1732.32,129.3
133.04,99.136,136.0888,17.2677,81.1037,-86.7028,-259.2473,77.5239,273.3616,22.6280878,113.9479569,-1740.46,142.0
133.14,99.242,143.2911,13.2707,91.7992,-87.6446,-259.5388,77.7018,273.9379,22.6280043,113.9476893,-1748.69,147.5
133.25,99.348,149.3946,13.1576,103.2688,-88.3880,-259.5839,77.8238,274.2193,22.6279200,113.9474214,-1756.93,140.5
133.35,99.454,147.6704,9.3306,102.7495,-88.9973,-259.2039,77.8044,274.0569,22.6278350,113.9471538,-1765.18,136.2
133.46,99.559,142.2368,9.3917,97.2313,-89.3177,-259.1720,77.8757,274.1310,22.6277500,113.9468877,-1773.40,158.9
133.56,99.665,136.5680,14.4115,87.0341,-89.3369,-259.1222,77.8371,274.0901,22.6276644,113.9466203,-1781.65,162.5
133.67,99.771,131.8262,17.6767,74.8261,-89.4183,-259.7159,78.0907,274.6780,22.6275789,113.9463527,-1789.92,155.1
133.78,99.876,130.8700,23.7944,69.1625,-89.7722,-260.3866,78.4350,275.4274,22.6274939,113.9460869,-1798.14,157.7
133.88,99.981,134.8234,25.9439,76.2320,-90.5081,-261.1790,78.7310,276.4167,22.6274084,113.9458204,-1806.39,175.6
133.99,100.087,143.8944,25.1425,94.6360,-91.4073,-261.5177,78.9381,277.0321,22.6273222,113.9455532,-1814.67,187.6
134.09,100.193,149.7567,19.3419,102.8667,-92.2494,-261.3523,78.9119,277.1551,22.6272342,113.9452834,-1823.04,185.2
134.20,100.299,146.3603,14.4315,97.0879,-92.7629,-260.8648,78.8997,276.8671,22.6271456,113.9450140,-1831.40,179.2
134.31,100.405,140.8757,16.0276,83.7139,-92.8761,-260.7787,78.9957,276.8239,22.6270567,113.9447449,-1839.77,180.7
134.41,100.511,135.9176,18.4345,66.0742,-92.9723,-261.0153,79.1349,277.0791,22.6269677,113.9444758,-1848.16,185.2
134.52,100.617,129.9448,20.1761,49.9256,-93.5401,-261.5134,79.1260,277.7391,22.6268780,113.9442050,-1856.59,191.6
134.62,100.723,120.7334,23.1708,43.7520,-94.4357,-262.3344,79.2035,278.8143,22.6267884,113.9439361,-1864.94,238.4
134.73,100.828,113.0866,28.0228,44.9903,-95.0578,-262.8304,79.3966,279.4920,22.6266985,113.9436677,-1873.27,277.3
134.83,100.934,107.5668,32.9297,48.9990,-95.5224,-263.3075,79.7445,280.0989,22.6266072,113.9433963,-1881.70,283.8
134.94,101.040,106.2684,40.8835,57.8403,-95.7888,-263.6246,80.2679,280.4878,22.6265156,113.9431244,-1890.18,291.0
135.05,101.146,113.4090,50.7614,75.8159,-95.9275,-263.8022,80.8042,280.7021,22.6264238,113.9428524,-1898.72,314.8
135.15,101.251,135.1997,60.0715,113.5609,-96.0597,-263.8280,81.1210,280.7716,22.6263323,113.9425814,-1907.27,340.0
135.26,101.358,153.7326,56.0802,146.9324,-96.5489,-263.8003,81.0790,280.9133,22.6262396,113.9423079,-1915.91,363.7
135.36,101.463,160.8874,52.8506,163.6534,-97.3524,-263.9963,80.5743,281.3743,22.6261472,113.9420370,-1924.45,384.4
135.47,101.569,143.7852,47.6848,153.3348,-98.3062,-264.0955,80.2170,281.7988,22.6260535,113.9417645,-1932.97,395.8
135.58,101.676,124.8694,37.3430,133.0783,-99.1799,-264.0215,80.2305,282.0354,22.6259589,113.9414920,-1941.47,388.3
135.68,101.782,115.0704,23.1029,111.9625,-99.8848,-263.8296,80.4461,282.1046,22.6258635,113.9412197,-1949.99,340.8
135.79,101.888,116.3101,6.2537,91.1096,-100.1402,-263.7452,80.9742,282.1162,22.6257677,113.9409476,-1958.55,305.3
135.89,101.994,125.3502,-1.6569,71.6525,-100.3039,-263.9003,81.6327,282.3194,22.6256717,113.9406754,-1967.17,300.7
136.00,102.100,137.6336,-2.3163,54.3816,-100.3845,-264.0793,82.0841,282.5154,22.6255756,113.9404030,-1975.85,292.9
136.11,102.206,146.1883,2.0934,40.3059,-100.7523,-264.3680,82.1557,282.9160,22.6254793,113.9401304,-1984.56,270.6
136.21,102.311,146.5935,12.0311,31.7368,-101.5235,-264.7628,81.7660,283.5602,22.6253834,113.9398600,-1993.17,272.4
136.32,102.417,137.3108,18.9395,30.1630,-102.4564,-265.4053,81.5053,284.4948,22.6252857,113.9395865,-2001.83,277.3
136.42,102.522,126.2821,25.6664,34.7048,-103.1199,-266.0959,81.7827,285.3782,22.6251877,113.9393136,-2010.44,277.8
136.53,102.628,119.0888,33.1066,44.3515,-103.4822,-266.5659,82.3166,285.9475,22.6250887,113.9390388,-2019.13,259.3
136.63,102.734,120.1272,42.3199,59.5477,-103.6912,-266.8072,83.0236,286.2480,22.6249895,113.9387636,-2027.90,267.5
136.74,102.841,133.2269,52.6541,83.6542,-103.7232,-266.8307,83.4170,286.2816,22.6248897,113.9384870,-2036.77,289.6
136.85,102.946,147.5983,51.7437,112.0213,-103.9922,-266.8318,83.3838,286.3802,22.6247907,113.9382130,-2045.57,306.3
136.95,103.053,157.6655,48.5638,136.0315,-104.7140,-266.7866,83.0966,286.6010,22.6246908,113.9379377,-2054.40,318.3
137.06,103.159,155.1405,44.5696,140.1468,-105.7621,-266.7639,82.6944,286.9644,22.6245900,113.9376624,-2063.20,332.8
137.16,103.265,140.5768,36.9504,126.5976,-106.7582,-266.5313,82.4446,287.1172,22.6244882,113.9373873,-2071.95,345.0
137.27,103.371,129.5948,24.1133,107.8518,-107.3898,-266.2976,82.6692,287.1358,22.6243856,113.9371124,-2080.70,345.5
137.38,103.477,127.5902,12.6896,85.7930,-107.6745,-266.0869,83.2335,287.0471,22.6242820,113.9368364,-2089.53,356.2
137.48,103.583,135.1504,8.1703,62.6978,-107.6416,-266.1285,83.9751,287.0733,22.6241794,113.9365632,-2098.36,338.9
137.59,103.688,145.2206,15.4154,40.7096,-107.5522,-266.2447,84.2937,287.1475,22.6240773,113.9362912,-2107.20,357.8
137.69,103.794,147.8454,31.2577,20.7849,-108.1725,-266.6346,84.0146,287.7417,22.6239741,113.9360162,-2116.13,368.4
137.80,103.900,135.3285,44.3543,358.7670,-109.5620,-267.2696,83.7590,288.8544,22.6238698,113.9357408,-2125.01,360.6
137.91,104.005,119.2935,61.2886,336.8404,-109.8975,-267.5224,84.2985,289.2157,22.6237651,113.9354662,-2133.88,370.3
138.01,104.111,126.8716,64.6173,329.2600,-110.2019,-267.9149,84.9340,289.6944,22.6236597,113.9351899,-2142.86,364.6
138.12,104.217,148.1911,66.9679,336.3078,-110.5888,-268.2734,85.0560,290.1733,22.6235540,113.9349133,-2151.87,393.1
138.22,104.323,175.9464,59.6984,348.2024,-111.2018,-268.4036,85.1118,290.5277,22.6234477,113.9346364,-2160.89,410.8
138.33,104.430,-169.1943,42.7309,345.3439,-111.8079,-268.3701,85.0118,290.7293,22.6233409,113.9343595,-2169.91,409.9
138.44,104.536,-166.6817,12.5533,332.2983,-112.4633,-268.2537,84.9389,290.8746,22.6232335,113.9340827,-2178.92,403.1
138.54,104.642,-174.8427,-8.1780,332.0880,-113.0585,-268.2639,84.7789,291.1147,22.6231255,113.9338059,-2187.92,419.7
138.65,104.748,154.4721,-27.5590,351.9497,-113.5928,-268.6517,84.8089,291.6797,22.6230170,113.9335289,-2196.91,416.6
138.75,104.854,127.4870,-24.2305,18.7930,-114.0963,-268.8363,85.2709,292.0461,22.6229079,113.9332516,-2205.93,399.9
138.86,104.960,108.4769,-18.1659,40.3955,-114.4874,-269.0188,85.4018,292.3670,22.6227979,113.9329728,-2215.02,397.8
138.97,105.066,89.4930,-12.3982,63.8583,-115.0674,-269.2092,85.4848,292.7697,22.6226885,113.9326965,-2224.04,438.6
139.07,105.172,82.0890,2.7747,77.3173,-115.6704,-269.4564,85.7422,293.2344,22.6225780,113.9324186,-2233.11,436.8
139.18,105.278,80.7114,20.3381,85.8074,-116.3480,-269.7214,86.0337,293.7457,22.6224668,113.9321404,-2242.22,469.5
139.28,105.384,86.2817,42.1123,87.7293,-116.9997,-269.8396,86.3845,294.1128,22.6223551,113.9318620,-2251.36,463.9
139.39,105.489,89.1153,63.8804,80.5130,-117.6264,-269.7541,86.7672,294.2843,22.6222433,113.9315849,-2260.50,468.1
139.50,105.595,61.0171,79.0284,34.8248,-118.2494,-269.4115,86.8546,294.2201,22.6221303,113.9313068,-2269.71,466.2
139.60,105.701,63.4565,80.6537,11.6399,-118.7583,-269.1259,86.8150,294.1637,22.6220167,113.9310290,-2278.92,465.8
139.71,105.807,125.4752,72.9706,46.5288,-118.9995,-269.0490,86.7374,294.1908,22.6219029,113.9307513,-2288.13,464.5
139.81,105.913,142.5133,48.6684,36.7087,-119.0988,-269.0292,86.9010,294.2128,22.6217899,113.9304764,-2297.24,488.7
139.92,106.019,155.2569,26.9246,20.0545,-119.3604,-269.2354,87.2364,294.5074,22.6216757,113.9301987,-2306.48,536.2
140.03,106.125,167.6774,14.3857,358.7724,-119.5490,-269.5442,87.4006,294.8661,22.6215613,113.9299208,-2315.74,512.2
140.13,106.231,175.6823,9.6398,335.9461,-120.0873,-269.8542,87.4330,295.3680,22.6214466,113.9296425,-2325.01,535.6
140.24,106.337,170.7628,2.8209,321.5528,-120.9075,-269.9704,87.1357,295.8084,22.6213312,113.9293640,-2334.27,468.0
140.34,106.443,146.1609,-23.4644,325.5814,-121.6593,-270.4802,87.1715,296.5814,22.6212150,113.9290852,-2343.50,449.0
140.45,106.548,108.7957,-35.6314,357.6588,-122.4216,-270.6397,87.6428,297.0403,22.6210992,113.9288087,-2352.68,445.9
140.55,106.654,86.5292,-22.0726,25.3877,-123.0948,-270.7312,87.9470,297.4016,22.6209816,113.9285294,-2361.99,473.8
140.66,106.760,76.9263,-0.5987,46.3607,-123.6940,-270.8226,88.2075,297.7332,22.6208634,113.9282501,-2371.33,467.0
140.77,106.866,77.8385,19.1620,58.5925,-124.3716,-270.7310,88.4710,297.9322,22.6207446,113.9279707,-2380.69,493.8
140.87,106.971,87.7018,36.8280,61.7854,-125.2647,-270.5166,88.7854,298.1115,22.6206256,113.9276927,-2390.05,484.9
140.98,107.077,96.4978,56.9071,42.8096,-125.7201,-270.1296,89.1783,297.9522,22.6205053,113.9274138,-2399.49,433.4
141.08,107.184,75.2449,66.8532,357.4407,-125.8405,-269.8246,89.0439,297.7266,22.6203843,113.9271339,-2408.98,407.0
141.19,107.289,84.2255,64.6523,340.4808,-125.8550,-269.7783,88.9541,297.6908,22.6202643,113.9268569,-2418.37,393.1
141.29,107.395,122.9744,54.2904,345.9023,-125.8094,-270.0900,88.9660,297.9541,22.6201438,113.9265785,-2427.80,429.0
141.40,107.501,148.3158,43.5813,336.5574,-126.3761,-270.7589,89.0798,298.7998,22.6200231,113.9262994,-2437.24,473.8
141.51,107.608,166.3877,37.3217,332.7472,-126.9852,-271.0300,89.1683,299.3033,22.6199017,113.9260199,-2446.70,483.4
141.61,107.714,168.8736,20.8041,316.2162,-127.4603,-271.1884,89.1400,299.6486,22.6197798,113.9257402,-2456.15,435.1
141.72,107.820,158.8115,-1.1171,310.8686,-128.3148,-271.1777,89.1782,300.0034,22.6196568,113.9254592,-2465.65,428.0
141.83,107.926,131.1607,-18.1687,337.0792,-129.1910,-271.4045,89.4801,300.5839,22.6195334,113.9251794,-2475.12,410.3
141.93,108.032,102.1649,-5.9443,14.3698,-129.7699,-271.5308,90.0753,300.9472,22.6194100,113.9249006,-2484.59,404.7
142.04,108.138,91.3862,18.8328,36.9105,-130.2661,-271.2704,90.4526,300.9267,22.6192854,113.9246206,-2494.17,405.2
142.14,108.243,90.7630,37.2132,42.2898,-131.0037,-270.8960,90.4788,300.9096,22.6191614,113.9243436,-2503.67,427.3
142.25,108.349,92.7286,48.9744,35.1324,-131.6687,-270.6924,90.4907,301.0167,22.6190356,113.9240642,-2513.26,424.3
142.35,108.455,90.7464,52.3138,4.6791,-131.8788,-270.5713,90.4301,300.9997,22.6189094,113.9237850,-2522.85,375.4
142.46,108.561,85.5033,53.3994,331.5524,-131.9804,-270.4445,90.5051,300.9303,22.6187830,113.9235059,-2532.45,359.7
142.57,108.667,99.6360,54.9766,318.8735,-132.0182,-270.7792,90.4565,301.2477,22.6186560,113.9232254,-2542.09,387.1
142.67,108.772,133.1039,44.3604,333.2446,-132.4478,-271.2241,90.7035,301.8359,22.6185306,113.9229484,-2551.59,412.2
142.78,108.878,154.5138,37.6331,339.2199,-133.0318,-271.5459,90.7960,302.3816,22.6184034,113.9226684,-2561.22,411.7
142.88,108.984,160.9048,24.9737,339.2085,-133.6811,-271.5231,90.7158,302.6474,22.6182757,113.9223882,-2570.84,403.2
142.99,109.090,140.9476,-3.8308,352.3580,-134.3801,-271.8378,90.6496,303.2389,22.6181473,113.9221079,-2580.45,385.0
143.10,109.196,98.4670,-5.7719,35.0280,-134.9056,-272.0249,91.4721,303.6397,22.6180184,113.9218272,-2590.09,387.6
143.20,109.302,94.3426,24.9626,51.3678,-135.8403,-271.4709,92.0594,303.5606,22.6178887,113.9215469,-2599.83,371.6
143.31,109.409,96.0566,36.6480,58.5138,-136.2948,-271.2779,91.8891,303.5918,22.6177577,113.9212657,-2609.62,380.4
143.41,109.514,109.9974,29.3854,53.1395,-137.0655,-270.9236,91.7889,303.6223,22.6176274,113.9209876,-2619.30,393.5
143.52,109.620,114.2883,37.3576,45.2442,-136.9300,-270.9530,91.4359,303.5875,22.6174962,113.9207080,-2629.02,349.1
143.63,109.726,111.9986,12.7509,49.4357,-136.9991,-271.0437,91.4120,303.6996,22.6173651,113.9204285,-2638.70,281.4
143.73,109.832,101.0513,-6.0931,61.7275,-137.4317,-271.1027,91.7023,303.9476,22.6172337,113.9201490,-2648.41,249.2
143.84,109.938,79.5236,-9.7142,80.0281,-137.7408,-271.3340,92.0343,304.2937,22.6171019,113.9198692,-2658.15,253.7
143.94,110.044,63.9297,-1.8406,89.4674,-138.3233,-271.5608,92.2650,304.7599,22.6169698,113.9195892,-2667.92,287.4
144.05,110.149,58.8325,6.4533,90.7789,-138.6750,-271.5038,92.4777,304.8690,22.6168383,113.9193118,-2677.61,340.7
144.15,110.254,48.1530,8.5033,93.2589,-139.0676,-271.3045,92.6175,304.8703,22.6167066,113.9190345,-2687.33,391.7
144.26,110.361,38.5560,1.6264,93.9985,-139.7426,-271.0668,92.7792,304.9675,22.6165731,113.9187547,-2697.16,408.1
144.37,110.466,36.2177,-17.5675,90.5921,-140.3877,-271.0654,92.9012,305.2625,22.6164402,113.9184778,-2706.91,404.1
144.47,110.572,58.5036,-32.7444,65.5123,-140.9517,-271.1113,92.9396,305.5630,22.6163055,113.9181981,-2716.75,402.2
144.58,110.678,92.2175,-41.8900,31.7001,-141.4893,-271.0734,93.1296,305.7777,22.6161703,113.9179185,-2726.62,419.1
144.68,110.784,129.3214,-28.9033,356.6310,-142.1108,-271.0406,93.2367,306.0368,22.6160345,113.9176389,-2736.50,432.3
144.79,110.890,150.6883,-4.4512,343.0547,-142.5556,-270.8875,93.4433,306.1080,22.6158981,113.9173594,-2746.40,432.0
144.90,110.995,161.9298,14.8392,334.7628,-143.0434,-270.7718,93.5461,306.2332,22.6157626,113.9170827,-2756.21,447.8
145.00,111.101,167.9271,33.6695,328.6726,-143.4941,-270.6709,93.6669,306.3548,22.6156255,113.9168035,-2766.12,423.4
145.11,111.207,171.9340,48.5707,314.8086,-143.8695,-270.7001,93.7633,306.5567,22.6154879,113.9165244,-2776.06,387.6
145.21,111.313,175.1506,59.3929,299.5231,-144.3963,-270.6367,93.8766,306.7483,22.6153499,113.9162451,-2786.00,331.2
145.32,111.418,-176.6326,60.5939,292.2974,-144.8529,-270.6198,94.0741,306.9486,22.6152127,113.9159687,-2795.87,296.1
145.42,111.524,-164.1152,47.1450,276.4208,-145.4266,-270.5014,94.2152,307.1155,22.6150737,113.9156895,-2805.85,286.9
145.53,111.630,-156.5931,31.9098,262.5033,-145.9195,-270.3352,94.2724,307.2029,22.6149342,113.9154106,-2815.84,287.6
145.64,111.736,-151.1747,15.7642,245.3063,-146.4716,-270.2111,94.3646,307.3564,22.6147941,113.9151317,-2825.84,296.1
145.74,111.842,-145.8648,4.4456,236.5461,-146.8829,-269.9430,94.4845,307.3171,22.6146536,113.9148531,-2835.85,316.6
145.85,111.948,-142.3020,-12.2978,238.4585,-147.4052,-269.7340,94.5575,307.3837,22.6145127,113.9145747,-2845.87,356.7
145.95,112.054,-144.0520,-32.4417,246.0085,-147.9402,-269.5785,94.5551,307.5042,22.6143713,113.9142965,-2855.89,367.6
146.06,112.160,-149.2588,-46.0071,258.8535,-148.5639,-269.3997,94.6412,307.6482,22.6142293,113.9140184,-2865.92,367.4
146.17,112.266,-160.8393,-52.7221,282.3737,-149.1768,-269.3002,94.7763,307.8576,22.6140860,113.9137392,-2876.01,359.5
146.27,112.372,-178.5980,-50.8027,313.7452,-149.8476,-269.2247,94.8935,308.1173,22.6139435,113.9134628,-2886.02,358.9
146.38,112.478,167.2383,-35.1086,343.1340,-150.5574,-269.2444,95.1017,308.4803,22.6137996,113.9131850,-2896.09,350.7
146.48,112.584,161.7202,-9.4409,5.3519,-151.0952,-269.3188,95.3386,308.8080,22.6136551,113.9129072,-2906.19,334.9
146.59,112.690,161.0647,10.1764,21.5681,-151.4298,-269.2540,95.6105,308.9153,22.6135102,113.9126293,-2916.31,313.9
146.70,112.796,164.9947,24.4962,33.7673,-151.8567,-269.1233,95.8567,309.0110,22.6133650,113.9123516,-2926.46,282.9
146.80,112.901,170.9246,31.7884,45.0453,-152.2523,-268.9390,95.9458,309.0452,22.6132200,113.9120753,-2936.58,247.3
146.91,113.008,174.8148,34.1184,52.4540,-152.6708,-268.7362,96.0392,309.0752,22.6130726,113.9117954,-2946.85,204.4
147.01,113.113,178.4966,35.8318,59.5881,-153.1345,-268.5603,96.1535,309.1518,22.6129275,113.9115208,-2956.95,159.6
147.12,113.219,-179.4818,38.8630,63.9776,-153.6342,-268.4262,96.2371,309.2832,22.6127806,113.9112438,-2967.14,130.5
147.22,113.325,-177.7196,40.4796,69.4877,-154.1207,-268.3021,96.4092,309.4175,22.6126332,113.9109669,-2977.36,105.9
147.33,113.431,-173.5408,42.7439,76.3437,-154.5727,-268.0919,96.5867,309.4607,22.6124853,113.9106902,-2987.59,91.0
147.44,113.537,-168.0472,44.8234,82.5393,-155.0210,-267.8565,96.7258,309.4812,22.6123371,113.9104137,-2997.84,96.5
147.54,113.644,-165.4433,45.9294,84.8464,-155.5387,-267.6738,96.8313,309.5828,22.6121876,113.9101362,-3008.15,100.5
147.65,113.750,-163.1541,46.0803,88.0562,-156.0472,-267.5378,96.9854,309.7212,22.6120391,113.9098614,-3018.37,142.7
147.76,113.856,-163.2442,43.5539,89.7897,-156.5930,-267.3792,97.0974,309.8597,22.6118893,113.9095854,-3028.66,179.6
147.86,113.962,-165.0500,36.5553,89.9852,-157.1584,-267.1704,97.2289,309.9658,22.6117391,113.9093097,-3038.97,171.4
147.97,114.068,-172.4910,29.0932,85.5962,-157.6563,-267.0469,97.2351,310.1122,22.6115883,113.9090340,-3049.27,163.4
148.07,114.174,178.3112,28.3094,78.7356,-158.0332,-266.7963,97.0679,310.0883,22.6114371,113.9087586,-3059.57,168.0
148.18,114.280,150.9854,20.5108,59.6407,-158.1671,-266.6664,97.0890,310.0448,22.6112856,113.9084834,-3069.87,174.6
148.29,114.386,128.4934,4.9086,49.7689,-158.7040,-266.6576,97.6534,310.3115,22.6111332,113.9082069,-3080.24,191.5
148.39,114.492,125.1025,4.8276,48.6150,-159.4903,-266.5157,98.0091,310.5926,22.6109814,113.9079332,-3090.57,199.9
148.50,114.598,123.0779,2.0221,48.1612,-160.0246,-266.1584,98.1193,310.5611,22.6108284,113.9076583,-3100.96,201.3
148.60,114.704,127.9679,2.8022,42.9913,-160.6116,-266.0078,98.2804,310.7350,22.6106748,113.9073839,-3111.38,193.4
148.71,114.809,132.7804,4.0004,36.4880,-161.0331,-265.6751,98.4451,310.6685,22.6105215,113.9071109,-3121.76,147.7
148.81,114.915,134.5958,-5.5115,25.5077,-161.1086,-265.6994,98.5211,310.7284,22.6103672,113.9068368,-3132.20,103.6
148.92,115.021,133.2123,-15.6950,19.2138,-161.4860,-265.6233,98.8280,310.8593,22.6102128,113.9065627,-3142.66,101.1
149.03,115.127,130.7756,-33.6772,19.6260,-162.1434,-265.5321,99.0350,311.1234,22.6100578,113.9062887,-3153.15,101.2
149.13,115.233,133.3066,-35.7099,15.7658,-162.9815,-265.4172,99.0774,311.4631,22.6099020,113.9060148,-3163.65,102.5
149.24,115.339,134.0840,-38.6403,13.6650,-163.6303,-265.2588,99.1588,311.6683,22.6097456,113.9057410,-3174.16,118.4
149.34,115.445,134.4483,-39.0070,13.1666,-164.1741,-265.0679,99.3116,311.7918,22.6095886,113.9054674,-3184.68,140.4
149.45,115.551,134.9804,-38.0846,12.6666,-164.7146,-264.8840,99.4431,311.9205,22.6094310,113.9051940,-3195.22,159.8
149.56,115.658,134.2284,-35.7754,15.0041,-165.3549,-264.7340,99.5509,312.1319,22.6092730,113.9049208,-3205.77,189.5
149.66,115.764,132.7969,-32.4699,22.4992,-166.0855,-264.6629,99.7557,312.4594,22.6091143,113.9046478,-3216.33,202.2
149.77,115.870,134.7160,-20.6009,38.2219,-166.9753,-264.8513,100.0580,313.0926,22.6089540,113.9043733,-3226.97,259.2
149.88,115.976,142.6774,-2.5783,57.8686,-167.3418,-264.8475,100.3986,313.2850,22.6087946,113.9041013,-3237.55,316.5
149.98,116.081,151.4039,11.1437,73.4597,-167.5935,-264.4712,100.6397,313.1016,22.6086357,113.9038309,-3248.11,360.7
150.09,116.187,167.6420,28.9837,91.6852,-167.8777,-264.1768,100.9624,313.0052,22.6084750,113.9035582,-3258.79,378.7
150.19,116.293,173.3196,31.1506,105.7317,-168.4152,-263.0888,100.0765,312.3770,22.6083140,113.9032860,-3269.46,384.1
150.30,116.399,152.6816,15.8832,75.3495,-168.5886,-262.4438,100.1667,311.9276,22.6081526,113.9030149,-3280.08,359.7
150.41,116.505,140.9729,-9.0797,50.1338,-168.5104,-262.1759,100.5784,311.6600,22.6079911,113.9027443,-3290.72,332.7
150.51,116.611,140.9822,-33.7682,26.0015,-168.7754,-262.3377,101.0676,311.9395,22.6078296,113.9024737,-3301.41,331.7
150.62,116.716,142.9551,-36.7713,6.8063,-169.5147,-262.4291,101.1329,312.4168,22.6076684,113.9022043,-3312.08,324.3
150.72,116.823,141.3668,-29.0377,357.9397,-170.4468,-262.2559,101.4100,312.7783,22.6075048,113.9019323,-3322.87,362.1
150.83,116.928,140.8257,-27.5480,359.4691,-171.5875,-262.0835,101.6080,313.2571,22.6073417,113.9016631,-3333.58,319.3
150.93,117.034,141.6752,-21.8837,9.9709,-172.6732,-262.0272,101.8353,313.8062,22.6071768,113.9013927,-3344.36,274.8
151.04,117.140,143.9066,-4.4408,27.6173,-173.4402,-262.1666,102.1192,314.3451,22.6070109,113.9011223,-3355.18,261.6
151.15,117.246,149.0225,13.7152,48.8772,-173.7006,-262.2090,102.5181,314.5242,22.6068447,113.9008518,-3366.02,290.7
151.25,117.353,164.2869,31.4214,78.4197,-173.6812,-261.9260,102.6607,314.2776,22.6066775,113.9005800,-3376.96,323.8
151.36,117.458,170.1667,31.0219,92.8726,-173.9633,-261.1756,102.4459,313.8087,22.6065118,113.9003114,-3387.78,351.1
151.46,117.564,163.6535,27.1336,88.5228,-174.3807,-260.4033,102.3580,313.3983,22.6063449,113.9000424,-3398.64,356.8
151.57,117.671,152.3895,19.2781,72.5191,-174.6149,-259.6524,102.3843,312.9053,22.6061777,113.8997741,-3409.49,334.0
151.68,117.777,140.0885,1.0280,47.8202,-174.6151,-259.2608,102.5925,312.5805,22.6060104,113.8995064,-3420.35,295.6
151.78,117.883,133.0183,-26.8257,29.6007,-174.8616,-259.2187,103.1781,312.6834,22.6058431,113.8992390,-3431.26,254.4
151.89,117.989,136.2126,-38.8776,12.3183,-175.4481,-259.2470,103.5369,313.0352,22.6056752,113.8989715,-3442.22,266.5
152.00,118.095,142.3386,-42.5080,359.0178,-176.3239,-259.0988,103.7828,313.4043,22.6055059,113.8987028,-3453.26,290.9
152.10,118.201,146.9808,-45.8446,353.9220,-177.2549,-258.8885,103.8314,313.7556,22.6053373,113.8984368,-3464.22,294.7
152.21,118.307,148.2307,-44.3941,355.1450,-178.0921,-258.6667,103.8575,314.0466,22.6051671,113.8981698,-3475.23,304.0
152.31,118.413,144.7908,-37.3679,2.9151,-178.9886,-258.4205,103.9474,314.3534,22.6049961,113.8979030,-3486.25,294.9
152.42,118.519,140.9872,-20.0406,15.4798,-179.9457,-258.3467,104.1623,314.8388,22.6048241,113.8976365,-3497.28,299.4
152.52,118.624,139.5945,2.0703,32.2899,-180.5303,-258.5366,104.5551,315.3290,22.6046522,113.8973710,-3508.29,326.5
152.63,118.730,142.2509,18.0846,52.4192,-180.7716,-258.5441,105.0713,315.4733,22.6044791,113.8971042,-3519.40,406.5
152.74,118.836,162.3197,34.7038,80.7979,-180.8738,-258.3140,105.6775,315.3434,22.6043059,113.8968376,-3530.58,491.0
152.84,118.942,176.1043,27.3999,103.2164,-181.2691,-257.4092,105.0761,314.8300,22.6041324,113.8965715,-3541.75,530.4
152.95,119.048,162.9804,16.5588,89.8389,-181.7336,-256.2385,104.6787,314.1421,22.6039586,113.8963065,-3552.86,542.7
153.05,119.154,155.1153,-0.1389,62.7010,-181.8855,-255.2611,105.1175,313.4335,22.6037843,113.8960426,-3563.98,541.9
153.16,119.261,170.7183,-29.9175,9.2496,-181.5631,-255.2679,106.0569,313.2520,22.6036103,113.8957794,-3575.18,555.2
153.27,119.367,-160.4452,-17.2872,317.2465,-182.0716,-255.7389,106.3784,313.9306,22.6034361,113.8955157,-3586.45,541.1
153.37,119.473,-166.8943,16.8035,297.7718,-182.6594,-255.6056,106.0857,314.1634,22.6032606,113.8952506,-3597.76,557.8
153.48,119.579,170.4288,30.5113,287.4373,-183.8521,-254.5296,106.0001,313.9855,22.6030859,113.8949886,-3608.95,561.6
153.59,119.685,149.0336,31.0783,305.3599,-185.1290,-254.1507,106.3820,314.4286,22.6029092,113.8947262,-3620.20,528.3
153.69,119.791,137.5885,39.8228,338.0409,-185.9054,-254.5166,106.8699,315.1818,22.6027314,113.8944638,-3631.51,472.5
153.80,119.897,141.9779,45.8100,17.8484,-186.2309,-254.7588,107.2411,315.5693,22.6025532,113.8942010,-3642.86,440.3
153.90,120.003,157.4744,42.2943,59.9674,-186.5333,-254.6304,107.2866,315.6443,22.6023746,113.8939382,-3654.23,475.6
154.01,120.109,162.1373,28.3038,82.7733,-186.9827,-254.0928,107.3037,315.4769,22.6021948,113.8936745,-3665.66,487.6
154.11,120.214,155.9254,18.7765,82.3607,-187.5420,-253.1854,107.0667,315.0791,22.6020171,113.8934152,-3676.92,490.1
154.22,120.321,146.0924,4.6227,67.1550,-187.9630,-252.1772,107.1992,314.5210,22.6018363,113.8931532,-3688.33,477.9
154.33,120.426,151.7947,-14.4414,33.1179,-187.7180,-251.2607,107.9390,313.6399,22.6016571,113.8928947,-3699.68,475.3
154.43,120.532,-177.7431,-11.6682,328.9202,-187.3852,-251.8946,108.6861,313.9492,22.6014776,113.8926352,-3711.18,460.1
154.54,120.638,176.7664,14.4742,301.1623,-188.2604,-251.6941,108.4231,314.3118,22.6012976,113.8923754,-3722.69,493.0
154.65,120.745,154.1933,23.0876,289.3607,-189.4388,-251.0477,108.3378,314.5028,22.6011167,113.8921159,-3734.18,573.9
154.75,120.851,133.1594,28.1633,303.1552,-190.7425,-250.7000,108.7110,315.0130,22.6009337,113.8918559,-3745.73,561.6
154.86,120.957,122.8032,42.1866,326.1535,-191.4299,-250.9640,109.2085,315.6395,22.6007514,113.8915983,-3757.24,567.7
154.96,121.063,126.6279,52.9956,356.5827,-191.8349,-251.0944,109.6224,315.9889,22.6005677,113.8913392,-3768.84,542.7
155.07,121.169,149.1952,61.4338,41.9200,-192.0503,-250.9168,109.8483,315.9788,22.6003838,113.8910802,-3780.48,554.0
155.18,121.275,-170.6404,58.0047,100.3757,-192.4497,-250.3602,109.8865,315.7801,22.6001996,113.8908215,-3792.14,551.3
155.28,121.381,178.0469,45.2407,98.6817,-193.0992,-249.1787,109.2463,315.2417,22.6000149,113.8905637,-3803.75,544.1
155.39,121.486,155.4096,31.0046,70.3189,-193.2228,-247.8605,109.3519,314.2768,22.5998307,113.8903085,-3815.28,514.5
155.49,121.592,149.9399,2.4124,33.5119,-192.9125,-247.1143,110.2108,313.4976,22.5996457,113.8900531,-3826.91,498.2
155.60,121.698,164.4603,-6.9708,345.9642,-192.8241,-247.5388,110.7869,313.7779,22.5994610,113.8897980,-3838.64,450.5
155.70,121.804,163.5277,5.4154,319.5568,-193.7164,-247.6037,110.8457,314.3782,22.5992758,113.8895425,-3850.39,402.6
155.81,121.910,153.9097,17.0130,308.5255,-194.7184,-247.2213,110.9974,314.6961,22.5990897,113.8892872,-3862.15,429.7
155.92,122.016,146.7431,21.9754,312.3482,-195.6240,-246.8780,111.0807,314.9881,22.5989027,113.8890323,-3873.93,392.3
156.02,122.123,139.5633,28.0363,327.1761,-196.4587,-246.6871,111.3402,315.3578,22.5987148,113.8887776,-3885.72,358.8
156.13,122.229,139.3777,28.5610,352.2444,-197.1282,-246.5378,111.6655,315.6587,22.5985254,113.8885219,-3897.59,347.7
156.23,122.335,149.6206,33.1746,28.6927,-197.5488,-246.3201,112.0480,315.7517,22.5983372,113.8882688,-3909.40,405.5
156.34,122.441,165.2686,27.3898,61.7493,-197.8583,-245.7429,112.2271,315.4956,22.5981478,113.8880149,-3921.30,427.7
156.45,122.547,170.5602,24.7817,80.0271,-198.3069,-244.8612,111.9662,315.0915,22.5979580,113.8877617,-3933.18,454.4
156.55,122.653,153.9595,19.7443,66.2621,-198.4711,-243.6256,111.7716,314.2359,22.5977678,113.8875097,-3945.04,470.9
156.66,122.759,143.7673,0.4744,36.0237,-198.2024,-242.8341,112.6531,313.4527,22.5975777,113.8872588,-3956.93,489.7
156.76,122.865,170.8430,-17.8577,340.5093,-197.9451,-243.4436,113.5356,313.7627,22.5973872,113.8870069,-3968.99,495.6
156.87,122.970,179.9021,-4.7016,307.3980,-198.9258,-243.4589,113.1765,314.3942,22.5971989,113.8867579,-3980.90,496.5
156.98,123.076,161.0138,9.0758,295.8882,-200.0379,-242.7813,112.8257,314.5758,22.5970078,113.8865070,-3992.88,484.2
157.08,123.182,138.6781,18.9633,309.0229,-201.3148,-241.9887,113.3320,314.7796,22.5968154,113.8862570,-4004.87,463.9
157.19,123.288,132.1505,30.1824,337.0032,-201.9935,-241.9866,113.9289,315.2125,22.5966222,113.8860073,-4016.92,431.6
157.29,123.394,145.8571,35.9277,15.1227,-202.2027,-242.0559,114.4762,315.3997,22.5964285,113.8857576,-4029.03,349.4
157.40,123.501,162.7194,25.0496,43.2858,-202.0520,-241.5833,114.3450,314.9405,22.5962348,113.8855080,-4041.17,311.2
157.51,123.607,164.1269,14.7882,41.8268,-202.3694,-240.6657,114.1361,314.4413,22.5960403,113.8852580,-4053.33,286.0
157.61,123.713,159.4322,12.1738,35.1762,-203.2304,-239.4718,114.5248,314.0849,22.5958469,113.8850114,-4065.39,249.9
157.72,123.819,154.3830,13.6334,16.2596,-203.5817,-238.7290,115.3719,313.7468,22.5956520,113.8847650,-4077.58,216.6
157.82,123.925,160.2580,19.5435,18.2167,-203.7905,-240.0926,114.5684,314.9207,22.5954568,113.8845178,-4089.78,173.7
157.93,124.031,162.8178,15.0080,26.5567,-204.2697,-238.7720,115.2673,314.2264,22.5952613,113.8842705,-4101.96,127.2
158.04,124.137,154.2896,14.8007,17.8724,-204.8149,-237.6084,116.0287,313.6987,22.5950655,113.8840250,-4114.21,124.4
158.14,124.243,154.4170,19.4597,20.1984,-205.4144,-238.0765,115.6724,314.4448,22.5948689,113.8837798,-4126.51,122.9
158.25,124.349,157.9397,14.1227,21.8010,-205.7766,-238.1089,115.6735,314.7059,22.5946721,113.8835340,-4138.76,112.0
158.35,124.455,162.5615,11.6643,26.7371,-206.2930,-236.9416,116.0606,314.1626,22.5944746,113.8832889,-4151.05,102.5
158.46,124.561,156.9922,11.1454,26.6965,-206.6520,-236.1824,116.5916,313.8266,22.5942768,113.8830448,-4163.38,92.9
158.57,124.667,151.9155,14.8811,25.3307,-207.0986,-235.5489,116.8113,313.6449,22.5940786,113.8828014,-4175.76,80.0
158.67,124.773,148.2119,20.0203,21.7736,-207.7227,-235.0163,117.1259,313.6580,22.5938799,113.8825587,-4188.16,76.2
158.78,124.879,152.5436,28.5104,22.8143,-208.1901,-234.6991,117.5083,313.7304,22.5936806,113.8823164,-4200.60,71.6
158.88,124.985,155.0896,28.5078,23.8581,-208.5460,-234.4701,117.5310,313.7956,22.5934810,113.8820744,-4213.06,61.9
158.99,125.090,156.7932,27.8643,26.7997,-208.9960,-234.1481,117.6412,313.8546,22.5932819,113.8818337,-4225.47,58.4
159.09,125.195,157.4522,25.9872,27.8882,-209.4254,-233.5730,117.8948,313.7122,22.5930834,113.8815947,-4237.83,52.0
159.20,125.301,157.8888,23.8197,27.4101,-209.8303,-232.9910,118.1268,313.5499,22.5928825,113.8813540,-4250.35,44.6
159.31,125.408,156.3981,21.3362,25.6889,-210.3010,-232.5313,118.3400,313.5241,22.5926813,113.8811138,-4262.88,36.3
159.41,125.514,155.6021,20.6591,25.4055,-210.7660,-232.0533,118.5911,313.4821,22.5924795,113.8808741,-4275.44,35.3
159.52,125.620,155.7071,19.0835,24.7087,-211.1840,-231.5386,118.8663,313.3828,22.5922774,113.8806349,-4288.03,31.1
159.63,125.726,155.7928,17.0756,23.4129,-211.5973,-231.0248,119.1373,313.2824,22.5920739,113.8803952,-4300.71,29.1
159.73,125.832,156.5344,15.4026,21.2406,-211.9778,-230.4886,119.3698,313.1446,22.5918719,113.8801582,-4313.30,35.3
159.84,125.938,156.8657,14.1041,17.7928,-212.4542,-230.0130,119.5886,313.1178,22.5916686,113.8799206,-4325.97,42.0
159.94,126.044,157.0754,13.6203,15.9934,-212.9862,-229.5542,119.8411,313.1425,22.5914648,113.8796835,-4338.66,52.9
160.05,126.150,157.0261,13.9948,15.5124,-213.4551,-229.0609,120.0844,313.1006,22.5912605,113.8794469,-4351.38,60.7
160.16,126.256,156.7833,15.1132,15.7170,-214.0212,-228.7061,120.2836,313.2277,22.5910557,113.8792107,-4364.12,64.0
160.26,126.362,154.1344,18.7870,18.9859,-214.5048,-228.7302,120.1728,313.5759,22.5908504,113.8789748,-4376.87,65.3
160.37,126.468,147.1382,15.2169,21.1511,-214.6454,-228.4212,120.4643,313.4468,22.5906438,113.8787377,-4389.68,68.5
160.47,126.574,145.4127,5.5615,23.1344,-215.2466,-227.2819,120.9978,313.0306,22.5904389,113.8785036,-4402.42,83.1
160.58,126.679,148.0875,11.9064,24.6386,-216.0859,-225.6877,121.7723,312.4549,22.5902331,113.8782711,-4415.23,93.3
160.69,126.785,150.7846,8.7018,23.6355,-216.3196,-225.9728,121.9101,312.8224,22.5900260,113.8780384,-4428.17,96.3
160.79,126.891,153.3323,8.5178,26.8974,-216.4402,-226.4703,121.3057,313.2653,22.5898187,113.8778048,-4441.05,95.2
160.90,126.997,157.6298,6.7510,29.2446,-217.0556,-224.6227,122.0079,312.3596,22.5896111,113.8775720,-4453.94,97.5
161.00,127.103,149.0717,5.5552,21.0480,-217.2977,-223.3908,122.8099,311.6436,22.5894030,113.8773410,-4466.91,93.8
161.11,127.210,153.0403,11.2932,18.8645,-217.7892,-224.0269,122.5555,312.4423,22.5891935,113.8771092,-4480.01,92.1
161.22,127.316,153.1313,7.1181,19.2775,-218.1479,-224.2503,122.3493,312.8525,22.5889857,113.8768789,-4492.92,99.0
161.32,127.422,158.5709,5.5294,20.6943,-218.7458,-222.6023,123.0481,312.0921,22.5887764,113.8766483,-4505.93,113.4
161.43,127.528,150.1013,5.5053,14.0120,-219.0994,-221.2857,123.8966,311.4032,22.5885666,113.8764194,-4519.01,123.2
161.53,127.634,154.6501,8.8704,12.5000,-219.8442,-221.7966,123.7777,312.2902,22.5883564,113.8761910,-4532.17,127.3
161.64,127.740,155.4131,4.6053,16.3543,-220.1545,-222.2667,123.3052,312.8426,22.5881456,113.8759618,-4545.25,141.9
161.75,127.846,163.0126,5.8313,21.7423,-220.4962,-220.3639,124.0634,311.7352,22.5879335,113.8757322,-4558.43,166.8
161.85,127.952,151.3064,5.0974,12.9241,-220.6768,-219.0544,124.9395,310.9390,22.5877231,113.8755067,-4571.56,165.3
161.96,128.057,155.3779,16.3255,9.5821,-220.8551,-219.6311,124.2877,311.4720,22.5875135,113.8752827,-4584.69,188.2
162.06,128.163,146.0222,9.7622,3.2831,-221.8740,-219.6076,124.5592,312.1787,22.5873016,113.8750560,-4597.85,220.9
162.17,128.269,154.5449,5.0550,17.3049,-223.4071,-218.6475,125.7420,312.5979,22.5870882,113.8748300,-4611.13,225.3
162.28,128.375,160.1447,-2.7477,34.9906,-223.0422,-217.9470,125.9472,311.8473,22.5868742,113.8746047,-4624.48,258.1
162.38,128.481,159.2778,-4.3591,30.6047,-222.0845,-216.8214,125.7739,310.3757,22.5866610,113.8743804,-4637.83,275.0
162.49,128.587,153.7376,6.7458,7.7651,-221.9845,-216.4194,125.7063,310.0233,22.5864483,113.8741569,-4651.16,267.2
162.59,128.692,145.5729,19.7107,345.2077,-223.4280,-216.1170,126.1531,310.8483,22.5862360,113.8739348,-4664.44,289.7
162.70,128.798,147.6601,25.5260,350.8444,-225.2882,-215.4140,127.0016,311.7017,22.5860210,113.8737122,-4677.86,318.2
162.80,128.904,160.5609,18.3549,19.7241,-226.2963,-215.5084,127.4541,312.4962,22.5858045,113.8734899,-4691.36,306.5
162.91,129.010,162.1932,-0.7980,38.0831,-225.5685,-214.6416,127.2859,311.3714,22.5855880,113.8732679,-4704.86,356.3
163.02,129.116,159.9408,-1.9733,30.9706,-224.5717,-213.2145,127.3697,309.6658,22.5853723,113.8730472,-4718.36,357.9
163.12,129.222,153.9366,12.6051,5.3862,-224.4778,-212.9814,127.4328,309.4372,22.5851573,113.8728274,-4731.87,322.9
163.23,129.328,144.6986,34.8910,339.4638,-225.9617,-212.6143,127.9209,310.2637,22.5849417,113.8726077,-4745.40,346.1
163.33,129.434,148.8443,41.2282,347.6022,-227.9039,-211.8739,128.8278,311.1763,22.5847242,113.8723888,-4759.01,345.9
163.44,129.541,162.4348,25.4319,18.4215,-228.6734,-211.8762,129.0627,311.7419,22.5845043,113.8721692,-4772.75,318.3
163.55,129.647,165.1349,3.7901,35.3358,-228.0575,-211.1370,129.0885,310.7878,22.5842864,113.8719519,-4786.37,341.2
163.65,129.753,165.1811,1.1302,31.0598,-227.1165,-209.7993,129.2875,309.1887,22.5840684,113.8717347,-4800.07,323.4
163.76,129.859,160.6683,12.5671,8.9169,-226.8939,-209.3047,129.3694,308.6896,22.5838510,113.8715186,-4813.78,278.9
163.87,129.965,153.2995,31.5052,346.4566,-228.4134,-208.9290,129.6940,309.5545,22.5836330,113.8713028,-4827.51,291.0
163.97,130.071,154.5088,33.4089,353.2622,-230.1680,-208.3237,130.4579,310.4450,22.5834132,113.8710876,-4841.31,286.9
164.08,130.177,161.2324,24.0505,11.9708,-230.3455,-208.1441,130.4292,310.4562,22.5831914,113.8708717,-4855.20,294.3
164.18,130.283,160.0780,7.6027,21.6599,-230.6014,-207.1801,130.7379,310.0010,22.5829716,113.8706583,-4868.98,323.2
164.29,130.388,154.3686,6.6023,25.1485,-230.4241,-206.0541,131.3135,309.1174,22.5827527,113.8704471,-4882.74,371.7
164.39,130.494,159.4741,10.0144,2.2675,-229.5794,-205.5311,131.9290,308.1392,22.5825324,113.8702349,-4896.70,398.5
164.50,130.600,158.2497,29.6815,327.8626,-230.4135,-205.5807,131.6984,308.7941,22.5823121,113.8700227,-4910.67,416.9
164.61,130.706,138.3065,45.6800,314.6757,-231.8354,-204.4524,131.8702,309.1092,22.5820906,113.8698110,-4924.64,438.4
164.71,130.811,125.7949,59.6117,325.4994,-232.8756,-203.8236,132.6667,309.4756,22.5818690,113.8696015,-4938.59,480.1
164.82,130.917,153.4861,69.4345,17.4365,-233.0682,-203.9199,133.2028,309.6839,22.5816457,113.8693912,-4952.69,534.8
164.92,131.024,176.4113,56.7107,59.7468,-233.1760,-203.5987,133.2678,309.5537,22.5814213,113.8691798,-4966.89,567.7
165.03,131.129,177.3278,42.2223,73.4820,-233.5902,-202.4752,133.1084,309.1287,22.5811987,113.8689713,-4980.95,555.5
165.14,131.235,153.6828,32.1894,49.5925,-233.7018,-200.9791,132.9118,308.2355,22.5809748,113.8687632,-4995.04,554.3
165.24,131.341,144.5904,7.7440,11.6492,-233.1799,-200.1080,133.8312,307.2720,22.5807511,113.8685564,-5009.17,566.0
165.35,131.448,159.0688,10.4411,319.8938,-233.2219,-200.4321,134.4402,307.5150,22.5805277,113.8683498,-5023.41,538.1
165.45,131.554,143.8020,28.8918,287.3323,-234.0522,-199.9500,134.3813,307.8319,22.5803039,113.8681432,-5037.67,500.5
165.56,131.660,119.8099,39.9751,280.0308,-235.1949,-198.7507,134.8685,307.9261,22.5800791,113.8679376,-5051.94,503.1
165.67,131.766,110.6865,56.6144,302.1453,-236.1043,-198.4193,135.4726,308.4080,22.5798533,113.8677328,-5066.27,507.7
165.77,131.872,119.2863,64.2740,335.8885,-236.2873,-198.2890,135.9044,308.4643,22.5796270,113.8675281,-5080.65,491.5
165.88,131.978,140.6123,59.2736,9.4638,-236.4789,-197.6105,135.9591,308.1755,22.5794006,113.8673239,-5095.07,475.3
165.98,132.084,151.9703,52.2383,28.3634,-237.0767,-196.5972,135.9976,307.9867,22.5791737,113.8671205,-5109.49,457.3
166.09,132.190,143.2380,39.9202,17.1620,-237.2119,-195.3546,136.0156,307.2994,22.5789464,113.8669183,-5123.90,486.7
166.20,132.296,147.7073,20.5603,338.5779,-236.4180,-194.7627,136.7973,306.3103,22.5787195,113.8667172,-5138.36,529.7
166.30,132.402,151.8332,21.9119,289.7399,-236.9615,-194.8731,136.9850,306.8001,22.5784929,113.8665160,-5152.88,507.7
166.41,132.508,129.7720,35.3088,274.0941,-237.7733,-193.9914,137.1444,306.8694,22.5782644,113.8663145,-5167.49,483.6
166.51,132.614,108.5000,48.1614,287.1986,-238.8397,-193.0743,137.9488,307.1190,22.5780372,113.8661159,-5182.00,497.7
166.62,132.720,120.8176,63.7701,332.8014,-239.3863,-193.0327,138.4185,307.5182,22.5778080,113.8659168,-5196.66,530.8
166.73,132.826,151.7610,49.8951,21.3749,-239.4556,-192.5326,138.5038,307.2585,22.5775786,113.8657178,-5211.34,536.7
166.83,132.932,159.4654,35.7469,26.2405,-240.0507,-191.4822,138.3155,307.0663,22.5773488,113.8655196,-5226.03,513.0
166.94,133.038,152.3614,18.3740,16.3407,-240.1123,-190.1409,138.4849,306.2800,22.5771187,113.8653227,-5240.69,523.9
167.04,133.144,155.4658,2.6032,342.9569,-239.1503,-189.5888,139.1615,305.1832,22.5768880,113.8651260,-5255.48,603.7
167.15,133.249,164.4407,9.2401,291.8907,-239.4023,-189.9180,139.6417,305.5852,22.5766610,113.8649320,-5270.13,595.0
167.26,133.356,145.0234,27.4815,260.2761,-222.4946,-194.3886,138.0002,295.4501,22.5838948,113.8611327,-5321.85,556.3
167.36,133.462,124.7564,36.1878,260.0196,-177.9426,-207.2592,133.8848,273.1666,22.6027948,113.8516997,-5430.66,569.3
167.47,133.569,121.3394,63.7597,292.2314,-162.4061,-212.2926,133.0177,267.2899,22.6095201,113.8481225,-5480.08,595.4
167.57,133.674,175.1460,66.0829,6.7750,-162.5164,-212.1303,133.0501,267.2280,22.6093651,113.8479044,-5494.12,600.8
167.68,133.780,-161.6288,51.3536,33.0689,-162.3766,-210.8967,132.8039,266.1645,22.6092095,113.8476861,-5508.22,553.6
167.79,133.886,-177.3616,44.4358,3.3500,-161.4942,-209.5238,132.9115,264.5385,22.6090543,113.8474692,-5522.30,574.4
167.89,133.992,169.6632,38.7367,341.4736,-161.3384,-209.1240,133.3827,264.1267,22.6088996,113.8472532,-5536.42,588.1
168.00,134.099,148.3322,40.2597,301.7457,-161.3186,-209.4150,133.2117,264.3451,22.6087445,113.8470362,-5550.61,559.1
168.11,134.205,129.4224,44.8493,267.2729,-162.5155,-208.7806,133.9588,264.5763,22.6085893,113.8468203,-5564.77,469.8
168.21,134.311,134.7404,51.4984,272.6192,-149.4073,-212.0358,133.3175,259.3872,22.6143200,113.8437057,-5609.12,450.7
168.32,134.418,170.3196,49.8627,326.8786,-146.9404,-211.9573,133.0407,257.9096,22.6153753,113.8428924,-5629.59,410.8
168.42,134.524,176.7830,36.9276,351.2961,-146.3180,-211.0710,133.0799,256.8266,22.6152347,113.8426741,-5643.69,428.6
168.53,134.630,166.0205,27.5713,339.5384,-145.3164,-210.4839,133.2198,255.7740,22.6150944,113.8424556,-5657.87,404.5
168.64,134.736,152.1136,28.2875,316.9536,-145.1705,-210.5381,133.2224,255.7358,22.6149560,113.8422393,-5671.93,372.6
168.74,134.842,136.6320,35.0816,295.1613,-146.1778,-210.0520,133.8332,255.9097,22.6148164,113.8420222,-5686.08,385.8
168.85,134.948,137.4896,44.2218,295.1021,-147.0000,-209.0720,134.5641,255.5779,22.6146759,113.8418059,-5700.30,331.6
168.95,135.054,161.8107,42.5776,328.4736,-147.4594,-207.9316,134.8411,254.9114,22.6145348,113.8415907,-5714.59,310.5
169.06,135.160,168.2402,32.5829,348.5597,-146.8200,-206.9411,134.8007,253.7335,22.6143937,113.8413766,-5728.88,326.6
169.17,135.266,162.6024,21.1756,341.4507,-145.8827,-206.4234,134.8788,252.7695,22.6142535,113.8411633,-5743.18,311.1
169.27,135.372,150.8224,23.0229,323.7654,-145.7363,-206.4912,134.8702,252.7404,22.6141138,113.8409502,-5757.48,291.4
169.38,135.477,140.7502,28.3576,306.3105,-146.7877,-205.9731,135.4131,252.9259,22.6139744,113.8407383,-5771.73,310.6
169.48,135.584,148.7524,34.8504,313.4296,-147.6394,-204.7683,136.1616,252.4430,22.6138326,113.8405253,-5786.20,269.3
169.59,135.690,165.7720,28.5684,339.0704,-147.8762,-203.7235,136.3122,251.7352,22.6136909,113.8403145,-5800.65,256.6
169.69,135.795,163.5208,20.0035,348.8222,-146.9938,-202.7199,136.3507,250.4047,22.6135503,113.8401057,-5815.03,265.3
169.80,135.901,153.9816,14.0884,341.0438,-146.2296,-202.3376,136.5027,249.6469,22.6134098,113.8398967,-5829.49,247.5
169.91,136.007,144.0766,17.8520,324.2778,-146.3462,-202.3435,136.7272,249.7201,22.6132697,113.8396878,-5843.97,241.5
170.01,136.114,142.2330,23.1823,315.8195,-147.3587,-201.6515,137.2994,249.7557,22.6131283,113.8394783,-5858.57,251.7
170.12,136.219,152.2717,25.2664,326.5134,-148.0736,-200.4149,137.7961,249.1825,22.6129874,113.8392717,-5873.09,219.2
170.22,136.325,162.1770,20.9073,345.6262,-147.9188,-199.1836,137.8520,248.1009,22.6128454,113.8390655,-5887.70,237.9
170.33,136.431,156.6582,17.8998,349.6372,-147.0040,-198.5421,138.0606,247.0408,22.6127041,113.8388603,-5902.33,235.8
170.44,136.538,150.1353,24.1145,335.3413,-146.2112,-198.5749,138.2680,246.5962,22.6125637,113.8386554,-5916.98,239.4
170.54,136.644,144.8915,29.7709,314.0238,-147.0188,-198.2363,138.6964,246.8039,22.6124233,113.8384505,-5931.65,257.2
170.65,136.750,153.3677,32.0416,317.7386,-148.0384,-197.1311,139.3390,246.5280,22.6122812,113.8382455,-5946.47,267.6
170.76,136.856,169.7535,23.0434,333.0027,-147.7970,-196.3798,139.5483,245.7823,22.6121399,113.8380434,-5961.19,331.9
170.86,136.962,171.0019,16.2151,320.1610,-147.0273,-195.4521,139.4450,244.5783,22.6119987,113.8378411,-5975.98,395.6
170.97,137.068,157.6546,26.2858,309.2808,-146.6934,-194.6393,139.4616,243.7281,22.6118580,113.8376398,-5990.76,405.7
171.07,137.174,139.1665,34.0167,301.1584,-147.4579,-193.3226,140.0855,243.1408,22.6117171,113.8374395,-6005.57,448.2
171.18,137.280,140.1716,48.2082,320.0378,-148.6291,-192.6666,141.0658,243.3332,22.6115752,113.8372405,-6020.47,491.5
171.29,137.386,178.2787,53.9312,17.6942,-148.9156,-193.1036,141.5644,243.8542,22.6114326,113.8370414,-6035.47,527.0
171.39,137.492,-166.4707,27.9930,56.6454,-148.5441,-192.1394,140.9986,242.8639,22.6112893,113.8368413,-6050.52,571.8
171.50,137.597,174.1885,23.1004,43.7447,-147.5416,-190.3698,140.4379,240.8510,22.6111487,113.8366459,-6065.30,580.5
171.60,137.704,148.9560,11.4523,2.6843,-146.4670,-189.8064,141.0391,239.7479,22.6110073,113.8364489,-6080.27,610.4
171.71,137.809,154.4020,4.5636,315.1673,-145.8583,-190.1874,142.1425,239.6788,22.6108679,113.8362538,-6095.21,789.3
171.82,137.916,154.6817,17.6701,249.6173,-146.9167,-190.3259,142.0617,240.4339,22.6107271,113.8360562,-6110.36,761.4
171.92,138.022,124.6782,29.1822,222.6370,-148.0696,-188.2527,142.0868,239.5072,22.6102450,113.8360268,-6124.08,702.9
172.03,138.129,97.3890,37.4732,230.9291,-151.5442,-185.1289,143.3440,239.2454,22.6087553,113.8364964,-6133.69,694.7
172.13,138.234,82.3837,63.1402,255.7098,-158.4152,-182.7498,145.0158,241.8530,22.6060452,113.8375721,-6138.20,689.0
172.24,138.340,177.4620,70.6168,16.8588,-158.6811,-183.0911,145.3507,242.2851,22.6058932,113.8373833,-6153.61,681.3
172.35,138.447,-170.2323,33.6322,40.0900,-158.4482,-182.7098,145.0580,241.8444,22.6057405,113.8371936,-6169.07,685.4
172.45,138.552,-172.3031,18.5577,40.9015,-158.0357,-181.2464,144.8803,240.4694,22.6055896,113.8370066,-6184.36,668.4
172.56,138.658,170.8853,19.6306,29.9854,-157.3098,-179.7242,144.7227,238.8455,22.6054384,113.8368204,-6199.72,684.1
172.66,138.764,148.7292,13.5655,346.9757,-156.2788,-179.3930,145.2650,237.9178,22.6052882,113.8366352,-6215.08,810.2
172.77,138.870,150.6423,12.5562,297.7046,-156.1536,-179.7973,146.2584,238.1407,22.6051386,113.8364498,-6230.53,682.0
172.88,138.976,132.1591,29.0201,250.0256,-150.3367,-181.3606,145.4011,235.5691,22.6078931,113.8348461,-6255.90,644.8
172.98,139.083,102.7281,36.2568,235.7447,-162.8502,-174.9656,147.1229,239.0254,22.6024715,113.8372478,-6253.33,670.5
173.09,139.190,88.3033,63.2714,254.9475,-168.2404,-172.3878,148.8092,240.8784,22.6002367,113.8380969,-6261.70,713.5
173.20,139.296,174.0234,70.0116,2.2370,-168.5524,-172.5808,149.2632,241.2344,22.6000752,113.8379189,-6277.50,707.5
173.30,139.402,-162.7682,36.8955,33.7522,-167.2899,-172.8006,149.0149,240.5119,22.6004535,113.8374565,-6295.91,735.5
173.41,139.508,-160.8809,20.0601,47.3710,-168.8512,-170.5866,148.8148,240.0219,22.5994594,113.8377193,-6307.65,680.3
173.51,139.614,172.0984,20.4475,29.3465,-167.8119,-169.1451,148.5047,238.2664,22.5992973,113.8375433,-6323.48,698.5
173.62,139.720,148.4592,10.7803,348.2522,-167.1227,-168.9346,149.4831,237.6319,22.5991376,113.8373696,-6339.20,729.4
173.73,139.826,155.6220,23.3632,303.1397,-167.0195,-169.1116,150.2169,237.6852,22.5989776,113.8371952,-6355.10,591.5
173.83,139.932,133.8163,42.4971,262.2342,-165.0714,-169.0739,149.8882,236.2934,22.6000285,113.8364217,-6374.61,547.9
173.94,140.038,118.5704,49.6513,260.5749,-164.0025,-168.0532,150.1779,234.8163,22.6005731,113.8358945,-6392.78,543.7
174.04,140.144,132.9706,65.8673,299.7827,-160.5685,-169.2758,150.3440,233.3164,22.6021504,113.8348396,-6414.68,560.8
174.15,140.250,166.5646,55.5369,348.6242,-160.6098,-169.0522,150.6610,233.1826,22.6019965,113.8346649,-6430.63,566.0
174.26,140.356,-176.3318,42.4160,12.0622,-160.6275,-168.3738,150.6865,232.7036,22.6018426,113.8344907,-6446.61,567.6
174.36,140.462,-167.9506,28.5811,31.4058,-160.0859,-167.3599,150.8313,231.5963,22.6016888,113.8343173,-6462.60,546.0
174.47,140.568,178.4400,30.7463,19.2683,-159.4330,-166.1432,150.6149,230.2660,22.6015357,113.8341453,-6478.58,634.2
174.57,140.674,157.5189,28.7247,338.6103,-158.6199,-165.9715,151.3668,229.5797,22.6013832,113.8339739,-6494.58,612.0
174.68,140.779,148.9684,41.1503,280.4295,-157.8354,-166.6190,151.1365,229.5079,22.6018800,113.8334699,-6512.79,559.6
174.79,140.886,116.1410,49.5668,254.5383,-154.6513,-166.3139,151.1852,227.1065,22.6034951,113.8323902,-6534.84,525.5
174.89,140.993,125.3706,65.1339,289.2927,-150.8434,-167.5368,151.7813,225.4381,22.6052567,113.8312092,-6558.29,522.7
175.00,141.099,171.3935,55.1742,350.8378,-150.8761,-167.4120,152.0210,225.3672,22.6051121,113.8310363,-6574.40,551.2
175.11,141.205,-175.2968,41.0151,9.6709,-150.7916,-166.8752,152.0312,224.9121,22.6049675,113.8308637,-6590.51,524.5
175.21,141.311,-168.7559,26.6495,25.9682,-150.6476,-165.9124,152.1308,224.1018,22.6048230,113.8306919,-6606.64,492.1
175.32,141.418,-175.4590,21.3704,31.6656,-150.0890,-164.7242,152.0713,222.8470,22.6046788,113.8305212,-6622.77,456.1
175.42,141.524,167.9106,23.6674,12.0078,-149.1129,-163.9662,152.4184,221.6293,22.6045347,113.8303508,-6638.99,469.9
175.53,141.630,162.0424,18.6004,324.7841,-148.6224,-164.2331,153.0780,221.4974,22.6043929,113.8301822,-6655.11,442.9
175.64,141.736,161.1342,33.6430,305.4390,-149.2575,-163.3742,153.4620,221.2893,22.6042500,113.8300131,-6671.36,432.1
175.74,141.842,145.5472,44.4789,286.3713,-145.3723,-163.9296,152.6337,219.1028,22.6060626,113.8288018,-6694.89,441.0
175.85,141.948,139.4652,53.2859,299.8257,-145.8893,-162.8187,153.5776,218.6175,22.6059230,113.8286333,-6711.12,515.7
175.95,142.054,166.5249,54.6122,345.0618,-146.1224,-162.8186,154.4733,218.7730,22.6057830,113.8284652,-6727.45,549.2
176.06,142.160,-163.9157,33.9883,23.7905,-144.9241,-163.0943,154.3495,218.1806,22.6061790,113.8279901,-6746.67,545.9
176.16,142.265,-160.7385,19.0904,40.2449,-144.4484,-161.7416,153.9957,216.8541,22.6060409,113.8278232,-6762.94,548.9
176.27,142.371,175.4193,24.2636,22.6252,-143.2282,-160.4896,153.6349,215.1075,22.6058759,113.8276733,-6779.07,592.5
176.38,142.477,146.7195,8.3535,330.4613,-142.5674,-160.6965,154.7108,214.8227,22.6057391,113.8275075,-6795.40,669.2
176.48,142.583,156.5657,27.1630,285.0682,-141.4975,-161.3549,154.9746,214.6088,22.6062592,113.8269899,-6814.05,625.7
176.59,142.689,139.8421,41.8934,261.8145,-138.4967,-161.2682,154.3990,212.5765,22.6077825,113.8259400,-6835.74,620.6
176.70,142.796,133.5297,53.6876,282.5537,-135.1161,-161.8719,154.9858,210.8527,22.6095286,113.8247473,-6859.02,656.4
176.80,142.902,167.4741,52.9845,339.5231,-132.6317,-163.3588,155.3569,210.4217,22.6107428,113.8238280,-6881.00,681.3
176.91,143.009,-158.4878,27.8966,31.1347,-131.4036,-163.8107,155.0805,210.0020,22.6111841,113.8233249,-6900.52,643.4
177.02,143.115,-165.2736,18.7342,42.6956,-130.0535,-162.0979,154.5109,207.8212,22.6110568,113.8231579,-6916.91,628.4
177.12,143.221,162.8981,23.6434,355.9187,-128.5240,-161.8328,154.5634,206.6598,22.6109329,113.8229909,-6933.29,723.6
177.23,143.327,155.4139,15.0061,299.2128,-128.6161,-162.3779,155.8849,207.1441,22.6108097,113.8228234,-6949.76,763.2
177.33,143.433,146.9584,37.5562,257.2666,-128.3445,-161.7854,155.7245,206.5111,22.6111073,113.8224306,-6967.44,693.5
177.44,143.540,120.5877,46.7469,235.6974,-132.1631,-157.7336,156.3925,205.7838,22.6092273,113.8232069,-6979.38,643.7
177.55,143.646,124.1367,68.6366,268.4692,-136.3530,-155.0696,158.0726,206.4914,22.6073903,113.8239771,-6991.08,676.1
177.65,143.752,-172.1082,58.4285,350.0688,-136.7226,-155.2874,158.6234,206.8991,22.6072594,113.8238169,-7007.87,667.5
177.76,143.859,-148.8780,28.5130,18.1372,-138.2266,-153.7892,158.4689,206.7794,22.6062871,113.8241477,-7021.18,652.9
177.87,143.965,-152.8617,19.6074,13.2593,-137.2345,-152.2259,158.2547,204.9537,22.6061557,113.8239905,-7037.89,638.8
177.97,144.071,-178.6503,23.3495,345.8332,-135.5694,-151.9621,158.2141,203.6456,22.6063485,113.8236387,-7056.31,716.0
178.08,144.177,164.5132,23.4458,300.9482,-135.2856,-152.3490,159.2116,203.7459,22.6062188,113.8234816,-7073.14,740.8
178.18,144.282,155.4174,46.4178,259.3544,-135.5214,-151.7124,159.1963,203.4274,22.6062218,113.8232508,-7090.37,628.9
178.29,144.389,127.2155,53.6711,236.8575,-135.5978,-149.5001,159.4952,201.8342,22.6060913,113.8230945,-7107.33,618.5
178.39,144.494,132.5628,69.4640,273.1342,-136.3123,-148.7561,160.6466,201.7658,22.6059616,113.8229415,-7124.23,678.1
178.50,144.600,-172.0310,59.5689,346.3273,-136.7123,-148.9261,161.2976,202.1614,22.6058307,113.8227879,-7141.30,711.8
178.61,144.707,-143.3844,34.4806,17.8590,-137.5759,-147.9583,161.2175,202.0366,22.6052452,113.8229029,-7156.69,727.9
178.71,144.813,-140.2447,15.3271,32.4733,-136.6756,-146.1744,160.8890,200.1179,22.6051136,113.8227510,-7173.77,709.5
178.82,144.919,-169.1341,24.7769,1.3922,-135.4600,-145.2480,160.7837,198.6112,22.6048810,113.8226647,-7190.27,802.6
178.93,145.026,165.3512,25.3561,305.7440,-135.0763,-145.8693,161.7160,198.8050,22.6047515,113.8225145,-7207.35,826.1
179.03,145.132,153.5387,54.8505,254.3460,-136.3631,-144.8608,161.6956,198.9461,22.6043284,113.8225270,-7223.85,725.5
179.14,145.238,112.7049,57.6719,219.1867,-136.4294,-142.6468,162.2639,197.3857,22.6041977,113.8223785,-7241.02,730.5
179.24,145.344,116.0686,74.6846,253.7337,-137.0382,-141.8877,163.4511,197.2602,22.6040667,113.8222318,-7258.30,735.9
179.35,145.450,179.1040,64.5915,336.7085,-137.4038,-141.8769,163.9758,197.5066,22.6039351,113.8220854,-7275.66,742.2
179.46,145.556,-155.3495,40.9290,10.3018,-139.5313,-139.9517,164.2254,197.6246,22.6027051,113.8226119,-7288.53,722.9
179.56,145.662,-164.2973,24.0489,16.3544,-138.2801,-138.2396,163.7261,195.5290,22.6025743,113.8224666,-7305.93,727.2
179.67,145.768,156.4405,17.9725,331.8739,-137.3210,-138.1635,163.9466,194.7979,22.6024423,113.8223240,-7323.28,789.2
179.77,145.874,156.4591,23.4530,294.7673,-137.2103,-138.1734,165.1449,194.7269,22.6023107,113.8221814,-7340.73,807.9
179.88,145.980,148.3552,51.7573,255.1032,-136.6687,-137.8467,164.7804,194.1135,22.6026971,113.8217342,-7359.72,677.8
179.99,146.086,117.8950,61.8393,235.0640,-136.7749,-135.8254,165.3533,192.7587,22.6025661,113.8215929,-7377.21,692.6
180.09,146.191,146.4734,73.8076,290.8731,-137.3334,-135.2914,166.3825,192.7802,22.6024353,113.8214537,-7394.72,734.5
180.20,146.298,-156.4735,54.1954,0.0092,-137.6447,-135.3237,166.9392,193.0248,22.6023029,113.8213134,-7412.48,738.6
180.30,146.403,-135.7369,24.8181,23.9530,-137.4931,-134.6041,166.6654,192.4126,22.6021716,113.8211746,-7430.09,729.3
180.41,146.509,-146.7325,19.1581,25.5563,-136.1845,-132.7691,166.2614,190.1942,22.6020403,113.8210366,-7447.74,784.5
180.52,146.615,172.4111,29.1945,338.0159,-134.8213,-132.9768,166.2635,189.3663,22.6019971,113.8208459,-7465.67,831.6
180.62,146.722,159.2867,37.8602,282.7251,-134.8444,-133.3562,167.4845,189.6494,22.6019819,113.8206359,-7483.94,786.7
180.73,146.828,129.0688,60.0553,241.0008,-135.2084,-131.4628,167.2766,188.5836,22.6018523,113.8204991,-7501.67,698.7
180.83,146.934,106.4814,68.8576,242.3416,-135.6145,-130.0170,168.3540,187.8716,22.6017226,113.8203644,-7519.46,702.4
180.94,147.041,161.9049,72.2582,319.3720,-136.0162,-129.9419,169.0943,188.1098,22.6015924,113.8202302,-7537.35,752.2
181.05,147.147,-156.2333,49.1289,4.9200,-136.1355,-129.6134,169.3436,187.9694,22.6014619,113.8200961,-7555.30,715.9
181.15,147.253,-145.2334,27.0229,21.4668,-135.6313,-128.2700,169.0525,186.6790,22.6013310,113.8199623,-7573.33,687.6
181.26,147.359,-172.2635,31.2967,1.5944,-134.6228,-126.9973,168.6946,185.0719,22.6009901,113.8199726,-7590.09,715.2
181.37,147.465,158.0249,30.7612,313.1484,-134.2029,-127.2777,169.6989,184.9596,22.6008613,113.8198413,-7608.01,750.6
181.47,147.571,150.6035,55.4525,274.2585,-134.8384,-126.1923,169.9360,184.6778,22.6006064,113.8197850,-7625.77,654.9
181.58,147.677,120.6602,66.1035,254.8598,-135.0714,-124.4009,170.3380,183.6297,22.6004765,113.8196551,-7643.88,633.0
181.68,147.783,132.1102,70.5584,285.3401,-135.3251,-124.1409,171.3311,183.6405,22.6003474,113.8195275,-7661.91,647.4
181.79,147.889,-169.8452,61.6063,341.7299,-135.5563,-123.9002,172.0886,183.6485,22.6002177,113.8193994,-7680.13,676.1
181.90,147.995,-145.8910,39.8734,6.2491,-135.4568,-122.6445,171.7731,182.7299,22.6000877,113.8192721,-7698.36,641.1
182.00,148.101,-165.2526,33.1216,359.1675,-135.4046,-120.5984,171.4183,181.3240,22.5993599,113.8195511,-7713.59,744.0
182.11,148.208,158.4111,24.9820,315.5611,-133.3818,-121.7007,171.8710,180.5596,22.5998605,113.8189998,-7734.97,811.5
182.21,148.314,155.4908,33.7899,262.2971,-132.9187,-122.3269,172.3184,180.6412,22.6001109,113.8186302,-7754.57,807.5
182.32,148.420,123.0601,47.7817,227.1924,-133.0460,-120.0132,172.2747,179.1771,22.5999834,113.8185053,-7772.82,777.3
182.43,148.525,102.9103,60.7222,235.3602,-133.2980,-118.7644,173.7226,178.5311,22.5998564,113.8183828,-7791.07,813.8
182.53,148.632,176.9194,73.9380,329.9088,-133.8696,-118.7786,174.6840,178.9677,22.5997272,113.8182590,-7809.72,867.2
182.64,148.737,-137.2441,39.7250,20.0929,-134.0382,-118.5239,174.5437,178.9250,22.5995999,113.8181376,-7828.07,850.3
182.74,148.843,-133.9881,16.1156,35.3738,-133.0405,-116.7142,173.9406,176.9801,22.5994717,113.8180160,-7846.55,837.4
182.85,148.949,-173.0295,33.7988,0.7332,-131.5959,-116.1010,173.4280,175.4905,22.5993594,113.8178880,-7864.95,920.0
182.96,149.056,149.1800,21.9817,300.4062,-131.3277,-116.6493,174.7378,175.6531,22.5992329,113.8177671,-7883.48,940.5
183.06,149.161,135.7989,49.1095,251.9045,-131.2026,-115.9862,174.9185,175.1197,22.5994487,113.8174261,-7902.97,781.8
183.17,149.267,102.9458,62.0400,228.3799,-131.3384,-114.1493,175.3843,174.0110,22.5993229,113.8173073,-7921.53,728.3
183.27,149.374,109.4827,74.9666,260.6808,-131.7392,-113.5961,176.3819,173.9520,22.5991968,113.8171898,-7940.19,736.7
183.38,149.480,-175.2240,65.1847,344.7676,-131.8514,-113.4465,177.0329,173.9393,22.5990704,113.8170726,-7958.93,724.9
183.49,149.586,-151.8083,45.0635,4.5330,-131.6652,-112.7570,176.9757,173.3489,22.5989441,113.8169557,-7977.70,671.4
183.59,149.692,-156.5493,37.9411,4.5090,-132.3601,-110.0431,176.7105,172.1298,22.5979760,113.8174223,-7992.90,636.3
183.70,149.798,163.6995,34.9010,332.4948,-130.6769,-110.5394,176.6724,171.1590,22.5983753,113.8169470,-8013.74,713.0
183.80,149.904,146.4558,33.2789,300.2892,-130.2262,-110.5136,177.5924,170.7984,22.5982503,113.8168328,-8032.52,733.2
183.91,150.011,132.2724,58.8433,260.5118,-130.3390,-109.6109,177.9318,170.3021,22.5982727,113.8166137,-8052.20,607.7
184.02,150.117,108.2691,66.7451,240.1418,-130.5491,-107.8835,178.3008,169.3574,22.5981477,113.8165015,-8071.08,606.0
184.12,150.223,120.4558,75.5209,271.8280,-130.7305,-107.2427,179.1489,169.0901,22.5980224,113.8163905,-8090.03,683.1
184.23,150.328,-172.9298,66.5807,345.4509,-130.6829,-107.1273,179.8432,168.9801,22.5978977,113.8162803,-8108.98,691.4
184.34,150.435,-141.8547,48.2747,9.4601,-130.6236,-106.4894,180.0170,168.5305,22.5977718,113.8161695,-8128.15,711.8
184.44,150.540,-133.7092,33.7991,22.5531,-130.0711,-105.0050,179.7585,167.1662,22.5976474,113.8160608,-8147.14,662.1
184.55,150.646,-164.9457,41.9034,0.3469,-131.5775,-102.2240,179.7477,166.6205,22.5961712,113.8169332,-8159.49,739.7
184.65,150.752,153.0780,38.1924,312.4711,-127.8167,-105.0958,179.9381,165.4758,22.5979496,113.8154574,-8187.44,746.4
184.76,150.858,136.3972,55.0265,262.3688,-128.0103,-104.5365,180.6054,165.2710,22.5978143,113.8153485,-8206.84,643.6
184.86,150.964,104.5470,63.3580,229.8382,-128.1437,-102.7890,181.0459,164.2753,22.5976915,113.8152415,-8226.00,593.3
184.97,151.071,93.1529,75.7114,232.4148,-128.1679,-102.1327,181.8144,163.8844,22.5975687,113.8151358,-8245.24,618.6
185.08,151.177,159.1892,75.8302,300.8636,-128.1856,-101.7414,182.2207,163.6547,22.5974458,113.8150305,-8264.54,655.6
185.18,151.283,-174.9069,67.6878,326.5526,-128.2019,-100.7868,182.3738,163.0757,22.5973229,113.8149259,-8283.87,609.6
185.29,151.389,-167.1978,54.3195,347.0655,-132.4825,-95.7797,183.2331,163.4790,22.5946223,113.8167468,-8289.61,555.4
185.40,151.495,-179.4951,47.4674,347.3658,-135.7107,-91.5742,183.7887,163.7169,22.5921241,113.8184340,-8296.10,594.6
185.50,151.601,159.2900,55.4660,313.7889,-134.7784,-91.7387,184.0108,163.0374,22.5921615,113.8182116,-8316.57,614.6
185.61,151.708,124.7574,61.6989,252.8177,-138.8477,-87.7939,184.9010,164.2755,22.5898717,113.8197286,-8325.09,501.9
185.71,151.814,101.9731,62.4229,231.5395,-138.9731,-86.1078,185.5362,163.4872,22.5897386,113.8196389,-8344.73,470.0
185.82,151.920,102.5645,72.8260,246.7437,-139.0529,-85.4762,186.2810,163.2235,22.5896053,113.8195504,-8364.44,499.6
185.93,152.026,159.3815,73.5754,303.4667,-138.8915,-85.2718,186.8358,162.9789,22.5894720,113.8194623,-8384.22,530.5
186.03,152.132,-173.2064,67.8136,317.5417,-138.8890,-84.3730,186.7875,162.5083,22.5893389,113.8193746,-8404.03,513.8
186.14,152.238,-173.3073,59.2086,324.0035,-138.6595,-82.8121,187.0207,161.5064,22.5892058,113.8192883,-8423.85,442.4
186.24,152.344,168.3161,52.0752,323.5681,-142.4114,-78.3542,187.5117,162.5435,22.5865079,113.8212441,-8426.42,428.2
186.35,152.450,140.3620,38.2896,292.3917,-133.5770,-86.3028,186.9865,159.0314,22.5911983,113.8173043,-8478.91,433.1
186.46,152.556,129.5124,33.4163,255.9472,-133.8168,-85.5613,187.3579,158.8322,22.5911394,113.8171482,-8499.64,363.5
186.56,152.663,112.6414,43.8775,237.7499,-136.4964,-81.3489,188.0632,158.8991,22.5894164,113.8182978,-8510.44,355.1
186.67,152.769,102.0945,53.9627,242.2580,-144.5995,-72.7879,190.0383,161.8860,22.5844689,113.8220235,-8500.77,353.0
186.78,152.875,110.3351,59.1117,258.5596,-151.7102,-65.5631,191.5225,165.2710,22.5800526,113.8253864,-8493.03,358.6
186.88,152.982,124.6219,57.7416,274.6172,-155.6550,-60.7417,192.3770,167.0869,22.5775215,113.8272637,-8497.02,306.8
186.99,153.088,140.6322,55.9935,297.4100,-156.4675,-59.0312,192.9924,167.2327,22.5767581,113.8277098,-8512.94,272.1
187.09,153.195,162.1405,56.3169,314.2296,-158.0793,-56.6982,193.5567,167.9398,22.5753421,113.8287204,-8523.42,246.7
187.20,153.303,163.0120,59.4240,304.9793,-164.6196,-49.0962,194.2728,171.7849,22.5711668,113.8320831,-8511.02,249.0
187.31,153.410,147.5907,57.3053,290.3144,-169.3757,-43.0915,195.2404,174.7713,22.5680663,113.8345426,-8507.40,243.8
187.42,153.517,138.8980,60.2070,283.7918,-173.1882,-38.2548,196.1269,177.3628,22.5655508,113.8365281,-8507.98,231.0
187.52,153.623,130.5473,60.4668,276.9811,-173.0731,-37.4394,196.4928,177.0763,22.5653848,113.8364890,-8528.80,255.4
187.63,153.729,121.6799,61.8987,269.1748,-172.8453,-36.7105,196.8856,176.7007,22.5652190,113.8364507,-8549.65,342.7
187.74,153.835,110.9877,64.2639,254.5786,-172.6243,-36.1619,197.2726,176.3712,22.5650534,113.8364131,-8570.55,408.6
187.84,153.941,98.7879,64.7571,243.1217,-172.6851,-35.1567,197.6387,176.2275,22.5648878,113.8363763,-8591.49,444.7
187.95,154.047,90.5261,68.8240,248.6856,-172.7372,-34.1498,198.2356,176.0805,22.5647214,113.8363404,-8612.57,671.1
188.05,154.152,111.7198,76.1808,285.8917,-172.6116,-33.6425,198.8641,175.8595,22.5645574,113.8363057,-8633.43,711.4
188.16,154.259,174.6510,70.8552,349.7421,-172.1033,-33.1983,199.3978,175.2760,22.5643913,113.8362711,-8654.65,908.7
188.27,154.365,-136.1342,70.5435,23.0116,-171.7393,-32.6418,199.3338,174.8139,22.5642265,113.8362370,-8675.79,952.7
188.37,154.470,-98.2740,78.2785,46.9045,-171.4611,-31.7950,198.7869,174.3841,22.5640628,113.8362039,-8696.80,949.9
188.48,154.576,32.6208,79.7329,172.5417,-171.7016,-30.4438,199.1668,174.3797,22.5638983,113.8361718,-8717.89,1009.6
188.58,154.682,51.8082,75.3792,207.1139,-171.7828,-29.2741,200.2239,174.2593,22.5637336,113.8361410,-8739.06,1031.4
188.69,154.789,151.5822,86.0748,326.0207,-172.0366,-29.0337,201.1456,174.4693,22.5635680,113.8361108,-8760.44,945.0
188.80,154.895,176.7067,66.7319,355.8746,-171.4064,-28.6735,201.2228,173.7882,22.5634041,113.8360812,-8781.67,939.6
188.90,155.001,-177.0983,61.5816,346.0369,-170.8809,-28.1642,200.9476,173.1864,22.5632400,113.8360518,-8803.00,923.1
189.01,155.107,153.9290,72.2742,304.5479,-170.7588,-27.0044,200.6498,172.8809,22.5630763,113.8360232,-8824.29,709.2
189.11,155.213,107.5899,65.7234,267.9585,-170.9038,-25.5555,201.7448,172.8040,22.5629124,113.8359962,-8845.61,716.1
189.22,155.319,121.6285,69.0115,289.8882,-170.9008,-24.8916,202.6428,172.7040,22.5627485,113.8359702,-8867.05,509.5
189.33,155.425,157.6220,63.6805,325.6244,-170.7219,-24.5653,203.0471,172.4802,22.5625840,113.8359445,-8888.66,449.7
189.43,155.531,-173.9186,61.5573,347.7651,-170.3428,-24.1507,202.9042,172.0462,22.5624212,113.8359195,-8910.09,443.6
189.54,155.637,179.8487,70.2781,331.5158,-170.0360,-23.3400,202.7168,171.6305,22.5622581,113.8358949,-8931.59,413.3
189.64,155.743,146.0433,72.1481,301.7751,-170.1621,-22.0000,203.3180,171.5784,22.5620950,113.8358715,-8953.11,356.1
189.75,155.848,146.1006,73.1727,308.9245,-170.1054,-21.1823,203.8860,171.4192,22.5619326,113.8358494,-8974.61,479.3
189.85,155.954,141.5041,70.4177,312.4345,-170.1016,-20.5543,204.1311,171.3389,22.5617695,113.8358279,-8996.24,434.3
189.96,156.060,141.4342,62.7356,319.4619,-169.6972,-20.1166,204.7673,170.8854,22.5616066,113.8358069,-9017.91,506.3
190.07,156.167,170.0603,66.5086,336.5372,-169.1825,-19.8439,205.1815,170.3423,22.5614434,113.8357862,-9039.76,589.9
190.17,156.272,-174.1072,74.8808,332.1897,-169.0442,-19.1880,204.8404,170.1297,22.5612820,113.8357660,-9061.39,550.6
190.28,156.378,107.4330,80.7214,246.6743,-169.2032,-17.5612,204.9625,170.1121,22.5611198,113.8357470,-9083.11,781.9
190.39,156.485,88.4391,75.0633,241.6469,-169.3065,-16.3731,206.0108,170.0963,22.5609575,113.8357296,-9104.90,803.2
190.49,156.591,146.8581,77.1936,310.1405,-169.2590,-16.2042,206.9888,170.0329,22.5607952,113.8357128,-9126.79,930.3
190.60,156.697,-157.2028,63.8242,0.6405,-168.7298,-16.0938,206.7519,169.4956,22.5606331,113.8356961,-9148.75,983.1
190.70,156.803,-151.1147,69.6998,348.8647,-168.0967,-15.7265,206.2487,168.8308,22.5604710,113.8356795,-9170.75,1005.1
190.81,156.909,93.0061,84.2484,225.7499,-168.3556,-13.8112,206.2614,168.9211,22.5603105,113.8356642,-9192.50,1144.7
190.91,157.015,70.7535,77.9960,220.8115,-168.7109,-12.6779,207.5206,169.1866,22.5601489,113.8356507,-9214.44,1142.5
191.02,157.121,139.3156,76.8252,300.5341,-168.6122,-12.6520,208.2520,169.0863,22.5599871,113.8356377,-9236.48,1150.8
191.13,157.227,-171.3835,60.8294,340.2544,-167.9687,-12.7786,208.5827,168.4541,22.5598258,113.8356246,-9258.59,1173.8
191.23,157.333,-140.3420,71.6259,350.5857,-167.4264,-11.9033,207.7183,167.8490,22.5596650,113.8356116,-9280.66,1206.4
191.34,157.439,66.2631,79.4052,194.0162,-167.5650,-9.9095,207.7153,167.8577,22.5595045,113.8356004,-9302.68,1008.4
191.44,157.545,59.9468,70.4936,205.8606,-167.8805,-8.8989,209.1085,168.1162,22.5593437,113.8355908,-9324.77,1276.6
191.55,157.650,118.7943,75.1189,278.9740,-167.9372,-8.8232,209.9932,168.1689,22.5591834,113.8355817,-9346.89,1280.4
191.66,157.757,-175.2909,57.6642,341.0855,-167.4469,-8.9725,210.3506,167.6871,22.5590218,113.8355725,-9369.29,1269.1
191.76,157.862,-138.9674,60.8958,359.2850,-166.6446,-8.6485,209.5298,166.8689,22.5588624,113.8355633,-9391.45,1250.6
191.87,157.968,-125.2790,87.3329,2.8558,-166.6034,-6.4884,209.1812,166.7297,22.5587026,113.8355554,-9413.64,1121.3
191.97,158.074,71.9151,79.2697,215.9675,-166.9924,-5.1992,210.5036,167.0733,22.5585427,113.8355495,-9435.89,1119.9
192.08,158.180,138.2787,73.8316,297.6449,-167.0730,-5.1886,211.4672,167.1535,22.5583824,113.8355442,-9458.26,1092.5
192.19,158.287,-177.0096,60.7494,333.7702,-166.6316,-5.3731,211.8114,166.7182,22.5582217,113.8355388,-9480.82,1012.8
192.29,158.392,-155.5218,67.8132,337.4657,-166.0981,-4.7613,211.0137,166.1663,22.5580629,113.8355334,-9503.13,988.5
192.40,158.498,119.5956,78.6754,252.5792,-166.0967,-2.6823,211.0535,166.1183,22.5579052,113.8355296,-9525.28,1110.1
192.50,158.604,100.6734,73.4266,254.0159,-166.3867,-1.6493,212.3137,166.3949,22.5577458,113.8355275,-9547.72,828.3
192.61,158.710,145.1414,65.0977,310.0529,-166.2234,-1.6258,213.1310,166.2313,22.5575863,113.8355258,-9570.28,790.0
192.72,158.816,179.1505,57.7569,328.3151,-166.7306,0.5911,213.0464,166.7317,22.5567361,113.8368347,-9563.17,746.5
192.82,158.922,-162.3007,71.5582,328.5978,-166.2996,1.4745,212.3194,166.3061,22.5565764,113.8368356,-9585.73,747.5
192.93,159.028,109.2714,74.8333,247.7736,-166.4488,3.5418,212.7925,166.4865,22.5564169,113.8368383,-9608.24,711.1
193.03,159.134,108.2400,74.0804,265.1177,-166.5864,4.1542,213.9625,166.6382,22.5562572,113.8368424,-9630.87,712.9
193.14,159.240,155.6733,61.7936,318.1992,-166.3885,4.2705,214.7093,166.4433,22.5560976,113.8368467,-9653.60,680.9
193.25,159.346,-177.6748,57.8994,334.5815,-167.2072,8.0210,214.1891,167.3995,22.5549186,113.8389449,-9627.21,654.6
193.35,159.452,-173.9082,74.6225,321.4204,-166.9132,9.1135,213.6589,167.1618,22.5547577,113.8389536,-9650.00,711.0
193.46,159.557,112.0390,71.3457,257.9982,-167.0471,10.9532,214.5147,167.4058,22.5545991,113.8389640,-9672.47,598.8
193.56,159.663,118.9944,71.8895,277.9613,-167.1615,11.4986,215.3661,167.5565,22.5544389,113.8389756,-9695.26,649.1
193.67,159.769,149.2911,60.9267,311.6325,-166.8144,11.5292,215.9432,167.2123,22.5542787,113.8389875,-9718.13,605.2
193.78,159.875,171.3348,63.8464,318.3572,-166.4257,11.5926,215.6733,166.8290,22.5541189,113.8389994,-9741.02,597.4
193.88,159.981,136.9429,76.0770,272.5104,-166.3655,13.2441,215.4512,166.8918,22.5539593,113.8390121,-9763.87,697.6
193.99,160.087,104.6276,70.4845,256.8644,-166.3378,14.7100,216.5151,166.9869,22.5537998,113.8390267,-9786.76,584.7
194.09,160.194,135.2924,69.1837,298.0898,-166.2921,14.8833,217.1883,166.9568,22.5536402,113.8390420,-9809.76,701.7
194.20,160.300,169.4872,60.4775,321.4701,-165.9407,14.8242,217.3779,166.6015,22.5534809,113.8390573,-9832.81,648.7
194.31,160.406,163.4478,66.2670,294.7121,-165.5529,15.4428,216.7635,166.2716,22.5533220,113.8390728,-9855.83,734.0
194.41,160.512,94.9067,68.1773,225.3234,-165.7085,17.2560,216.9580,166.6046,22.5531632,113.8390897,-9878.82,716.9
194.52,160.618,78.3761,70.5090,228.8753,-165.7709,18.1613,218.2580,166.7628,22.5530043,113.8391081,-9901.89,787.8
194.62,160.724,149.4600,68.8430,307.6800,-165.5618,18.1555,218.7633,166.5543,22.5528454,113.8391269,-9925.07,1038.3
194.73,160.830,158.7048,65.8090,301.2208,-165.1481,18.2960,218.3929,166.1585,22.5526861,113.8391457,-9948.36,1095.5
194.84,160.936,104.4539,66.3193,233.8781,-165.1490,19.6334,218.2854,166.3119,22.5525285,113.8391651,-9971.39,1119.7
194.94,161.042,64.8964,70.6142,203.3572,-165.0617,21.1102,219.4228,166.4062,22.5523702,113.8391862,-9994.59,1030.1
195.05,161.148,0.0000,87.4633,156.4580,-165.1546,21.4634,219.7752,166.5434,22.5522118,113.8392082,-10017.89,1117.6
195.15,161.254,162.8401,67.9544,312.1799,-164.4280,21.1680,219.6616,165.7850,22.5520537,113.8392303,-10041.19,1039.6
195.26,161.359,115.3834,61.6989,240.2269,-164.7099,22.2457,219.3578,166.2053,22.5518967,113.8392523,-10064.34,1100.4
195.37,161.465,80.7762,58.3833,213.8919,-164.4660,23.9449,220.3634,166.1999,22.5517388,113.8392763,-10087.64,1009.3
195.47,161.571,86.6778,74.1374,237.1021,-164.5428,24.4831,221.0029,166.3543,22.5515811,113.8393013,-10111.05,1059.7
195.58,161.677,140.9970,73.2770,297.1498,-164.1180,24.4847,221.1556,165.9344,22.5514234,113.8393266,-10134.49,991.6
195.68,161.783,120.8512,67.9495,253.7883,-164.0349,24.9303,220.9420,165.9185,22.5512662,113.8393520,-10157.92,793.0
195.79,161.889,83.9065,61.9534,213.5784,-163.9594,26.5970,221.2525,166.1027,22.5511089,113.8393786,-10181.36,747.1
195.90,161.995,75.6607,67.9147,224.9315,-163.9341,27.5800,222.1863,166.2379,22.5509517,113.8394067,-10204.87,738.3
196.00,162.102,133.8962,72.4976,291.0827,-163.7076,27.6163,222.6786,166.0206,22.5507945,113.8394352,-10228.46,811.7
196.11,162.208,166.2972,66.2931,308.9813,-163.4914,27.6994,222.5689,165.8213,22.5506369,113.8394638,-10252.19,731.3
196.21,162.314,111.7671,69.9092,239.5972,-163.4172,28.9356,221.8730,165.9592,22.5504810,113.8394928,-10275.62,779.5
196.32,162.420,70.0507,59.0076,213.9409,-163.3942,30.5305,222.9306,166.2221,22.5503242,113.8395236,-10299.20,722.5
196.43,162.526,84.7103,70.0170,243.1484,-163.0888,30.7407,223.9464,165.9607,22.5501677,113.8395553,-10322.89,815.3
196.53,162.632,148.9694,65.7312,297.3107,-162.8993,30.6828,224.0544,165.7637,22.5500113,113.8395870,-10346.66,742.5
196.64,162.738,145.3486,69.1814,274.3603,-162.7955,31.4209,223.4363,165.8000,22.5498552,113.8396190,-10370.39,806.3
196.74,162.844,87.5189,62.7373,218.7595,-162.6983,33.1657,223.6785,166.0442,22.5496991,113.8396523,-10394.08,748.7
196.85,162.949,69.6471,63.8388,222.3541,-162.6414,33.9910,224.7799,166.1554,22.5495438,113.8396869,-10417.74,714.1
196.96,163.056,123.0792,70.8840,286.9364,-162.3053,34.1083,225.5185,165.8505,22.5493872,113.8397223,-10441.73,822.0
197.06,163.161,155.6983,69.3341,302.8800,-161.9303,34.0239,225.0843,165.4661,22.5492325,113.8397572,-10465.51,762.7
197.17,163.267,104.3793,67.5219,231.8324,-162.0735,35.2667,224.7764,165.8661,22.5490771,113.8397928,-10489.35,825.1
197.27,163.373,70.6718,58.3877,208.2460,-161.9249,36.8493,225.6796,166.0649,22.5489218,113.8398301,-10513.21,730.4
197.38,163.479,76.4036,73.3601,229.0997,-161.7672,37.1725,226.6539,165.9832,22.5487666,113.8398684,-10537.20,747.0
197.49,163.585,161.1587,70.9044,311.1388,-161.5068,37.2398,226.5991,165.7446,22.5486115,113.8399068,-10561.24,646.4
197.59,163.691,144.8106,65.9418,272.5121,-161.3422,37.6892,226.0297,165.6858,22.5484567,113.8399454,-10585.25,605.4
197.70,163.797,100.3928,60.4357,226.3447,-161.3269,39.3535,226.4953,166.0574,22.5483019,113.8399852,-10609.23,516.6
197.80,163.904,87.4583,65.6938,224.7867,-161.0909,40.0671,227.3425,165.9990,22.5481473,113.8400263,-10633.29,511.4
197.91,164.010,104.3941,70.2889,243.6050,-160.9468,40.4312,227.6110,165.9474,22.5479929,113.8400679,-10657.41,513.4
198.02,164.116,113.3976,70.8546,251.2626,-160.8106,41.1339,227.7400,165.9881,22.5478386,113.8401099,-10681.55,455.4
198.12,164.222,111.1972,66.7136,252.0743,-160.7689,42.0215,227.9132,166.1700,22.5476844,113.8401529,-10705.70,425.6
198.23,164.328,119.6216,63.6367,270.6031,-160.6086,42.7052,228.5869,166.1893,22.5475295,113.8401968,-10730.02,388.5
198.33,164.434,150.3619,66.4980,297.9053,-160.3993,42.9766,228.9034,166.0570,22.5473763,113.8402409,-10754.17,491.3
198.44,164.540,139.2152,69.0518,267.8865,-160.1885,43.5031,228.4086,165.9906,22.5472227,113.8402854,-10778.41,528.3
198.55,164.646,92.5706,57.9714,217.8918,-160.2054,44.9748,228.5222,166.3986,22.5470690,113.8403311,-10802.63,612.4
198.65,164.752,71.2964,54.9778,213.8078,-160.0206,46.0457,229.5346,166.5137,22.5469154,113.8403782,-10826.91,630.3
198.76,164.858,86.0273,66.2479,244.6049,-159.7897,46.2865,230.3456,166.3586,22.5467620,113.8404259,-10851.29,709.8
198.86,164.963,150.6249,70.0593,303.5287,-159.4287,46.1799,230.3645,165.9822,22.5466096,113.8404734,-10875.62,727.2
198.97,165.069,125.9470,68.9119,249.7762,-159.4855,46.6244,229.4688,166.1610,22.5464568,113.8405212,-10900.00,809.9
199.08,165.175,82.8268,48.7870,206.6723,-159.4574,48.7950,230.0394,166.7561,22.5463038,113.8405704,-10924.34,770.4
199.18,165.281,66.1742,55.9052,209.0515,-159.1872,49.4666,231.2583,166.6958,22.5461510,113.8406213,-10948.81,780.9
199.29,165.387,113.6006,66.1122,265.6907,-158.9081,49.4336,232.0681,166.4196,22.5459984,113.8406724,-10973.37,849.2
199.39,165.493,160.4151,69.3120,294.9868,-158.8003,49.3193,231.4660,166.2826,22.5458460,113.8407233,-10997.96,788.6
199.50,165.599,104.6061,65.3109,223.3327,-158.8088,50.7879,230.6999,166.7323,22.5456938,113.8407748,-11022.44,802.8
199.61,165.706,68.5444,52.9514,205.2903,-158.6597,52.4452,231.8210,167.1030,22.5455408,113.8408285,-11047.06,729.1
199.71,165.812,73.7146,64.8188,227.6475,-158.3069,52.4746,232.8104,166.7773,22.5453895,113.8408825,-11071.59,820.7
199.82,165.918,143.0449,67.3418,285.0287,-158.1092,52.2376,232.9148,166.5151,22.5452378,113.8409366,-11096.30,733.6
199.92,166.024,122.3995,69.2907,243.2594,-158.1428,52.9203,231.9494,166.7625,22.5450861,113.8409907,-11120.94,768.9
200.03,166.130,79.2693,53.2378,207.9030,-158.0563,55.1085,232.5646,167.3880,22.5449344,113.8410466,-11145.55,668.2
200.14,166.236,71.6652,60.7927,221.0228,-157.7663,55.4826,233.7480,167.2379,22.5447830,113.8411037,-11170.28,681.1
200.24,166.342,130.4666,66.3328,279.9189,-157.4722,55.4404,234.3227,166.9465,22.5446318,113.8411610,-11195.10,698.7
200.35,166.448,138.7888,65.3884,267.2286,-157.5308,55.2839,233.5530,166.9499,22.5444808,113.8412181,-11219.91,643.9
200.45,166.554,87.6739,62.2911,204.7169,-157.4286,57.4687,233.3530,167.5900,22.5443297,113.8412761,-11244.65,657.0
200.56,166.660,69.3892,60.9964,209.8985,-157.0780,58.5207,234.6307,167.6251,22.5441789,113.8413363,-11269.46,598.5
200.66,166.765,103.6844,63.6271,251.6628,-156.7769,58.3049,235.2942,167.2677,22.5440290,113.8413963,-11294.25,691.1
200.77,166.872,142.6219,65.5391,269.4348,-156.8719,58.2238,235.2542,167.3284,22.5438779,113.8414567,-11319.34,600.2
200.88,166.977,115.7558,66.4410,226.7642,-156.8137,59.3451,234.3213,167.6675,22.5437282,113.8415170,-11344.11,714.0
200.98,167.084,77.7666,48.2141,203.9572,-156.4902,61.4183,235.1140,168.1113,22.5435771,113.8415797,-11369.09,632.9
201.09,167.189,71.0601,58.4363,219.3180,-156.2736,61.6841,236.3454,168.0070,22.5434279,113.8416431,-11393.98,684.4
201.19,167.294,132.4674,66.4101,275.1244,-156.0421,61.3340,236.9586,167.6634,22.5432796,113.8417060,-11418.84,743.5
201.30,167.400,152.7187,69.7035,271.7991,-156.2634,61.4317,236.1089,167.9050,22.5431297,113.8417693,-11443.92,744.7
201.41,167.507,88.0237,64.8379,197.3911,-155.8606,63.5817,235.5458,168.3305,22.5429800,113.8418337,-11468.91,833.4
201.51,167.613,64.5735,58.0888,197.9476,-155.5661,64.8138,236.9921,168.5279,22.5428307,113.8419002,-11493.96,784.1
201.62,167.719,91.3975,67.7920,240.7346,-155.4034,64.5665,237.8490,168.2826,22.5426815,113.8419670,-11519.13,868.1
201.72,167.825,170.6391,71.6347,299.7095,-155.5008,64.3000,237.9487,168.2706,22.5425325,113.8420335,-11544.38,834.1
201.83,167.931,156.8041,80.3823,262.8998,-155.3599,65.1085,236.8638,168.4512,22.5423834,113.8421001,-11569.55,957.5
201.94,168.036,79.1182,61.4097,196.0167,-154.9120,67.5429,237.3890,168.9964,22.5422360,113.8421681,-11594.42,904.9
202.04,168.142,71.5347,65.2213,210.6973,-154.9049,68.0259,238.5514,169.1835,22.5420875,113.8422382,-11619.67,929.6
202.15,168.248,127.7011,63.2781,274.1881,-154.5561,67.6785,239.3825,168.7245,22.5419390,113.8423083,-11645.00,953.9
202.25,168.354,-178.5199,67.3602,306.7025,-154.7769,67.5618,238.9049,168.8801,22.5417906,113.8423781,-11670.38,848.2
202.36,168.460,118.1829,80.1405,225.1662,-154.4237,69.2092,237.7184,169.2235,22.5416423,113.8424484,-11695.65,940.7
202.47,168.566,74.1094,57.7603,204.7504,-154.1366,71.0254,239.0373,169.7136,22.5414943,113.8425210,-11720.90,812.2
202.57,168.671,89.6783,64.3972,238.9577,-153.9691,70.9785,240.1888,169.5418,22.5413472,113.8425941,-11746.19,870.5
202.68,168.777,147.4999,62.6691,284.4629,-153.8455,70.6328,240.5903,169.2850,22.5411997,113.8426672,-11771.69,829.3
202.78,168.883,161.9458,69.7848,275.9829,-153.9472,70.9046,239.5576,169.4910,22.5410520,113.8427402,-11797.15,831.3
202.89,168.989,89.8610,57.0062,203.3929,-153.6967,73.4682,239.2344,170.3533,22.5409044,113.8428146,-11822.50,772.1
203.00,169.095,75.1128,54.1271,214.6426,-153.2932,74.2656,240.8627,170.3355,22.5407572,113.8428911,-11847.96,718.1
203.10,169.201,112.6641,57.3454,261.7440,-152.9655,74.0172,241.9157,169.9323,22.5406103,113.8429677,-11873.56,765.6
203.21,169.307,159.7161,62.5056,287.5208,-153.3108,73.7728,241.4491,170.1371,22.5404634,113.8430440,-11899.21,708.2
203.31,169.414,127.7388,71.5887,235.2765,-153.0703,75.0803,240.2244,170.4921,22.5403158,113.8431208,-11924.87,827.5
203.42,169.520,79.9202,48.4946,211.3254,-152.7513,77.1236,241.3254,171.1170,22.5401697,113.8431993,-11950.25,714.8
203.53,169.626,79.8187,56.5072,232.9125,-152.5029,77.2005,242.5941,170.9300,22.5400233,113.8432791,-11975.91,759.9
203.63,169.732,136.1418,62.2908,278.0809,-152.1394,76.8659,243.4602,170.4545,22.5398773,113.8433586,-12001.68,771.6
203.74,169.838,168.0628,68.2664,284.3989,-152.5382,76.8603,242.2571,170.8081,22.5397311,113.8434379,-12027.44,746.6
203.84,169.944,96.9403,64.2975,202.9701,-152.0942,79.3261,241.6449,171.5380,22.5395849,113.8435184,-12053.07,787.9
203.95,170.050,68.7826,54.5659,202.9356,-151.8855,80.6103,243.1113,171.9513,22.5394392,113.8436012,-12078.77,728.0
204.06,170.156,95.0013,60.8051,247.1685,-151.5613,80.3255,244.1218,171.5314,22.5392929,113.8436847,-12104.72,796.7
204.16,170.262,152.7562,65.0388,285.5062,-151.5957,79.8967,244.3216,171.3615,22.5391483,113.8437671,-12130.51,774.8
204.27,170.368,144.7785,74.0267,250.9926,-151.5858,80.6783,242.9801,171.7185,22.5390028,113.8438497,-12156.35,871.7
204.37,170.474,82.5503,47.8768,203.1822,-151.3396,83.1972,243.3925,172.7004,22.5388575,113.8439345,-12182.10,794.5
204.48,170.580,72.5395,50.7303,221.6988,-150.9769,83.5930,244.9273,172.5741,22.5387125,113.8440207,-12208.00,810.0
204.59,170.685,118.9140,60.3853,267.2019,-150.5117,83.2602,245.9548,172.0059,22.5385686,113.8441065,-12233.90,870.1
204.69,170.791,169.7372,67.3154,293.5268,-150.9728,83.0215,245.0456,172.2945,22.5384239,113.8441923,-12259.95,805.8
204.80,170.897,107.7206,71.6088,212.9682,-150.7376,84.9100,243.9925,173.0074,22.5382792,113.8442787,-12285.86,927.9
204.90,171.003,68.0194,53.3873,196.1327,-150.3841,86.6736,245.3216,173.5733,22.5381348,113.8443675,-12311.79,826.2
205.01,171.109,77.5895,62.5543,231.7474,-150.0891,86.6327,246.4912,173.2973,22.5379906,113.8444571,-12337.87,888.2
205.12,171.215,151.8657,67.2657,293.0844,-149.8424,86.2041,247.1013,172.8696,22.5378469,113.8445463,-12364.05,892.9
205.22,171.322,173.1484,72.9410,287.5707,-150.0142,86.3458,245.8681,173.0892,22.5377029,113.8446353,-12390.18,966.8
205.33,171.428,88.9226,61.8500,201.9851,-149.6924,89.0618,245.6922,174.1833,22.5375591,113.8447259,-12416.21,891.8
205.43,171.534,66.8206,60.0626,206.5423,-149.5499,89.8258,247.1050,174.4530,22.5374150,113.8448189,-12442.47,844.0
205.54,171.640,106.7349,62.8005,260.9587,-149.0443,89.5664,248.0589,173.8861,22.5372723,113.8449111,-12468.60,869.4
205.65,171.746,167.5033,71.7541,298.7517,-149.1679,89.2003,247.6530,173.8038,22.5371294,113.8450034,-12494.91,785.5
205.75,171.852,101.4075,77.0108,207.7364,-149.2021,90.7746,246.6316,174.6462,22.5369862,113.8450960,-12521.11,814.0
205.86,171.958,69.8337,51.5070,197.4046,-148.6763,92.5280,247.8953,175.1173,22.5368432,113.8451909,-12547.31,658.9
205.96,172.064,61.2311,60.7595,203.6804,-148.3583,92.6767,248.7548,174.9262,22.5367008,113.8452866,-12573.65,646.0
206.07,172.170,96.9773,76.5211,233.4265,-148.1292,92.6150,249.0903,174.6992,22.5365579,113.8453827,-12600.18,573.2
206.18,172.275,80.0551,73.5374,202.4613,-148.4571,92.8455,248.1981,175.0994,22.5364170,113.8454776,-12626.29,486.8
206.28,172.382,66.2102,49.1272,177.7825,-148.2703,94.8510,248.6403,176.0136,22.5362738,113.8455749,-12652.74,356.6
206.39,172.487,51.3229,48.6478,178.8228,-147.6006,95.6828,249.5966,175.9009,22.5361326,113.8456730,-12679.04,317.0
206.49,172.593,52.5146,54.5826,186.4847,-147.5351,95.7294,249.9454,175.8713,22.5359909,113.8457719,-12705.52,316.9
206.60,172.699,61.8017,63.2055,184.5019,-147.5068,95.9621,250.3132,175.9743,22.5358495,113.8458708,-12732.05,269.6
206.71,172.806,76.1918,63.1392,186.0878,-147.6338,96.5547,250.1447,176.4045,22.5357078,113.8459702,-12758.58,238.3
206.81,172.912,73.3922,50.1807,177.5333,-147.3503,98.2664,250.0112,177.1112,22.5355656,113.8460713,-12785.22,202.6
206.92,173.018,56.3809,45.8066,181.6444,-146.7769,99.1682,250.8753,177.1378,22.5354252,113.8461729,-12811.65,211.7
207.02,173.124,48.6225,58.5288,185.1617,-146.5427,99.1144,251.4583,176.9136,22.5352844,113.8462753,-12838.28,221.1
207.13,173.230,45.8514,74.0404,172.3167,-146.6286,99.2237,251.5910,177.0460,22.5351438,113.8463777,-12864.97,226.0
207.24,173.336,59.2600,76.6943,170.2052,-146.7039,99.9208,251.4941,177.4999,22.5350031,113.8464804,-12891.64,248.7
207.34,173.442,53.1227,70.3468,158.2253,-146.3999,101.3305,251.4108,178.0472,22.5348624,113.8465843,-12918.30,283.8
207.45,173.548,48.7477,59.8515,169.5740,-146.2497,102.5350,251.7498,178.6124,22.5347214,113.8466902,-12945.09,282.7
207.55,173.653,40.3189,57.4356,183.3013,-146.0581,102.8171,252.4782,178.6178,22.5345825,113.8467953,-12971.58,275.1
207.66,173.760,33.4470,66.9706,174.4400,-145.6528,102.6361,252.9218,178.1822,22.5344419,113.8469019,-12998.50,265.7
207.77,173.866,28.0664,66.7874,140.0328,-146.0189,103.1047,252.2342,178.7515,22.5343020,113.8470080,-13025.29,294.6
207.87,173.971,46.7691,41.1070,156.6397,-145.6545,105.3816,252.8556,179.7791,22.5341626,113.8471153,-13051.93,301.0
207.98,174.077,25.8535,42.3677,154.5450,-145.0967,105.5668,253.8079,179.4363,22.5340232,113.8472243,-13078.80,295.5
208.08,174.183,26.8454,56.8269,153.9813,-145.0267,105.6205,254.2401,179.4114,22.5338840,113.8473334,-13105.73,299.7
208.19,174.290,27.1017,70.8403,146.8953,-145.2241,106.0967,253.9877,179.8515,22.5337441,113.8474432,-13132.82,286.7
208.30,174.396,53.4969,60.9057,159.3057,-145.5632,106.9553,253.6616,180.6325,22.5336053,113.8475526,-13159.59,285.2
208.40,174.502,61.5363,46.2893,167.9674,-144.6705,108.0946,254.5697,180.5934,22.5334659,113.8476637,-13186.52,252.1
208.51,174.608,60.5481,60.3913,173.1905,-144.1005,109.0377,255.3270,180.7047,22.5333275,113.8477758,-13213.56,259.9
208.61,174.714,61.2681,72.3293,189.8440,-144.3746,109.8196,255.2503,181.3956,22.5331891,113.8478889,-13240.64,260.3
208.72,174.820,61.0214,72.8750,200.3067,-144.3459,110.1599,254.9454,181.5790,22.5330505,113.8480025,-13267.68,260.1
208.83,174.926,71.1727,60.0608,215.7399,-144.1022,110.6804,254.8367,181.7020,22.5329115,113.8481170,-13294.83,227.5
208.93,175.032,76.6838,52.6516,229.3090,-143.6085,111.2145,255.2155,181.6372,22.5327741,113.8482311,-13321.75,213.6
209.04,175.138,86.0317,41.7707,241.5634,-143.3951,111.7848,255.4028,181.8186,22.5326364,113.8483463,-13348.82,208.1
209.14,175.244,92.9089,37.1989,246.5421,-143.2693,112.3549,255.7721,182.0706,22.5324989,113.8484621,-13375.93,190.2
209.25,175.350,97.8550,28.0759,253.4371,-143.2928,112.7629,256.2016,182.3411,22.5323614,113.8485784,-13403.07,188.8
209.36,175.456,103.5776,23.5905,249.4275,-143.2312,113.2889,256.7770,182.6186,22.5322240,113.8486951,-13430.27,154.1
209.46,175.561,105.9015,18.3835,240.6039,-143.3983,113.8572,256.8800,183.1026,22.5320871,113.8488118,-13457.37,141.5
209.57,175.668,106.7662,12.2689,232.9615,-143.4008,114.7052,256.9834,183.6330,22.5319488,113.8489304,-13484.74,117.3
209.67,175.773,106.2967,3.0459,232.3408,-143.2030,115.4136,257.3074,183.9223,22.5318120,113.8490487,-13511.87,116.7
209.78,175.879,106.5291,-4.5819,234.2465,-142.9376,116.3354,257.6780,184.2961,22.5316747,113.8491684,-13539.18,110.9
209.89,175.985,106.7637,-5.4648,233.7717,-142.8722,117.0527,257.9267,184.6992,22.5315376,113.8492889,-13566.51,100.8
209.99,176.092,102.6631,-9.7004,238.7354,-142.7586,117.6857,258.1719,185.0133,22.5314006,113.8494101,-13593.87,103.0
210.10,176.198,99.9022,-11.1158,241.3508,-142.5926,118.2922,258.3974,185.2720,22.5312637,113.8495320,-13621.26,97.4
210.20,176.304,97.1291,-22.5149,239.6827,-142.5581,118.9644,258.5855,185.6754,22.5311269,113.8496544,-13648.66,93.8
210.31,176.410,91.8935,-27.2770,244.4003,-142.1332,119.6849,258.7628,185.8126,22.5309904,113.8497776,-13676.08,93.4
210.42,176.516,91.3682,-27.8293,241.8983,-142.0188,120.2827,259.0502,186.1109,22.5308536,113.8499021,-13703.65,102.0
210.52,176.622,82.4240,-32.3050,247.3022,-141.8660,120.8777,259.3168,186.3797,22.5307180,113.8500260,-13730.99,94.7
210.63,176.728,78.0076,-34.4161,249.3087,-141.5337,121.5316,259.4122,186.5522,22.5305821,113.8501512,-13758.48,97.5
210.73,176.833,82.9466,-34.1593,247.9860,-141.2812,122.0781,259.6451,186.7175,22.5304465,113.8502769,-13785.98,91.2
210.84,176.939,89.0291,-34.0075,251.1440,-141.2012,122.7569,259.7825,187.1017,22.5303110,113.8504033,-13813.51,83.4
210.94,177.045,91.3677,-26.2214,250.5585,-141.1110,123.3472,260.0934,187.4216,22.5301756,113.8505304,-13841.07,85.7
211.05,177.151,87.5683,-25.8189,251.7191,-140.8373,123.9982,260.2693,187.6451,22.5300403,113.8506581,-13868.65,83.2
211.16,177.258,87.6694,-21.4215,246.3006,-140.6144,124.6007,260.5041,187.8769,22.5299053,113.8507865,-13896.25,106.8
211.26,177.364,85.8863,-19.8825,240.4386,-140.4333,125.1888,260.7039,188.1323,22.5297705,113.8509155,-13923.88,137.9
211.37,177.470,84.6848,-17.9160,237.2268,-140.1976,125.7553,260.8973,188.3342,22.5296359,113.8510450,-13951.52,146.9
211.47,177.575,84.7967,-13.3786,235.8971,-140.0050,126.2856,261.0905,188.5457,22.5295016,113.8511751,-13979.18,148.4
211.58,177.681,82.3821,-20.9264,242.1465,-139.9171,126.6242,261.2967,188.7074,22.5293673,113.8513057,-14006.86,166.1
211.69,177.787,76.7425,-36.2506,254.7264,-139.6634,127.3428,261.5491,189.0028,22.5292332,113.8514368,-14034.56,175.8
211.79,177.893,66.8067,-51.4137,269.1830,-139.3946,127.8326,261.7697,189.1349,22.5290995,113.8515684,-14062.29,194.0
211.90,178.000,60.2321,-56.7536,276.3400,-139.1445,128.5590,261.8687,189.4429,22.5289652,113.8517014,-14090.16,200.8
212.00,178.105,66.1420,-59.4794,272.8256,-138.6126,128.9039,262.0964,189.2873,22.5288326,113.8518337,-14117.80,196.0
212.11,178.212,83.6462,-66.2076,272.9633,-138.3273,129.5919,262.3131,189.5482,22.5286992,113.8519678,-14145.72,181.6
212.22,178.318,97.7806,-66.6864,267.4311,-138.5265,130.1817,262.4471,190.0970,22.5285664,113.8521019,-14173.52,153.0
212.32,178.424,84.3739,-69.7114,279.4918,-138.3063,130.7340,262.6496,190.3155,22.5284336,113.8522366,-14201.35,118.0
212.43,178.530,78.0396,-70.2180,286.1613,-138.0528,131.2972,262.8268,190.5191,22.5283010,113.8523719,-14229.20,102.0
212.54,178.636,78.1138,-70.9810,286.3103,-137.8124,131.8497,263.0034,190.7265,22.5281687,113.8525078,-14257.06,92.3
212.64,178.742,78.0384,-71.6202,286.6028,-137.5836,132.3904,263.1933,190.9357,22.5280366,113.8526442,-14284.95,71.5
212.75,178.848,76.8912,-72.2390,288.0076,-137.3455,132.9338,263.3765,191.1417,22.5279048,113.8527812,-14312.85,55.3
212.85,178.954,76.0887,-72.8208,289.0503,-137.1038,133.4745,263.5600,191.3450,22.5277731,113.8529187,-14340.78,31.8
212.96,179.060,75.4873,-73.3537,289.8835,-136.8597,134.0126,263.7436,191.5463,22.5276417,113.8530568,-14368.72,21.1
213.07,179.166,74.8968,-73.8779,290.7083,-136.6127,134.5517,263.9268,191.7477,22.5275099,113.8531961,-14396.82,22.7
213.17,179.272,74.1960,-74.3758,291.6402,-136.3644,135.0832,264.1086,191.9446,22.5273796,113.8533347,-14424.67,24.5
213.28,179.378,73.0422,-74.8932,292.9412,-136.1134,135.6141,264.2931,192.1407,22.5272489,113.8534744,-14452.67,25.5
213.38,179.484,71.5781,-75.3005,294.6790,-135.8555,136.1486,264.4743,192.3361,22.5271179,113.8536154,-14480.82,28.5
213.49,179.590,70.8363,-75.7023,295.6686,-135.5978,136.6752,264.6557,192.5276,22.5269883,113.8537556,-14508.73,32.8
213.60,179.696,69.8160,-76.1100,296.9257,-135.3370,137.2018,264.8379,192.7185,22.5268583,113.8538970,-14536.79,36.2
213.70,179.802,68.6679,-76.4696,298.3140,-135.0728,137.7268,265.0199,192.9076,22.5267286,113.8540390,-14564.87,43.8
213.81,179.908,66.8401,-76.8374,300.3708,-134.8081,138.2504,265.2018,193.0969,22.5265992,113.8541814,-14592.97,61.6
213.91,180.014,64.2935,-77.0861,303.1931,-134.5398,138.7712,265.3832,193.2832,22.5264700,113.8543245,-14621.09,96.0
214.02,180.120,61.2888,-77.2545,306.5083,-134.2669,139.2912,265.5646,193.4674,22.5263410,113.8544680,-14649.22,110.0
214.13,180.226,58.6906,-77.3689,309.4127,-133.9912,139.8113,265.7464,193.6513,22.5262124,113.8546121,-14677.38,115.9
214.23,180.332,53.7972,-77.2854,314.5520,-133.7183,140.3271,265.9332,193.8357,22.5260834,113.8547575,-14705.69,115.7
214.34,180.438,44.0807,-76.5293,325.9451,-133.4637,140.8187,266.1306,194.0166,22.5259558,113.8549019,-14733.75,114.9
214.44,180.543,26.7065,-73.0137,344.7509,-133.1826,141.3401,266.3123,194.2025,22.5258279,113.8550476,-14761.97,116.7
214.55,180.649,20.2447,-69.8957,352.2093,-132.8844,141.8624,266.4851,194.3790,22.5257003,113.8551938,-14790.20,121.2
214.66,180.756,17.1275,-67.7845,355.9519,-132.5874,142.3843,266.6595,194.5577,22.5255723,113.8553413,-14818.59,120.8
214.76,180.861,16.6413,-67.4593,357.8511,-132.2850,142.9003,266.8358,194.7301,22.5254459,113.8554879,-14846.73,118.0
214.87,180.967,16.9043,-65.5910,359.0700,-132.0157,143.4050,267.0248,194.9183,22.5253191,113.8556357,-14875.02,99.9
214.97,181.073,19.0203,-61.5557,357.6651,-131.7171,143.8905,267.2156,195.0740,22.5251926,113.8557841,-14903.33,63.0
215.08,181.179,21.6604,-54.9132,355.7597,-131.4339,144.4269,267.3864,195.2793,22.5250663,113.8559329,-14931.66,47.4
215.19,181.286,22.9257,-51.0488,355.5916,-131.1369,144.9519,267.5920,195.4685,22.5249398,113.8560830,-14960.15,39.5
215.29,181.391,24.1719,-46.0916,356.4451,-130.8573,145.4448,267.7874,195.6471,22.5248147,113.8562323,-14988.39,37.3
215.40,181.497,25.2180,-44.6358,356.2910,-130.5250,145.9793,267.9630,195.8232,22.5246894,113.8563828,-15016.77,34.6
215.50,181.603,25.5086,-44.9874,356.5924,-130.2339,146.5096,268.1522,196.0254,22.5245643,113.8565338,-15045.18,27.9
215.61,181.710,25.6511,-45.2687,356.4973,-129.9272,147.0355,268.3449,196.2155,22.5244389,113.8566861,-15073.75,17.8
215.72,181.816,25.7304,-45.5825,356.6163,-129.6258,147.5524,268.5444,196.4040,22.5243144,113.8568382,-15102.20,13.3
215.82,181.921,25.7517,-45.7593,356.8490,-129.3178,148.0737,268.7408,196.5932,22.5241907,113.8569901,-15130.54,7.0
215.93,182.027,25.8134,-46.0328,356.9719,-129.0088,148.5991,268.9401,196.7866,22.5240668,113.8571433,-15159.04,4.9
216.03,182.134,25.8820,-46.3136,357.0981,-128.6944,149.1272,269.1423,196.9801,22.5239426,113.8572977,-15187.69,4.5
216.14,182.239,25.9471,-46.5759,357.2324,-128.3800,149.6520,269.3445,197.1729,22.5238199,113.8574513,-15216.09,4.5
216.25,182.346,26.0172,-46.8538,357.3692,-128.0607,150.1834,269.5511,197.3692,22.5236963,113.8576068,-15244.78,4.4
216.35,182.451,26.0800,-47.1278,357.5049,-127.7419,150.7114,269.7577,197.5650,22.5235741,113.8577615,-15273.23,4.5
216.46,182.557,26.1457,-47.4021,357.6374,-127.4191,151.2435,269.9671,197.7630,22.5234517,113.8579174,-15301.83,4.5
216.56,182.664,26.2130,-47.6775,357.7717,-127.0921,151.7795,270.1790,197.9632,22.5233290,113.8580746,-15330.60,4.5
216.67,182.770,26.2810,-47.9559,357.9066,-126.7638,152.3148,270.3919,198.1637,22.5232072,113.8582316,-15359.25,4.5
216.78,182.876,26.3536,-48.2424,358.0298,-126.4348,152.8496,270.6056,198.3652,22.5230858,113.8583892,-15387.92,4.5
216.88,182.982,26.4211,-48.5222,358.1741,-126.0985,153.3917,270.8258,198.5694,22.5229641,113.8585481,-15416.75,4.5
216.99,183.088,26.4871,-48.8007,358.3026,-125.7647,153.9289,271.0443,198.7734,22.5228438,113.8587061,-15445.33,4.5
217.09,183.194,26.5506,-49.0813,358.4388,-125.4270,154.4703,271.2654,198.9799,22.5227233,113.8588653,-15474.07,4.5
217.20,183.300,26.6162,-49.3649,358.5686,-125.0876,155.0124,271.4873,199.1878,22.5226031,113.8590251,-15502.83,4.5
217.31,183.405,26.6763,-49.6425,358.7135,-124.7456,155.5550,271.7119,199.3961,22.5224838,113.8591847,-15531.48,4.5
217.41,183.512,26.7384,-49.9298,358.8482,-124.3994,156.1025,271.9395,199.6076,22.5223637,113.8593464,-15560.43,4.5
217.52,183.618,26.7975,-50.2113,358.9909,-124.0508,156.6513,272.1709,199.8205,22.5222445,113.8595079,-15589.27,4.5
217.62,183.724,26.8614,-50.4898,359.1256,-123.7010,157.2007,272.4029,200.0350,22.5221257,113.8596700,-15618.13,4.5
217.73,183.830,26.9247,-50.7738,359.2546,-123.3488,157.7518,272.6363,200.2513,22.5220071,113.8598326,-15647.01,4.5
217.84,183.936,26.9874,-51.0570,359.3844,-122.9940,158.3044,272.8719,200.4690,22.5218890,113.8599958,-15675.92,4.5
217.94,184.042,27.0498,-51.3419,359.5171,-122.6352,158.8609,273.1110,200.6893,22.5217706,113.8601604,-15704.99,4.5
218.05,184.148,27.1100,-51.6244,359.6523,-122.2776,159.4138,273.3503,200.9094,22.5216536,113.8603240,-15733.82,4.5
218.15,184.254,27.1677,-51.9077,359.7889,-121.9163,159.9711,273.5930,201.1326,22.5215365,113.8604889,-15762.80,4.5
218.26,184.360,27.2259,-52.1888,359.9241,-121.5529,160.5303,273.8375,201.3581,22.5214196,113.8606544,-15791.82,4.5
218.37,184.466,27.2836,-52.4728,0.0574,-121.1869,161.0913,274.0838,201.5854,22.5213032,113.8608205,-15820.85,4.5
218.47,184.572,27.3407,-52.7577,0.1935,-120.8183,161.6537,274.3324,201.8143,22.5211871,113.8609872,-15849.92,4.5
218.58,184.678,27.3967,-53.0448,0.3323,-120.4459,162.2199,274.5851,202.0458,22.5210708,113.8611553,-15879.15,4.5
218.68,184.784,27.4523,-53.3284,0.4698,-120.0750,162.7829,274.8375,202.2777,22.5209559,113.8613223,-15908.13,4.5
218.79,184.890,27.5041,-53.6120,0.6087,-119.7002,163.3504,275.0933,202.5130,22.5208409,113.8614907,-15937.28,4.5
218.90,184.996,27.5600,-53.8957,0.7427,-119.3235,163.9195,275.3510,202.7503,22.5207262,113.8616597,-15966.45,4.5
219.00,185.102,27.6162,-54.1786,0.8769,-118.9443,164.4904,275.6108,202.9897,22.5206119,113.8618293,-15995.65,4.5
219.11,185.207,27.6689,-54.4623,1.0138,-118.5664,165.0576,275.8706,203.2289,22.5204990,113.8619979,-16024.60,4.5
219.21,185.313,27.7251,-54.7484,1.1484,-118.1828,165.6316,276.1354,203.4723,22.5203854,113.8621687,-16053.85,4.5
219.32,185.419,27.7770,-55.0333,1.2867,-117.7976,166.2068,276.4028,203.7179,22.5202722,113.8623401,-16083.14,4.5
219.43,185.525,27.8275,-55.3182,1.4226,-117.4100,166.7846,276.6722,203.9662,22.5201593,113.8625120,-16112.45,4.5
219.53,185.630,27.8733,-55.5980,1.5655,-117.0241,167.3585,276.9411,204.2144,22.5200479,113.8626829,-16141.51,4.5
219.64,185.736,27.9254,-55.8843,1.7014,-116.6325,167.9398,277.2147,204.4674,22.5199358,113.8628561,-16170.88,4.5
219.74,185.842,27.9762,-56.1714,1.8388,-116.2386,168.5224,277.4908,204.7223,22.5198241,113.8630299,-16200.27,4.5
219.85,185.948,28.0245,-56.4586,1.9817,-115.8408,169.1092,277.7711,204.9806,22.5197122,113.8632050,-16229.84,4.5
219.95,186.054,28.0672,-56.7428,2.1247,-115.4451,169.6925,278.0511,205.2391,22.5196017,113.8633792,-16259.15,4.5
220.06,186.160,28.1105,-57.0249,2.2721,-115.0458,170.2806,278.3345,205.5019,22.5194912,113.8635547,-16288.64,4.5
220.17,186.266,28.1565,-57.3094,2.4140,-114.6442,170.8706,278.6200,205.7670,22.5193809,113.8637309,-16318.16,4.5
220.27,186.372,28.2028,-57.5988,2.5524,-114.2402,171.4621,278.9079,206.0341,22.5192711,113.8639077,-16347.70,4.8
220.38,186.477,28.2477,-57.8848,2.6921,-113.8381,172.0494,279.1960,206.3010,22.5191627,113.8640835,-16377.00,6.5
220.48,186.583,28.2906,-58.1723,2.8373,-113.4306,172.6440,279.4892,206.5731,22.5190537,113.8642615,-16406.61,7.8
220.59,186.689,28.3269,-58.4585,2.9878,-113.0214,173.2407,279.7849,206.8482,22.5189450,113.8644401,-16436.25,8.9
220.69,186.795,28.3709,-58.7442,3.1284,-112.6104,173.8396,280.0826,207.1263,22.5188368,113.8646193,-16465.92,9.8
220.80,186.901,28.3342,-58.9683,3.7402,-114.1231,179.7659,280.3215,212.9316,22.5175169,113.8687527,-16427.45,10.6
220.91,187.008,28.0839,-59.0176,5.6869,-121.2774,201.1448,280.3985,234.8775,22.5126428,113.8843696,-16192.81,11.2
221.01,187.114,27.8723,-59.1106,7.2799,-127.0079,218.3570,280.5362,252.6080,22.5086677,113.8969166,-16012.77,11.8
221.12,187.220,27.6984,-59.2341,8.6138,-131.7387,232.6473,280.7197,267.3571,22.5053210,113.9073099,-15871.35,11.8
221.23,187.326,27.5574,-59.4021,9.6469,-135.1982,243.3758,280.9466,278.4068,22.5027756,113.9150686,-15775.84,11.9
221.33,187.432,27.4159,-59.5770,10.6562,-138.6151,253.8517,281.1927,289.2314,22.5002508,113.9226495,-15685.16,11.6
221.44,187.540,27.2922,-59.7741,11.5111,-141.3877,262.5173,281.4647,298.1708,22.4981293,113.9288922,-15618.14,9.9
221.55,187.646,27.1793,-59.9875,12.2510,-143.6648,269.7783,281.7530,305.6467,22.4963225,113.9340991,-15568.93,8.7
221.65,187.753,27.1375,-60.2743,12.4990,-143.5900,271.1042,282.0582,306.7826,22.4960116,113.9348827,-15591.11,7.6
221.76,187.859,27.1035,-60.5658,12.6891,-143.2476,271.7535,282.3632,307.1967,22.4958740,113.9351629,-15621.02,6.9
221.87,187.965,27.0654,-60.8553,12.8831,-142.9032,272.4047,282.6701,307.6128,22.4957367,113.9354439,-15650.97,6.1
221.97,188.072,27.0275,-61.1489,13.0751,-142.5549,273.0607,282.9806,308.0325,22.4955991,113.9357269,-15681.09,5.5
222.08,188.177,26.9876,-61.4420,13.2691,-142.2081,273.7116,283.2909,308.4497,22.4954631,113.9360078,-15710.96,5.0
222.18,188.283,26.9441,-61.7347,13.4725,-141.8578,274.3669,283.6055,308.8702,22.4953269,113.9362908,-15741.00,5.0
222.29,188.389,26.8998,-62.0242,13.6722,-141.5058,275.0243,283.9220,309.2932,22.4951909,113.9365744,-15771.08,5.0
222.40,188.495,26.8552,-62.3150,13.8717,-141.1519,275.6835,284.2408,309.7180,22.4950553,113.9368588,-15801.19,5.1
222.50,188.602,26.8100,-62.6084,14.0698,-140.7945,276.3473,284.5635,310.1466,22.4949194,113.9371452,-15831.48,5.1
222.61,188.707,26.7601,-62.9012,14.2703,-140.4382,277.0071,284.8866,310.5734,22.4947851,113.9374295,-15861.51,5.2
222.71,188.813,26.7125,-63.1963,14.4700,-140.0795,277.6700,285.2118,311.0030,22.4946505,113.9377159,-15891.73,5.2
222.82,188.919,26.6617,-63.4917,14.6697,-139.7181,278.3362,285.5414,311.4357,22.4945163,113.9380030,-15921.98,5.3
222.93,189.025,26.6012,-63.7811,14.8852,-139.3562,279.0016,285.8705,311.8687,22.4943823,113.9382908,-15952.26,5.4
223.03,189.131,26.5392,-64.0721,15.0984,-138.9916,279.6706,286.2033,312.3048,22.4942488,113.9385792,-15982.58,5.4
223.14,189.237,26.4704,-64.3636,15.3214,-138.6251,280.3409,286.5388,312.7426,22.4941156,113.9388684,-16012.93,5.5
223.24,189.343,26.3963,-64.6551,15.5509,-138.2571,281.0125,286.8771,313.1821,22.4939827,113.9391582,-16043.32,5.5
223.35,189.449,26.3198,-64.9447,15.7811,-137.8877,281.6859,287.2177,313.6239,22.4938503,113.9394488,-16073.75,5.6
223.46,189.556,26.2380,-65.2383,16.0159,-137.5133,282.3674,287.5638,314.0720,22.4937169,113.9397427,-16104.50,5.7
223.56,189.661,26.1656,-65.5271,16.2360,-137.1442,283.0378,287.9057,314.5138,22.4935863,113.9400319,-16134.70,5.8
223.67,189.767,26.0832,-65.8188,16.4697,-136.7697,283.7164,288.2532,314.9619,22.4934549,113.9403246,-16165.24,5.8
223.77,189.873,25.9925,-66.1090,16.7101,-136.3933,284.3966,288.6034,315.4117,22.4933238,113.9406179,-16195.81,5.9
223.88,189.979,25.9026,-66.4001,16.9533,-136.0154,285.0780,288.9565,315.8634,22.4931931,113.9409120,-16226.42,6.0
223.99,190.085,25.8047,-66.6897,17.2038,-135.6363,285.7613,289.3119,316.3175,22.4930628,113.9412067,-16257.07,6.0
224.09,190.191,25.6938,-66.9786,17.4647,-135.2558,286.4463,289.6699,316.7738,22.4929328,113.9415022,-16287.75,6.1
224.20,190.298,25.5935,-67.2689,17.7165,-134.8719,287.1363,290.0317,317.2344,22.4928026,113.9417997,-16318.62,6.2
224.30,190.403,25.4854,-67.5555,17.9755,-134.4898,287.8215,290.3924,317.6928,22.4926740,113.9420952,-16349.24,6.3
224.41,190.509,25.3658,-67.8429,18.2456,-134.1041,288.5116,290.7577,318.1554,22.4925451,113.9423928,-16380.03,6.4
224.52,190.615,25.2485,-68.1343,18.5141,-133.7171,289.2029,291.1259,318.6198,22.4924166,113.9426911,-16410.87,6.5
224.62,190.721,25.1250,-68.4222,18.7901,-133.3288,289.8961,291.4964,319.0867,22.4922884,113.9429901,-16441.75,6.6
224.73,190.828,24.9806,-68.7091,19.0875,-132.9357,290.5977,291.8731,319.5605,22.4921595,113.9432927,-16472.96,6.7
224.83,190.933,24.8476,-68.9949,19.3681,-132.5483,291.2878,292.2451,320.0275,22.4920333,113.9435903,-16503.63,6.8
224.94,191.040,24.7029,-69.2846,19.6587,-132.1537,291.9895,292.6248,320.5035,22.4919056,113.9438930,-16534.77,6.9
225.05,191.146,24.5530,-69.5729,19.9587,-131.7594,292.6894,293.0055,320.9792,22.4917790,113.9441949,-16565.81,7.0
225.15,191.251,24.3995,-69.8610,20.2636,-131.3656,293.3876,293.3872,321.4548,22.4916533,113.9444961,-16596.74,7.1
225.26,191.358,24.2355,-70.1493,20.5791,-130.9670,294.0940,293.7752,321.9374,22.4915269,113.9448008,-16628.00,7.2
225.36,191.464,24.0641,-70.4365,20.9000,-130.5673,294.8023,294.1659,322.4224,22.4914008,113.9451064,-16659.31,7.4
225.47,191.570,23.8987,-70.7223,21.2145,-130.1700,295.5055,294.5553,322.9052,22.4912763,113.9454097,-16690.36,7.5
225.58,191.676,23.7154,-71.0086,21.5468,-129.7694,296.2139,294.9490,323.3925,22.4911516,113.9457152,-16721.60,7.7
225.68,191.782,23.5216,-71.2934,21.8899,-129.3672,296.9240,295.3452,323.8823,22.4910272,113.9460215,-16752.88,7.8
225.79,191.888,23.3254,-71.5794,22.2365,-128.9639,297.6358,295.7442,324.3745,22.4909033,113.9463285,-16784.20,8.0
225.89,191.994,23.1192,-71.8656,22.5922,-128.5591,298.3489,296.1464,324.8684,22.4907797,113.9466362,-16815.57,8.1
226.00,192.100,22.8970,-72.1496,22.9637,-128.1536,299.0637,296.5511,325.3651,22.4906565,113.9469447,-16846.98,8.3
226.11,192.206,22.6665,-72.4338,23.3436,-127.7450,299.7839,296.9601,325.8668,22.4905332,113.9472554,-16878.58,8.5
226.21,192.312,22.4370,-72.7173,23.7186,-127.3389,300.4991,297.3678,326.3662,22.4904113,113.9475639,-16909.93,8.7
226.32,192.418,22.1926,-73.0024,24.1119,-126.9294,301.2193,297.7802,326.8703,22.4902893,113.9478746,-16941.47,8.9
226.42,192.524,21.9366,-73.2889,24.5183,-126.5167,301.9445,298.1974,327.3789,22.4901671,113.9481875,-16973.20,9.1
226.53,192.630,21.6670,-73.5706,24.9356,-126.1070,302.6644,298.6135,327.8852,22.4900465,113.9484982,-17004.68,9.3
226.64,192.736,21.3727,-73.8503,25.3821,-125.6946,303.3894,299.0343,328.3965,22.4899257,113.9488111,-17036.35,9.5
226.74,192.842,21.0844,-74.1330,25.8166,-125.2811,304.1164,299.4575,328.9106,22.4898052,113.9491248,-17068.06,9.7
226.85,192.948,20.7841,-74.4157,26.2628,-124.8643,304.8487,299.8853,329.4295,22.4896846,113.9494408,-17099.98,10.0
226.95,193.054,20.4692,-74.6948,26.7248,-124.4499,305.5754,300.3121,329.9456,22.4895656,113.9497545,-17131.63,10.3
227.06,193.160,20.1254,-74.9728,27.2168,-124.0322,306.3073,300.7437,330.4666,22.4894463,113.9500705,-17163.49,10.5
227.17,193.266,19.7909,-75.2565,27.6976,-123.6127,307.0443,301.1798,330.9929,22.4893269,113.9503887,-17195.53,10.8
227.27,193.372,19.4193,-75.5311,28.2191,-123.1956,307.7761,301.6152,331.5167,22.4892091,113.9507047,-17227.33,11.1
227.38,193.478,19.0341,-75.8061,28.7499,-122.7758,308.5132,302.0549,332.0456,22.4890910,113.9510229,-17259.32,11.5
227.48,193.584,18.6229,-76.0826,29.3091,-122.3530,309.2555,302.4991,332.5796,22.4889729,113.9513434,-17291.51,11.9
227.59,193.690,18.2083,-76.3560,29.8719,-121.9329,309.9924,302.9422,333.1110,22.4888562,113.9516616,-17323.44,12.2
227.70,193.796,17.7640,-76.6303,30.4614,-121.5097,310.7348,303.3902,333.6476,22.4887394,113.9519822,-17355.57,12.6
227.80,193.901,17.3116,-76.9044,31.0613,-121.0857,311.4786,303.8412,334.1866,22.4886229,113.9523035,-17387.75,13.0
227.91,194.007,16.8288,-77.1770,31.6918,-120.6611,312.2237,304.2950,334.7279,22.4885069,113.9526256,-17419.98,13.5
228.01,194.113,16.3058,-77.4477,32.3611,-120.2357,312.9713,304.7516,335.2725,22.4883913,113.9529484,-17452.26,52.0
228.12,194.219,15.7694,-77.7184,33.0416,-119.8093,313.7204,305.2107,335.8195,22.4882761,113.9532721,-17484.58,161.7
228.22,194.325,15.2112,-77.9834,33.7479,-119.3819,314.4713,305.6726,336.3692,22.4881613,113.9535965,-17516.96,164.5
228.33,194.432,14.6320,-78.2525,34.4723,-118.9512,315.2269,306.1393,336.9235,22.4880464,113.9539232,-17549.53,219.9
228.44,194.537,13.9998,-78.5179,35.2513,-118.5244,315.9773,306.6049,337.4755,22.4879330,113.9542476,-17581.85,284.4
228.54,194.643,34.2102,-77.8167,14.0873,-117.9744,316.7253,307.1352,337.9835,22.4878195,113.9545744,-17614.38,305.6
228.65,194.749,-20.1131,-75.6788,75.1639,-117.6679,317.5019,307.5672,338.6047,22.4877064,113.9549019,-17646.97,331.9
228.75,194.855,-21.7224,-78.2862,75.2191,-117.2289,318.3412,307.9999,339.2400,22.4875937,113.9552303,-17679.59,347.4
228.86,194.961,-49.5706,-84.4097,101.3001,-116.9550,318.9171,308.5795,339.6860,22.4874813,113.9555595,-17712.27,434.6
228.97,195.067,-15.6619,-79.4490,70.4164,-116.4109,319.7860,309.0738,340.3154,22.4873693,113.9558894,-17745.00,533.9
229.07,195.173,-27.1492,-79.9088,82.3942,-115.9622,320.5362,309.5138,340.8675,22.4872578,113.9562201,-17777.78,573.9
229.18,195.279,-37.1749,-73.2106,95.1339,-115.5385,321.2862,309.9567,341.4293,22.4871467,113.9565516,-17810.62,506.9
229.29,195.386,-31.0065,-72.7753,83.6493,-115.1317,322.0889,310.4839,342.0476,22.4870355,113.9568854,-17843.66,535.1
229.39,195.491,-78.8660,-70.9615,127.0997,-114.5514,323.0496,310.9102,342.7580,22.4869257,113.9572170,-17876.44,482.6
229.50,195.597,-126.9405,-71.8492,185.0529,-114.0592,324.1373,311.2506,343.6197,22.4868160,113.9575513,-17909.41,425.1
229.60,195.703,-154.3896,-58.3041,228.5597,-113.8138,324.9092,311.8252,344.2668,22.4867067,113.9578864,-17942.42,417.1
229.71,195.810,-163.5884,-44.6541,252.7004,-113.4761,325.6226,312.4564,344.8288,22.4865971,113.9582239,-17975.65,396.7
229.82,195.916,-169.5102,-31.8952,268.0859,-113.1366,326.3124,312.8855,345.3689,22.4864884,113.9585604,-18008.78,391.1
229.92,196.022,-168.4866,-32.0298,271.3914,-112.6838,326.7696,313.1808,345.6530,22.4863801,113.9588975,-18041.95,316.4
230.03,196.128,-172.9746,-36.0099,271.7022,-112.3012,327.6134,313.5317,346.3266,22.4862721,113.9592353,-18075.14,235.3
230.13,196.234,179.9919,-38.3637,277.7380,-111.9405,328.2997,314.0107,346.8593,22.4861646,113.9595740,-18108.38,165.5
230.24,196.340,176.6588,-39.9796,274.8302,-111.5708,329.0378,314.5501,347.4391,22.4860574,113.9599132,-18141.68,130.4
230.35,196.446,170.4477,-38.8925,279.4861,-111.1464,329.9277,315.1684,348.1462,22.4859505,113.9602534,-18175.04,112.1
230.45,196.551,165.6776,-37.3894,287.9380,-110.7187,330.6837,315.8147,348.7268,22.4858441,113.9605945,-18208.46,128.9
230.56,196.657,160.1341,-39.3473,301.3686,-110.2127,331.4734,316.5141,349.3157,22.4857381,113.9609364,-18241.96,129.2
230.66,196.764,157.9754,-39.3001,309.8048,-109.6186,332.3194,317.2005,349.9320,22.4856321,113.9612806,-18275.69,121.0
230.77,196.870,160.3377,-36.1824,313.6774,-109.0540,333.1030,317.8361,350.5002,22.4855272,113.9616242,-18309.33,118.1
230.88,196.976,163.8292,-27.6116,316.3208,-108.4036,333.9432,318.4714,351.0974,22.4854229,113.9619686,-18343.05,119.0
230.98,197.082,169.3588,-14.8777,312.4047,-105.3204,332.4085,318.5419,348.6944,22.4871285,113.9606337,-18361.85,108.5
231.09,197.188,166.3436,-12.4552,308.7027,-103.3487,332.0151,319.0272,347.7283,22.4880218,113.9600566,-18387.37,94.2
231.19,197.295,167.6799,-8.2743,307.4198,-100.6116,330.8040,319.1308,345.7658,22.4895923,113.9588931,-18406.96,92.9
231.30,197.401,167.3325,-7.6912,303.5595,-97.7278,329.7119,319.5038,343.8904,22.4911464,113.9577640,-18426.08,96.4
231.41,197.508,171.1835,-3.8674,298.1681,-100.9349,333.5238,320.6705,348.4623,22.4884395,113.9603794,-18484.63,105.3
231.51,197.614,172.3293,-3.7632,295.6867,-103.6778,336.9844,321.8114,352.5728,22.4860776,113.9626643,-18540.62,84.4
231.62,197.720,176.0356,-3.5541,293.8444,-109.7239,342.9860,323.4411,360.1094,22.4814329,113.9668273,-18619.48,75.8
231.73,197.827,173.9389,-7.4029,297.1445,-110.9754,345.2080,324.2770,362.6073,22.4801162,113.9681942,-18665.93,69.4
231.83,197.934,172.5326,-11.9300,304.4129,-105.5088,342.3493,324.0876,358.2390,22.4833758,113.9657563,-18667.25,65.5
231.84,197.943,172.2030,-12.4922,305.5688,-105.4349,342.4033,324.1408,358.2688,22.4833667,113.9657879,-18670.33,69.7
231.84,197.943,172.2030,-12.4922,305.5688,-105.4349,342.4033,324.1408,358.2688,22.4833667,113.9657879,-18670.33,83.0
231.84,197.943,172.2030,-12.4922,305.5688,-105.4349,342.4033,324.1408,358.2688,22.4833667,113.9657879,-18670.33,103.4
232.20,198.303,172.2040,-12.4905,305.5722,-105.5313,342.4771,324.1666,358.3677,22.4832993,113.9658469,-18671.30,119.4
232.36,198.460,171.7233,-12.2798,305.3373,-105.5544,342.5203,324.1980,358.4158,22.4832950,113.9658619,-18672.76,127.2
232.47,198.565,160.2143,-8.8053,303.0426,-106.3597,344.0325,325.2348,360.0983,22.4831934,113.9662162,-18707.15,131.8
232.57,198.671,159.8976,-2.8880,314.6476,-106.9388,345.1112,326.5471,361.2999,22.4830911,113.9665720,-18741.66,148.5
232.68,198.778,170.3337,1.5854,327.3495,-106.3235,344.9549,327.5952,360.9690,22.4837012,113.9663171,-18769.99,161.2
232.78,198.885,-174.9006,1.1734,338.5645,-107.4041,346.0328,328.6204,362.3180,22.4830486,113.9671553,-18809.92,183.7
232.89,198.991,-158.0682,-1.7522,336.9687,-107.5534,346.6821,329.3857,362.9824,22.4829455,113.9675128,-18844.77,203.4
233.00,199.097,-138.4644,-5.0787,330.9326,-107.9774,347.8574,329.8325,364.2306,22.4828421,113.9678713,-18879.69,218.4
233.10,199.203,-129.1663,-11.8149,329.3280,-108.1684,349.3518,330.2487,365.7145,22.4827384,113.9682311,-18914.65,232.0
233.21,199.308,-132.2346,-22.0152,329.4368,-108.0727,350.6905,330.8122,366.9653,22.4826347,113.9685925,-18949.65,219.2
233.31,199.414,-143.5997,-30.3002,333.6024,-107.8655,351.6184,331.6062,367.7914,22.4825311,113.9689550,-18984.74,207.5
233.42,199.521,-155.5389,-27.0047,327.0988,-107.6122,352.3098,332.5656,368.3783,22.4824268,113.9693218,-19020.24,200.6
233.53,199.627,-162.6656,-11.2735,316.6433,-107.8664,353.0971,333.4290,369.2056,22.4823239,113.9696842,-19055.35,194.6
233.63,199.733,-169.1188,2.3248,304.4181,-108.2328,354.1159,334.1676,370.2869,22.4822203,113.9700493,-19090.71,201.2
233.74,199.839,-175.4236,7.6916,302.2933,-109.0557,355.5630,335.1127,371.9115,22.4821161,113.9704156,-19126.16,209.1
233.84,199.945,-176.7922,10.0069,312.3677,-109.7526,356.5833,336.1171,373.0915,22.4820111,113.9707833,-19161.71,208.9
233.95,200.051,-173.0163,9.7083,322.3308,-110.2678,357.3306,337.2401,373.9574,22.4819050,113.9711536,-19197.55,212.9
234.06,200.156,-163.3635,7.1443,332.5268,-110.7188,357.9297,338.2513,374.6630,22.4817995,113.9715212,-19233.16,210.6
234.16,200.263,-149.8492,3.8902,340.6486,-110.9158,358.5883,338.9861,375.3504,22.4816926,113.9718928,-19269.21,232.9
234.27,200.369,-136.3642,-2.3844,342.7355,-111.3003,359.7323,339.6403,376.5568,22.4815860,113.9722637,-19305.16,269.6
234.38,200.475,-128.5645,-13.8643,347.0050,-111.3960,361.3308,340.3085,378.1124,22.4814791,113.9726359,-19341.17,292.6
234.48,200.581,-134.3018,-29.5063,351.4668,-110.9652,362.6183,340.9942,379.2167,22.4813719,113.9730115,-19377.43,301.3
234.59,200.687,-147.6234,-29.4778,333.9885,-110.2885,363.3642,341.9058,379.7329,22.4812663,113.9733847,-19413.44,315.1
234.69,200.793,-165.0010,-20.1585,304.7400,-110.4642,363.7274,342.7226,380.1315,22.4811604,113.9737599,-19449.69,356.5
234.80,200.899,174.4201,-9.5034,283.2467,-111.4840,364.7287,343.3834,381.3865,22.4807612,113.9742793,-19489.85,335.9
234.91,201.006,155.7364,0.0867,273.1071,-113.3542,366.5505,344.4763,383.6776,22.4797704,113.9750236,-19538.48,313.7
235.01,201.112,140.9699,7.6141,274.0746,-116.2150,369.1237,345.9796,386.9861,22.4781622,113.9760036,-19595.71,289.3
235.12,201.217,141.7433,25.9086,291.9279,-119.5549,371.3937,347.8253,390.1623,22.4763991,113.9770482,-19654.12,260.2
235.22,201.325,164.5444,40.1408,324.7865,-121.8606,372.5968,349.4209,392.0183,22.4753049,113.9778360,-19703.44,0.0
