ready,time,roll,pitch,yaw,vn,ve,vd,lat,lon,alt,imu_data,gnss_data,mag_calib_data,baro_calib_data,dN_m,dE_m,dH_m,vh_ms
0.0000000,0.0000000,0.0000000,0.0000000,0.0000000,0.0000000,0.0000000,0.0000000,0.0000000,0.0000000,0.0000000,0.0000000,0.0000000,0.0000000,0.0000000,0.000,0.000,0.000,0.0000
0.0000000,0.0000000,0.0000000,0.0000000,0.0000000,0.0000000,0.0000000,0.0000000,0.0000000,0.0000000,0.0000000,0.0000000,0.0000000,0.0000000,0.0000000,0.000,0.000,0.000,0.0000
0.0000000,0.0000000,0.0000000,0.0000000,0.0000000,0.0000000,0.0000000,0.0000000,0.0000000,0.0000000,0.0000000,0.0000000,0.0000000,0.0000000,0.0000000,0.000,0.000,0.000,0.0000
0.0000000,0.0000000,0.0000000,0.0000000,0.0000000,0.0000000,0.0000000,0.0000000,0.0000000,0.0000000,0.0000000,0.0000000,0.0000000,0.0000000,0.0000000,0.000,0.000,0.000,0.0000
0.0000000,0.0000000,0.0000000,0.0000000,0.0000000,0.0000000,0.0000000,0.0000000,0.0000000,0.0000000,0.0000000,0.0000000,0.0000000,0.0000000,0.0000000,0.000,0.000,0.000,0.0000
0.0000000,0.0000000,0.0000000,0.0000000,0.0000000,0.0000000,0.0000000,0.0000000,0.0000000,0.0000000,0.0000000,0.0000000,0.0000000,0.0000000,0.0000000,0.000,0.000,0.000,0.0000
0.0000000,0.0000000,0.0000000,0.0000000,0.0000000,0.0000000,0.0000000,0.0000000,0.0000000,0.0000000,0.0000000,0.0000000,0.0000000,0.0000000,0.0000000,0.000,0.000,0.000,0.0000
0.0000000,0.0000000,0.0000000,0.0000000,0.0000000,0.0000000,0.0000000,0.0000000,0.0000000,0.0000000,0.0000000,0.0000000,0.0000000,0.0000000,0.0000000,0.000,0.000,0.000,0.0000
0.0000000,0.0000000,0.0000000,0.0000000,0.0000000,0.0000000,0.0000000,0.0000000,0.0000000,0.0000000,0.0000000,0.0000000,0.0000000,0.0000000,0.0000000,0.000,0.000,0.000,0.0000
0.0000000,0.0000000,0.0000000,0.0000000,0.0000000,0.0000000,0.0000000,0.0000000,0.0000000,0.0000000,0.0000000,0.0000000,0.0000000,0.0000000,0.0000000,0.000,0.000,0.000,0.0000
0.0000000,0.0000000,0.0000000,0.0000000,0.0000000,0.0000000,0.0000000,0.0000000,0.0000000,0.0000000,0.0000000,0.0000000,0.0000000,0.0000000,0.0000000,0.000,0.000,0.000,0.0000
0.0000000,0.0000000,0.0000000,0.0000000,0.0000000,0.0000000,0.0000000,0.0000000,0.0000000,0.0000000,0.0000000,0.0000000,0.0000000,0.0000000,0.0000000,0.000,0.000,0.000,0.0000
0.0000000,0.0000000,0.0000000,0.0000000,0.0000000,0.0000000,0.0000000,0.0000000,0.0000000,0.0000000,0.0000000,0.0000000,0.0000000,0.0000000,0.0000000,0.000,0.000,0.000,0.0000
1.0000000,0.7320000,-142.3477920,-6.3202200,209.5250720,-0.0077610,0.0015800,0.0256060,-214.4757109,0.0000000,-0.0050000,733.0000000,0.0000000,63.0000000,64.0000000,0.000,-0.000,0.000,0.0079
1.0000000,0.8380000,-142.3651360,-6.3496860,209.5347680,-0.0112410,0.0017530,0.0312160,-214.4757109,0.0000000,-0.0080000,839.0000000,0.0000000,72.0000000,73.0000000,0.000,-0.000,0.000,0.0114
0.0000000,0.8850000,-142.3684960,-6.3584810,209.5438560,-0.0137780,0.0022140,0.0333520,-214.4757109,0.0000000,-0.0090000,886.0000000,0.0000000,76.0000000,77.0000000,0.000,-0.000,0.000,0.0140
0.0000000,0.8850000,-142.3684960,-6.3584810,209.5438560,-0.0137780,0.0022140,0.0333520,-214.4757109,0.0000000,-0.0090000,886.0000000,0.0000000,76.0000000,77.0000000,0.000,-0.000,0.000,0.0140
0.0000000,0.8850000,-142.3684960,-6.3584810,209.5438560,-0.0137780,0.0022140,0.0333520,-214.4757109,0.0000000,-0.0090000,886.0000000,0.0000000,76.0000000,77.0000000,0.000,-0.000,0.000,0.0140
0.0000000,0.8850000,-142.3684960,-6.3584810,209.5438560,-0.0137780,0.0022140,0.0333520,-214.4757109,0.0000000,-0.0090000,886.0000000,0.0000000,76.0000000,77.0000000,0.000,-0.000,0.000,0.0140
0.0000000,0.8850000,-142.3684960,-6.3584810,209.5438560,-0.0137780,0.0022140,0.0333520,-214.4757109,0.0000000,-0.0090000,886.0000000,0.0000000,76.0000000,77.0000000,0.000,-0.000,0.000,0.0140
0.0000000,0.8850000,-142.3684960,-6.3584810,209.5438560,-0.0137780,0.0022140,0.0333520,-214.4757109,0.0000000,-0.0090000,886.0000000,0.0000000,76.0000000,77.0000000,0.000,-0.000,0.000,0.0140
0.0000000,0.8850000,-142.3684960,-6.3584810,209.5438560,-0.0137780,0.0022140,0.0333520,-214.4757109,0.0000000,-0.0090000,886.0000000,0.0000000,76.0000000,77.0000000,0.000,-0.000,0.000,0.0140
0.0000000,0.8850000,-142.3684960,-6.3584810,209.5438560,-0.0137780,0.0022140,0.0333520,-214.4757109,0.0000000,-0.0090000,886.0000000,0.0000000,76.0000000,77.0000000,0.000,-0.000,0.000,0.0140
0.0000000,0.8850000,-142.3684960,-6.3584810,209.5438560,-0.0137780,0.0022140,0.0333520,-214.4757109,0.0000000,-0.0090000,886.0000000,0.0000000,76.0000000,77.0000000,0.000,-0.000,0.000,0.0140
0.0000000,0.8850000,-142.3684960,-6.3584810,209.5438560,-0.0137780,0.0022140,0.0333520,-214.4757109,0.0000000,-0.0090000,886.0000000,0.0000000,76.0000000,77.0000000,0.000,-0.000,0.000,0.0140
0.0000000,0.8850000,-142.3684960,-6.3584810,209.5438560,-0.0137780,0.0022140,0.0333520,-214.4757109,0.0000000,-0.0090000,886.0000000,0.0000000,76.0000000,77.0000000,0.000,-0.000,0.000,0.0140
0.0000000,0.8850000,-142.3684960,-6.3584810,209.5438560,-0.0137780,0.0022140,0.0333520,-214.4757109,0.0000000,-0.0090000,886.0000000,0.0000000,76.0000000,77.0000000,0.000,-0.000,0.000,0.0140
0.0000000,0.8850000,-142.3684960,-6.3584810,209.5438560,-0.0137780,0.0022140,0.0333520,-214.4757109,0.0000000,-0.0090000,886.0000000,0.0000000,76.0000000,77.0000000,0.000,-0.000,0.000,0.0140
0.0000000,0.8850000,-142.3684960,-6.3584810,209.5438560,-0.0137780,0.0022140,0.0333520,-214.4757109,0.0000000,-0.0090000,886.0000000,0.0000000,76.0000000,77.0000000,0.000,-0.000,0.000,0.0140
0.0000000,0.8850000,-142.3684960,-6.3584810,209.5438560,-0.0137780,0.0022140,0.0333520,-214.4757109,0.0000000,-0.0090000,886.0000000,0.0000000,76.0000000,77.0000000,0.000,-0.000,0.000,0.0140
0.0000000,0.8850000,-142.3684960,-6.3584810,209.5438560,-0.0137780,0.0022140,0.0333520,-214.4757109,0.0000000,-0.0090000,886.0000000,0.0000000,76.0000000,77.0000000,0.000,-0.000,0.000,0.0140
0.0000000,0.8850000,-142.3684960,-6.3584810,209.5438560,-0.0137780,0.0022140,0.0333520,-214.4757109,0.0000000,-0.0090000,886.0000000,0.0000000,76.0000000,77.0000000,0.000,-0.000,0.000,0.0140
0.0000000,0.8850000,-142.3684960,-6.3584810,209.5438560,-0.0137780,0.0022140,0.0333520,-214.4757109,0.0000000,-0.0090000,886.0000000,0.0000000,76.0000000,77.0000000,0.000,-0.000,0.000,0.0140
0.0000000,0.8850000,-142.3684960,-6.3584810,209.5438560,-0.0137780,0.0022140,0.0333520,-214.4757109,0.0000000,-0.0090000,886.0000000,0.0000000,76.0000000,77.0000000,0.000,-0.000,0.000,0.0140
0.0000000,0.8850000,-142.3684960,-6.3584810,209.5438560,-0.0137780,0.0022140,0.0333520,-214.4757109,0.0000000,-0.0090000,886.0000000,0.0000000,76.0000000,77.0000000,0.000,-0.000,0.000,0.0140
0.0000000,0.8850000,-142.3684960,-6.3584810,209.5438560,-0.0137780,0.0022140,0.0333520,-214.4757109,0.0000000,-0.0090000,886.0000000,0.0000000,76.0000000,77.0000000,0.000,-0.000,0.000,0.0140
0.0000000,0.8850000,-142.3684960,-6.3584810,209.5438560,-0.0137780,0.0022140,0.0333520,-214.4757109,0.0000000,-0.0090000,886.0000000,0.0000000,76.0000000,77.0000000,0.000,-0.000,0.000,0.0140
0.0000000,0.8850000,-142.3684960,-6.3584810,209.5438560,-0.0137780,0.0022140,0.0333520,-214.4757109,0.0000000,-0.0090000,886.0000000,0.0000000,76.0000000,77.0000000,0.000,-0.000,0.000,0.0140
0.0000000,0.8850000,-142.3684960,-6.3584810,209.5438560,-0.0137780,0.0022140,0.0333520,-214.4757109,0.0000000,-0.0090000,886.0000000,0.0000000,76.0000000,77.0000000,0.000,-0.000,0.000,0.0140
0.0000000,0.8850000,-142.3684960,-6.3584810,209.5438560,-0.0137780,0.0022140,0.0333520,-214.4757109,0.0000000,-0.0090000,886.0000000,0.0000000,76.0000000,77.0000000,0.000,-0.000,0.000,0.0140
0.0000000,0.8850000,-142.3684960,-6.3584810,209.5438560,-0.0137780,0.0022140,0.0333520,-214.4757109,0.0000000,-0.0090000,886.0000000,0.0000000,76.0000000,77.0000000,0.000,-0.000,0.000,0.0140
0.0000000,0.8850000,-142.3684960,-6.3584810,209.5438560,-0.0137780,0.0022140,0.0333520,-214.4757109,0.0000000,-0.0090000,886.0000000,0.0000000,76.0000000,77.0000000,0.000,-0.000,0.000,0.0140
0.0000000,0.8850000,-142.3684960,-6.3584810,209.5438560,-0.0137780,0.0022140,0.0333520,-214.4757109,0.0000000,-0.0090000,886.0000000,0.0000000,76.0000000,77.0000000,0.000,-0.000,0.000,0.0140
1.0000000,0.2840000,-142.2761280,-6.1986540,209.6399200,-0.0012460,0.0011840,0.0111630,22.6399999,114.0100000,49.9090000,1171.0000000,0.0000000,103.0000000,103.0000000,26303486.905,-10473708.469,28312046.773,0.0017
1.0000000,0.3890000,-142.2972800,-6.2307360,209.6331040,-0.0022590,0.0014110,0.0156410,22.6399999,114.0100000,49.9380000,1276.0000000,0.0000000,112.0000000,113.0000000,26303486.905,-10473708.469,28312046.773,0.0027
1.0000000,0.4950000,-142.3146240,-6.2603930,209.6393920,-0.0040850,0.0016410,0.0201730,22.6399999,114.0100000,49.9290000,1382.0000000,0.0000000,121.0000000,122.0000000,26303486.905,-10473708.469,28312046.773,0.0044
1.0000000,0.6000000,-142.3169600,-6.2779900,209.6169600,-0.0041200,0.0009400,0.0155070,22.6400000,114.0100000,49.9430000,1487.0000000,0.0000000,130.0000000,131.0000000,26303486.917,-10473708.469,28312046.783,0.0042
1.0000000,0.7060000,-142.3321600,-6.3058410,209.6360960,-0.0075860,0.0015180,0.0195830,22.6399999,114.0100000,49.9360000,1593.0000000,0.0000000,139.0000000,140.0000000,26303486.905,-10473708.469,28312046.773,0.0077
1.0000000,0.8110000,-142.3543040,-6.3389690,209.6537120,-0.0111880,0.0019430,0.0237360,22.6399999,114.0100000,49.9300000,1698.0000000,0.0000000,148.0000000,149.0000000,26303486.905,-10473708.469,28312046.773,0.0114
1.0000000,0.9160000,-142.3756960,-6.3708800,209.6344160,-0.0153230,0.0021060,0.0281710,22.6399999,114.0100000,49.9250000,1803.0000000,0.0000000,157.0000000,157.0000000,26303486.905,-10473708.469,28312046.773,0.0155
1.0000000,1.0210000,-142.3522240,-6.3472040,209.6091200,-0.0075850,0.0007080,0.0225490,22.6400000,114.0100000,49.9250000,1908.0000000,0.0000000,166.0000000,166.0000000,26303486.917,-10473708.469,28312046.783,0.0076
1.0000000,1.1260000,-142.3675840,-6.3736370,209.6032640,-0.0117020,0.0009490,0.0272250,22.6400000,114.0100000,49.9300000,2013.0000000,0.0000000,174.0000000,175.0000000,26303486.917,-10473708.469,28312046.783,0.0117
1.0000000,1.2330000,-142.3815680,-6.4009380,209.6050240,-0.0171190,0.0015080,0.0314740,22.6399999,114.0100000,49.9330000,2120.0000000,0.0000000,184.0000000,184.0000000,26303486.905,-10473708.469,28312046.773,0.0172
1.0000000,1.3380000,-142.4004160,-6.4322250,209.5950880,-0.0229140,0.0017160,0.0356260,22.6399999,114.0100000,49.9280000,2225.0000000,0.0000000,193.0000000,194.0000000,26303486.905,-10473708.469,28312046.773,0.0230
1.0000000,1.4440000,-142.4247840,-6.4636940,209.5907360,-0.0289660,0.0018100,0.0399010,22.6399999,114.0100000,49.9300000,2331.0000000,0.0000000,203.0000000,204.0000000,26303486.905,-10473708.469,28312046.773,0.0290
1.0000000,1.5500000,-142.3950720,-6.4210850,209.5882080,-0.0149790,0.0005820,0.0341260,22.6400000,114.0099999,49.9380000,2437.0000000,0.0000000,213.0000000,213.0000000,26303486.917,-10473708.460,28312046.780,0.0150
1.0000000,1.6550000,-142.4103840,-6.4495400,209.5847040,-0.0207840,0.0007810,0.0387910,22.6400000,114.0100000,49.9380000,2542.0000000,0.0000000,222.0000000,223.0000000,26303486.917,-10473708.469,28312046.783,0.0208
1.0000000,1.7600000,-142.4231360,-6.4768000,209.5842080,-0.0276730,0.0012710,0.0429740,22.6400000,114.0100000,49.9320000,2648.0000000,0.0000000,232.0000000,232.0000000,26303486.917,-10473708.469,28312046.783,0.0277
1.0000000,1.8650000,-142.4417280,-6.5069780,209.5759200,-0.0350840,0.0015410,0.0472300,22.6399999,114.0100000,49.9320000,2753.0000000,0.0000000,241.0000000,242.0000000,26303486.905,-10473708.469,28312046.773,0.0351
1.0000000,1.9710000,-142.4644160,-6.5407760,209.5764480,-0.0426640,0.0016590,0.0513640,22.6399999,114.0100000,49.9300000,2859.0000000,0.0000000,251.0000000,252.0000000,26303486.905,-10473708.469,28312046.773,0.0427
1.0000000,2.0760000,-142.4364480,-6.4944270,209.5714880,-0.0247400,0.0006480,0.0457610,22.6400001,114.0099999,49.9340000,2964.0000000,0.0000000,260.0000000,261.0000000,26303486.928,-10473708.460,28312046.790,0.0247
1.0000000,2.1830000,-142.4520160,-6.5223430,209.5784320,-0.0321380,0.0007730,0.0504040,22.6400000,114.0099999,49.9320000,3071.0000000,0.0000000,269.0000000,270.0000000,26303486.917,-10473708.460,28312046.780,0.0321
1.0000000,2.2880000,-142.4659040,-6.5501890,209.5719360,-0.0403380,0.0013490,0.0547230,22.6400000,114.0100000,49.9260000,3176.0000000,0.0000000,278.0000000,279.0000000,26303486.917,-10473708.469,28312046.783,0.0404
1.0000000,2.3940000,-142.4857440,-6.5820380,209.5727680,-0.0494370,0.0016260,0.0588490,22.6400000,114.0100000,49.9190000,3282.0000000,0.0000000,287.0000000,288.0000000,26303486.917,-10473708.469,28312046.783,0.0495
1.0000000,2.5000000,-142.5081760,-6.6178230,209.5684640,-0.0587290,0.0018010,0.0629840,22.6399999,114.0100000,49.9130000,3388.0000000,0.0000000,296.0000000,297.0000000,26303486.905,-10473708.469,28312046.773,0.0588
1.0000000,2.6060000,-142.4822080,-6.5730760,209.5577600,-0.0378010,0.0009660,0.0571520,22.6400001,114.0099999,49.9230000,3494.0000000,0.0000000,305.0000000,306.0000000,26303486.928,-10473708.460,28312046.790,0.0378
1.0000000,2.7120000,-142.4976320,-6.6002530,209.5531680,-0.0467810,0.0012220,0.0618770,22.6400001,114.0099999,49.9160000,3600.0000000,0.0000000,314.0000000,315.0000000,26303486.928,-10473708.460,28312046.790,0.0468
1.0000000,2.8180000,-142.5109760,-6.6279450,209.5375520,-0.0567980,0.0017370,0.0661010,22.6400000,114.0100000,49.9090000,3706.0000000,0.0000000,323.0000000,324.0000000,26303486.917,-10473708.469,28312046.783,0.0568
1.0000000,2.9250000,-142.5316960,-6.6613310,209.5237280,-0.0675100,0.0020630,0.0704050,22.6400000,114.0100000,49.9020000,3813.0000000,0.0000000,333.0000000,333.0000000,26303486.917,-10473708.469,28312046.783,0.0675
1.0000000,3.0310000,-142.5093920,-6.6185950,209.5103040,-0.0442920,0.0014010,0.0645200,22.6400002,114.0099999,49.9100000,3919.0000000,0.0000000,342.0000000,343.0000000,26303486.939,-10473708.460,28312046.801,0.0443
1.0000000,3.1370000,-142.5264800,-6.6496420,209.5058880,-0.0540830,0.0013970,0.0690430,22.6400002,114.0099999,49.9030000,4025.0000000,0.0000000,352.0000000,352.0000000,26303486.939,-10473708.460,28312046.801,0.0541
1.0000000,3.2420000,-142.5409280,-6.6766280,209.4941920,-0.0647490,0.0017030,0.0733490,22.6400001,114.0099999,49.8990000,4130.0000000,0.0000000,361.0000000,362.0000000,26303486.928,-10473708.460,28312046.790,0.0648
1.0000000,3.3480000,-142.5561120,-6.7042050,209.4802560,-0.0763950,0.0021590,0.0777960,22.6400000,114.0100000,49.8920000,4236.0000000,0.0000000,371.0000000,372.0000000,26303486.917,-10473708.469,28312046.783,0.0764
1.0000000,3.4530000,-142.5777920,-6.7354420,209.4716000,-0.0883990,0.0026930,0.0820720,22.6399999,114.0100000,49.8830000,4342.0000000,0.0000000,381.0000000,381.0000000,26303486.905,-10473708.469,28312046.773,0.0884
1.0000000,3.5590000,-142.5548480,-6.6940060,209.4605760,-0.0618760,0.0017690,0.0761250,22.6400002,114.0099999,49.8960000,4448.0000000,0.0000000,390.0000000,391.0000000,26303486.939,-10473708.460,28312046.801,0.0619
1.0000000,3.6650000,-142.5722080,-6.7242080,209.4564640,-0.0732840,0.0018950,0.0807070,22.6400002,114.0099999,49.8910000,4554.0000000,0.0000000,400.0000000,401.0000000,26303486.939,-10473708.460,28312046.801,0.0733
1.0000000,3.7700000,-142.5866240,-6.7502250,209.4523520,-0.0856430,0.0022800,0.0851570,22.6400001,114.0099999,49.8830000,4659.0000000,0.0000000,409.0000000,410.0000000,26303486.928,-10473708.460,28312046.790,0.0857
1.0000000,3.8760000,-142.6021760,-6.7789790,209.4483840,-0.0988540,0.0028560,0.0894330,22.6400000,114.0100000,49.8750000,4765.0000000,0.0000000,418.0000000,419.0000000,26303486.917,-10473708.469,28312046.783,0.0989
1.0000000,3.9820000,-142.6229600,-6.8123950,209.4441440,-0.1123820,0.0031980,0.0936770,22.6400000,114.0100000,49.8680000,4871.0000000,0.0000000,427.0000000,428.0000000,26303486.917,-10473708.469,28312046.783,0.1124
1.0000000,4.0890000,-142.6004800,-6.7729110,209.4359680,-0.0825290,0.0022180,0.0876250,22.6400004,114.0099999,49.8800000,4978.0000000,0.0000000,436.0000000,437.0000000,26303486.961,-10473708.460,28312046.821,0.0826
1.0000000,4.1940000,-142.6159200,-6.8018450,209.4279040,-0.0953840,0.0024160,0.0922880,22.6400003,114.0099999,49.8720000,5083.0000000,0.0000000,445.0000000,446.0000000,26303486.950,-10473708.460,28312046.811,0.0954
1.0000000,4.3000000,-142.6303040,-6.8301190,209.4217280,-0.1095230,0.0028240,0.0968180,22.6400002,114.0099999,49.8630000,5189.0000000,0.0000000,454.0000000,455.0000000,26303486.939,-10473708.460,28312046.801,0.1096
1.0000000,4.4060000,-142.6482720,-6.8603410,209.4175200,-0.1245460,0.0032860,0.1009170,22.6400001,114.0100000,49.8540000,5295.0000000,0.0000000,463.0000000,464.0000000,26303486.928,-10473708.469,28312046.794,0.1246
1.0000000,4.5120000,-142.6269280,-6.8207360,209.4054240,-0.0925090,0.0024430,0.0943250,22.6400005,114.0099999,49.8670000,5401.0000000,0.0000000,472.0000000,473.0000000,26303486.972,-10473708.460,28312046.832,0.0925
1.0000000,4.6170000,-142.6472800,-6.8522730,209.3990720,-0.1063040,0.0026520,0.0988970,22.6400004,114.0099999,49.8610000,5506.0000000,0.0000000,481.0000000,482.0000000,26303486.961,-10473708.460,28312046.821,0.1063
1.0000000,4.7220000,-142.6638560,-6.8809210,209.3924640,-0.1208090,0.0029320,0.1034910,22.6400003,114.0099999,49.8530000,5611.0000000,0.0000000,490.0000000,491.0000000,26303486.950,-10473708.460,28312046.811,0.1208
1.0000000,4.8280000,-142.6772480,-6.9088620,209.3830240,-0.1365910,0.0033500,0.1080220,22.6400002,114.0099999,49.8460000,5717.0000000,0.0000000,500.0000000,501.0000000,26303486.939,-10473708.460,28312046.801,0.1366
1.0000000,4.9340000,-142.6945280,-6.9379040,209.3763840,-0.1531190,0.0039260,0.1121030,22.6400001,114.0099999,49.8350000,5823.0000000,0.0000000,510.0000000,510.0000000,26303486.928,-10473708.460,28312046.790,0.1532
1.0000000,5.0390000,-142.6736320,-6.8978530,209.3680480,-0.1177160,0.0030880,0.1054150,22.6400006,114.0099999,49.8530000,5928.0000000,0.0000000,519.0000000,520.0000000,26303486.983,-10473708.460,28312046.842,0.1178
1.0000000,5.1440000,-142.6964800,-6.9312850,209.3655840,-0.1332330,0.0033620,0.1099670,22.6400006,114.0099999,49.8430000,6034.0000000,0.0000000,529.0000000,530.0000000,26303486.983,-10473708.460,28312046.842,0.1333
1.0000000,5.2490000,-142.7113600,-6.9585870,209.3615040,-0.1493150,0.0035630,0.1144790,22.6400004,114.0099999,49.8350000,6139.0000000,0.0000000,538.0000000,539.0000000,26303486.961,-10473708.460,28312046.821,0.1494
1.0000000,5.3550000,-142.7246080,-6.9856300,209.3549280,-0.1666370,0.0041400,0.1189630,22.6400003,114.0099999,49.8240000,6245.0000000,0.0000000,548.0000000,549.0000000,26303486.950,-10473708.460,28312046.811,0.1667
1.0000000,5.4610000,-142.7418560,-7.0164380,209.3478880,-0.1849500,0.0047770,0.1229520,22.6400001,114.0099999,49.8130000,6351.0000000,0.0000000,557.0000000,558.0000000,26303486.928,-10473708.460,28312046.790,0.1850
1.0000000,5.5680000,-142.7199040,-6.9784600,209.3321280,-0.1466410,0.0038320,0.1162200,22.6400008,114.0099999,49.8320000,6458.0000000,0.0000000,567.0000000,567.0000000,26303487.005,-10473708.460,28312046.863,0.1467
1.0000000,5.6730000,-142.7385920,-7.0110970,209.3205280,-0.1636660,0.0041190,0.1207510,22.6400006,114.0099999,49.8220000,6563.0000000,0.0000000,576.0000000,577.0000000,26303486.983,-10473708.460,28312046.842,0.1637
1.0000000,5.7780000,-142.7540000,-7.0401090,209.3048960,-0.1813780,0.0043720,0.1252290,22.6400004,114.0099999,49.8120000,6668.0000000,0.0000000,585.0000000,585.0000000,26303486.961,-10473708.460,28312046.821,0.1814
1.0000000,5.8840000,-142.7673760,-7.0665620,209.2942240,-0.2004410,0.0048150,0.1296990,22.6400002,114.0099999,49.8010000,6774.0000000,0.0000000,594.0000000,594.0000000,26303486.939,-10473708.460,28312046.801,0.2005
1.0000000,5.9890000,-142.7833920,-7.0959370,209.2837120,-0.2200740,0.0055010,0.1338420,22.6399999,114.0100000,49.7910000,6879.0000000,0.0000000,602.0000000,603.0000000,26303486.905,-10473708.469,28312046.773,0.2201
1.0000000,6.0950000,-142.7618560,-7.0583700,209.2700000,-0.1783590,0.0044660,0.1269420,22.6400007,114.0099999,49.8100000,6985.0000000,0.0000000,611.0000000,612.0000000,26303486.994,-10473708.460,28312046.852,0.1784
1.0000000,6.2020000,-142.7829280,-7.0921170,209.2554400,-0.1973850,0.0046350,0.1314450,22.6400004,114.0099999,49.8000000,7092.0000000,0.0000000,620.0000000,621.0000000,26303486.961,-10473708.460,28312046.821,0.1974
1.0000000,6.3080000,-142.7981920,-7.1200120,209.2449600,-0.2170420,0.0049520,0.1361170,22.6400002,114.0099999,49.7880000,7198.0000000,0.0000000,630.0000000,630.0000000,26303486.939,-10473708.460,28312046.801,0.2171
1.0000000,6.4130000,-142.8134080,-7.1485690,209.2357280,-0.2375480,0.0054780,0.1405730,22.6400000,114.0099999,49.7760000,7303.0000000,0.0000000,639.0000000,640.0000000,26303486.917,-10473708.460,28312046.780,0.2376
1.0000000,6.5190000,-142.7884960,-7.1054290,209.2170720,-0.1936270,0.0046620,0.1333260,22.6400008,114.0099999,49.7970000,7409.0000000,0.0000000,649.0000000,650.0000000,26303487.005,-10473708.460,28312046.863,0.1937
1.0000000,6.6240000,-142.8081600,-7.1379100,209.2066240,-0.2136450,0.0050940,0.1376360,22.6400005,114.0099999,49.7840000,7514.0000000,0.0000000,658.0000000,659.0000000,26303486.972,-10473708.460,28312046.832,0.2137
1.0000000,6.7300000,-142.8294560,-7.1707980,209.1965600,-0.2341560,0.0054720,0.1420820,22.6400003,114.0099999,49.7730000,7620.0000000,0.0000000,668.0000000,669.0000000,26303486.950,-10473708.460,28312046.811,0.2342
1.0000000,6.8350000,-142.8447360,-7.2009850,209.1844320,-0.2553730,0.0058020,0.1467720,22.6400000,114.0099999,49.7610000,7726.0000000,0.0000000,678.0000000,678.0000000,26303486.917,-10473708.460,28312046.780,0.2554
1.0000000,6.9400000,-142.8596480,-7.2277420,209.1745280,-0.2775610,0.0062130,0.1512360,22.6399998,114.0099999,49.7480000,7831.0000000,0.0000000,687.0000000,688.0000000,26303486.894,-10473708.460,28312046.759,0.2776
1.0000000,7.0460000,-142.8318560,-7.1826530,209.1641920,-0.2301420,0.0053330,0.1440080,22.6400008,114.0099999,49.7700000,7937.0000000,0.0000000,697.0000000,697.0000000,26303487.005,-10473708.460,28312046.863,0.2302
1.0000000,7.1510000,-142.8528160,-7.2159260,209.1616480,-0.2518210,0.0058780,0.1482660,22.6400006,114.0099999,49.7580000,8042.0000000,0.0000000,706.0000000,707.0000000,26303486.983,-10473708.460,28312046.842,0.2519
1.0000000,7.2570000,-142.8760160,-7.2491000,209.1587040,-0.2739190,0.0061890,0.1527490,22.6400004,114.0099999,49.7460000,8148.0000000,0.0000000,715.0000000,716.0000000,26303486.961,-10473708.460,28312046.821,0.2740
1.0000000,7.3630000,-142.8937760,-7.2788550,209.1538400,-0.2967720,0.0065100,0.1574210,22.6400001,114.0099999,49.7330000,8254.0000000,0.0000000,724.0000000,725.0000000,26303486.928,-10473708.460,28312046.790,0.2968
1.0000000,7.4680000,-142.9077920,-7.3063800,209.1441280,-0.3205590,0.0070530,0.1618000,22.6399998,114.0099999,49.7190000,8359.0000000,0.0000000,733.0000000,734.0000000,26303486.894,-10473708.460,28312046.759,0.3206
1.0000000,7.5730000,-142.8808480,-7.2624760,209.1306560,-0.2692510,0.0060270,0.1544250,22.6400009,114.0099999,49.7440000,8464.0000000,0.0000000,742.0000000,742.0000000,26303487.016,-10473708.460,28312046.873,0.2693
1.0000000,7.6790000,-142.9006880,-7.2941900,209.1281920,-0.2929770,0.0066890,0.1585050,22.6400007,114.0099999,49.7320000,8570.0000000,0.0000000,751.0000000,751.0000000,26303486.994,-10473708.460,28312046.852,0.2931
1.0000000,7.7840000,-142.9233440,-7.3267520,209.1245600,-0.3167680,0.0070630,0.1629690,22.6400005,114.0099999,49.7180000,8675.0000000,0.0000000,759.0000000,760.0000000,26303486.972,-10473708.460,28312046.832,0.3168
1.0000000,7.8910000,-142.9423840,-7.3567810,209.1239200,-0.3412630,0.0074000,0.1674830,22.6400003,114.0099999,49.7050000,8782.0000000,0.0000000,768.0000000,769.0000000,26303486.950,-10473708.460,28312046.811,0.3413
1.0000000,7.9970000,-142.9553600,-7.3815120,209.1244960,-0.3667500,0.0081490,0.1718840,22.6400000,114.0099999,49.6910000,8888.0000000,0.0000000,778.0000000,778.0000000,26303486.917,-10473708.460,28312046.780,0.3668
1.0000000,8.1020000,-142.9285600,-7.3355040,209.1189280,-0.3120000,0.0070450,0.1642530,22.6400015,114.0099999,49.7190000,8993.0000000,0.0000000,787.0000000,788.0000000,26303487.083,-10473708.460,28312046.935,0.3121
1.0000000,8.2080000,-142.9487360,-7.3673370,209.1197120,-0.3373840,0.0078360,0.1683800,22.6400013,114.0099999,49.7040000,9099.0000000,0.0000000,797.0000000,798.0000000,26303487.061,-10473708.460,28312046.914,0.3375
1.0000000,8.3130000,-142.9714880,-7.3997650,209.1148000,-0.3627430,0.0083380,0.1728670,22.6400010,114.0099999,49.6910000,9204.0000000,0.0000000,806.0000000,807.0000000,26303487.027,-10473708.460,28312046.883,0.3628
1.0000000,8.4180000,-142.9908800,-7.4306810,209.1109440,-0.3887230,0.0088010,0.1772340,22.6400007,114.0099999,49.6760000,9310.0000000,0.0000000,816.0000000,817.0000000,26303486.994,-10473708.460,28312046.852,0.3888
1.0000000,8.5240000,-142.9634720,-7.3842360,209.1052000,-0.3315620,0.0075950,0.1697240,22.6400022,114.0099999,49.7010000,9416.0000000,0.0000000,826.0000000,826.0000000,26303487.161,-10473708.460,28312047.007,0.3316
1.0000000,8.6300000,-142.9778560,-7.4117610,209.1056640,-0.3579880,0.0084570,0.1740810,22.6400020,114.0099999,49.6860000,9522.0000000,0.0000000,835.0000000,836.0000000,26303487.138,-10473708.460,28312046.986,0.3581
1.0000000,8.7370000,-143.0003360,-7.4442820,209.1087040,-0.3851130,0.0092700,0.1782250,22.6400018,114.0099999,49.6700000,9629.0000000,0.0000000,845.0000000,846.0000000,26303487.116,-10473708.460,28312046.966,0.3852
1.0000000,8.8440000,-143.0222560,-7.4753470,209.1082720,-0.4122850,0.0098570,0.1828500,22.6400016,114.0099999,49.6540000,9736.0000000,0.0000000,854.0000000,855.0000000,26303487.094,-10473708.460,28312046.945,0.4124
1.0000000,8.9510000,-143.0386560,-7.5029770,209.1062240,-0.4402500,0.0105140,0.1875990,22.6400013,114.0099999,49.6390000,9843.0000000,0.0000000,863.0000000,864.0000000,26303487.061,-10473708.460,28312046.914,0.4404
1.0000000,9.0570000,-143.0091200,-7.4584760,209.1013920,-0.3799530,0.0093870,0.1796040,22.6400030,114.0099999,49.6700000,9949.0000000,0.0000000,872.0000000,873.0000000,26303487.249,-10473708.460,28312047.089,0.3801
1.0000000,9.1640000,-143.0293120,-7.4887990,209.1043040,-0.4083210,0.0103240,0.1836540,22.6400028,114.0099999,49.6540000,10056.0000000,0.0000000,881.0000000,882.0000000,26303487.227,-10473708.460,28312047.069,0.4085
1.0000000,9.2710000,-143.0528480,-7.5224480,209.1031360,-0.4366910,0.0109680,0.1881560,22.6400025,114.0099999,49.6380000,10163.0000000,0.0000000,890.0000000,891.0000000,26303487.194,-10473708.460,28312047.038,0.4368
1.0000000,9.3780000,-143.0709760,-7.5530630,209.1057440,-0.4655710,0.0115610,0.1926770,22.6400022,114.0099999,49.6220000,10270.0000000,0.0000000,899.0000000,900.0000000,26303487.161,-10473708.460,28312047.007,0.4657
1.0000000,9.4850000,-143.0863520,-7.5821560,209.1098720,-0.4956540,0.0125980,0.1972540,22.6400020,114.0099999,49.6060000,10377.0000000,0.0000000,908.0000000,909.0000000,26303487.138,-10473708.460,28312046.986,0.4958
1.0000000,9.5930000,-143.0610560,-7.5397470,209.1049440,-0.4325820,0.0113700,0.1888160,22.6400039,114.0099999,49.6390000,10485.0000000,0.0000000,917.0000000,918.0000000,26303487.349,-10473708.460,28312047.182,0.4327
1.0000000,9.7000000,-143.0852480,-7.5739180,209.1061280,-0.4621750,0.0121790,0.1929520,22.6400036,114.0099999,49.6250000,10592.0000000,0.0000000,927.0000000,928.0000000,26303487.316,-10473708.460,28312047.151,0.4623
1.0000000,9.8060000,-143.1046560,-7.6051050,209.1077760,-0.4919120,0.0128960,0.1975540,22.6400033,114.0099999,49.6050000,10698.0000000,0.0000000,937.0000000,937.0000000,26303487.283,-10473708.460,28312047.120,0.4921
1.0000000,9.9120000,-143.1182080,-7.6329690,209.1103360,-0.5225170,0.0138210,0.2022260,22.6400031,114.0099999,49.5880000,10804.0000000,0.0000000,946.0000000,947.0000000,26303487.260,-10473708.460,28312047.100,0.5227
1.0000000,10.0180000,-143.0886400,-7.5878510,209.1088160,-0.4561120,0.0123490,0.1935350,22.6400051,114.0099999,49.6240000,10910.0000000,0.0000000,956.0000000,956.0000000,26303487.482,-10473708.460,28312047.306,0.4563
1.0000000,10.1250000,-143.1083200,-7.6203310,209.1105920,-0.4871760,0.0133840,0.1977360,22.6400049,114.0099999,49.6060000,11017.0000000,0.0000000,966.0000000,966.0000000,26303487.460,-10473708.460,28312047.285,0.4874
1.0000000,10.2300000,-143.1323840,-7.6550160,209.1108960,-0.5180420,0.0140110,0.2020890,22.6400045,114.0099999,49.5890000,11123.0000000,0.0000000,975.0000000,976.0000000,26303487.416,-10473708.460,28312047.244,0.5182
1.0000000,10.3360000,-143.1505280,-7.6848780,209.1104960,-0.5494920,0.0147510,0.2064080,22.6400042,114.0099999,49.5720000,11229.0000000,0.0000000,985.0000000,985.0000000,26303487.382,-10473708.460,28312047.213,0.5497
1.0000000,10.4410000,-143.1656640,-7.7122870,209.1082560,-0.5814740,0.0156620,0.2111920,22.6400038,114.0099999,49.5540000,11334.0000000,0.0000000,994.0000000,995.0000000,26303487.338,-10473708.460,28312047.172,0.5817
1.0000000,10.5470000,-143.1364000,-7.6663700,209.1037280,-0.5115630,0.0140500,0.2021580,22.6400061,114.0099999,49.5910000,11440.0000000,0.0000000,1004.0000000,1004.0000000,26303487.593,-10473708.460,28312047.409,0.5118
1.0000000,10.6520000,-143.1540160,-7.6969930,209.1015680,-0.5436740,0.0150150,0.2063730,22.6400057,114.0099999,49.5730000,11545.0000000,0.0000000,1012.0000000,1013.0000000,26303487.549,-10473708.460,28312047.368,0.5439
1.0000000,10.7580000,-143.1776320,-7.7306310,209.1037600,-0.5763400,0.0159010,0.2104070,22.6400053,114.0099999,49.5550000,11651.0000000,0.0000000,1021.0000000,1022.0000000,26303487.504,-10473708.460,28312047.326,0.5766
1.0000000,10.8650000,-143.1958240,-7.7631850,209.1052160,-0.6096080,0.0166460,0.2149860,22.6400050,114.0099999,49.5360000,11758.0000000,0.0000000,1030.0000000,1031.0000000,26303487.471,-10473708.460,28312047.295,0.6098
1.0000000,10.9700000,-143.2107040,-7.7908260,209.1053760,-0.6432610,0.0175040,0.2197500,22.6400046,114.0099999,49.5180000,11863.0000000,0.0000000,1039.0000000,1040.0000000,26303487.427,-10473708.460,28312047.254,0.6435
1.0000000,11.0760000,-143.1813120,-7.7438080,209.0993600,-0.5697910,0.0157430,0.2103290,22.6400071,114.0099999,49.5570000,11969.0000000,0.0000000,1048.0000000,1049.0000000,26303487.704,-10473708.460,28312047.512,0.5700
1.0000000,11.1830000,-143.2037120,-7.7771380,209.0990720,-0.6040660,0.0168540,0.2145700,22.6400066,114.0099999,49.5380000,12076.0000000,0.0000000,1057.0000000,1058.0000000,26303487.649,-10473708.460,28312047.460,0.6043
1.0000000,11.2880000,-143.2239840,-7.8101080,209.0973440,-0.6380260,0.0176310,0.2188480,22.6400062,114.0099999,49.5190000,12181.0000000,0.0000000,1066.0000000,1067.0000000,26303487.604,-10473708.460,28312047.419,0.6383
1.0000000,11.3940000,-143.2433120,-7.8402340,209.0975520,-0.6726560,0.0184330,0.2233100,22.6400058,114.0099999,49.5000000,12287.0000000,0.0000000,1076.0000000,1076.0000000,26303487.560,-10473708.460,28312047.378,0.6729
1.0000000,11.4990000,-143.2580960,-7.8673200,209.0981920,-0.7078930,0.0193540,0.2279090,22.6400054,114.0100000,49.4810000,12392.0000000,0.0000000,1085.0000000,1086.0000000,26303487.516,-10473708.469,28312047.340,0.7082
1.0000000,11.6050000,-143.2296480,-7.8211830,209.0915840,-0.6308950,0.0174760,0.2182270,22.6400081,114.0099999,49.5220000,12498.0000000,0.0000000,1095.0000000,1096.0000000,26303487.815,-10473708.460,28312047.615,0.6311
1.0000000,11.7100000,-143.2488480,-7.8535920,209.0881920,-0.6661640,0.0185040,0.2223830,22.6400076,114.0099999,49.5030000,12603.0000000,0.0000000,1104.0000000,1105.0000000,26303487.760,-10473708.460,28312047.563,0.6664
1.0000000,11.8150000,-143.2727520,-7.8866500,209.0870720,-0.7020420,0.0193920,0.2266350,22.6400071,114.0099999,49.4840000,12709.0000000,0.0000000,1114.0000000,1115.0000000,26303487.704,-10473708.460,28312047.512,0.7023
1.0000000,11.9210000,-143.2919200,-7.9188760,209.0843680,-0.7382910,0.0202830,0.2309370,22.6400065,114.0099999,49.4640000,12815.0000000,0.0000000,1124.0000000,1124.0000000,26303487.638,-10473708.460,28312047.450,0.7386
1.0000000,12.0260000,-143.2624960,-7.8719650,209.0733440,-0.6580140,0.0180470,0.2215360,22.6400093,114.0099999,49.5070000,12920.0000000,0.0000000,1133.0000000,1134.0000000,26303487.948,-10473708.460,28312047.739,0.6583
1.0000000,12.1320000,-143.2767520,-7.9009060,209.0717760,-0.6946100,0.0193040,0.2256610,22.6400088,114.0099999,49.4890000,13026.0000000,0.0000000,1143.0000000,1144.0000000,26303487.893,-10473708.460,28312047.687,0.6949
1.0000000,12.2370000,-143.2949920,-7.9305310,209.0702880,-0.7314820,0.0203600,0.2297810,22.6400083,114.0099999,49.4700000,13131.0000000,0.0000000,1152.0000000,1153.0000000,26303487.837,-10473708.460,28312047.635,0.7318
1.0000000,12.3420000,-143.3176320,-7.9634110,209.0700480,-0.7686600,0.0213170,0.2338930,22.6400078,114.0099999,49.4500000,13236.0000000,0.0000000,1161.0000000,1161.0000000,26303487.782,-10473708.460,28312047.584,0.7690
1.0000000,12.4480000,-143.3390720,-7.9953250,209.0710080,-0.8066370,0.0221630,0.2384750,22.6400074,114.0099999,49.4300000,13342.0000000,0.0000000,1170.0000000,1170.0000000,26303487.737,-10473708.460,28312047.543,0.8069
1.0000000,12.5530000,-143.3103520,-7.9476310,209.0648640,-0.7227230,0.0199040,0.2286670,22.6400105,114.0099999,49.4750000,13447.0000000,0.0000000,1179.0000000,1179.0000000,26303488.081,-10473708.460,28312047.862,0.7230
1.0000000,12.6580000,-143.3243680,-7.9754430,209.0656000,-0.7604950,0.0210410,0.2329150,22.6400101,114.0099999,49.4560000,13552.0000000,0.0000000,1188.0000000,1189.0000000,26303488.037,-10473708.460,28312047.821,0.7608
1.0000000,12.7630000,-143.3416000,-8.0044270,209.0666400,-0.7991660,0.0223430,0.2368780,22.6400096,114.0099999,49.4360000,13657.0000000,0.0000000,1197.0000000,1197.0000000,26303487.981,-10473708.460,28312047.769,0.7995
1.0000000,12.8690000,-143.3622880,-8.0375610,209.0669120,-0.8383670,0.0235410,0.2410590,22.6400091,114.0099999,49.4150000,13763.0000000,0.0000000,1206.0000000,1206.0000000,26303487.926,-10473708.460,28312047.718,0.8387
1.0000000,12.9750000,-143.3828320,-8.0695250,209.0659680,-0.8777520,0.0244590,0.2454920,22.6400085,114.0099999,49.3950000,13869.0000000,0.0000000,1215.0000000,1216.0000000,26303487.859,-10473708.460,28312047.656,0.8781
1.0000000,13.0800000,-143.3558880,-8.0227180,209.0597120,-0.7901050,0.0219310,0.2353050,22.6400119,114.0099999,49.4420000,13974.0000000,0.0000000,1224.0000000,1225.0000000,26303488.237,-10473708.460,28312048.006,0.7904
1.0000000,13.1860000,-143.3693120,-8.0504780,209.0588320,-0.8298780,0.0230530,0.2396480,22.6400114,114.0099999,49.4210000,14080.0000000,0.0000000,1234.0000000,1235.0000000,26303488.181,-10473708.460,28312047.955,0.8302
1.0000000,13.2920000,-143.3868480,-8.0801590,209.0566560,-0.8704510,0.0244230,0.2437680,22.6400107,114.0099999,49.4010000,14186.0000000,0.0000000,1244.0000000,1244.0000000,26303488.103,-10473708.460,28312047.883,0.8708
1.0000000,13.3960000,-143.4079360,-8.1122410,209.0554240,-0.9107330,0.0257580,0.2478570,22.6400101,114.0099999,49.3800000,14291.0000000,0.0000000,1253.0000000,1254.0000000,26303488.037,-10473708.460,28312047.821,0.9111
1.0000000,13.5020000,-143.4284320,-8.1442050,209.0563840,-0.9517470,0.0266440,0.2523660,22.6400096,114.0100000,49.3590000,14397.0000000,0.0000000,1263.0000000,1264.0000000,26303487.981,-10473708.469,28312047.773,0.9521
1.0000000,13.6070000,-143.3991520,-8.0962240,209.0522880,-0.8604470,0.0240000,0.2417810,22.6400133,114.0099999,49.4080000,14502.0000000,0.0000000,1272.0000000,1273.0000000,26303488.392,-10473708.460,28312048.151,0.8608
1.0000000,13.7130000,-143.4128640,-8.1247200,209.0534560,-0.9017440,0.0252690,0.2460480,22.6400128,114.0099999,49.3880000,14608.0000000,0.0000000,1282.0000000,1283.0000000,26303488.336,-10473708.460,28312048.099,0.9021
1.0000000,13.8180000,-143.4290240,-8.1539710,209.0496160,-0.9435360,0.0264960,0.2498890,22.6400121,114.0099999,49.3670000,14713.0000000,0.0000000,1291.0000000,1291.0000000,26303488.259,-10473708.460,28312048.027,0.9439
1.0000000,13.9240000,-143.4514400,-8.1871330,209.0496000,-0.9858280,0.0277370,0.2539000,22.6400115,114.0099999,49.3460000,14819.0000000,0.0000000,1300.0000000,1300.0000000,26303488.192,-10473708.460,28312047.965,0.9862
1.0000000,14.0300000,-143.4272480,-8.1434280,209.0422720,-0.8920960,0.0248910,0.2430850,22.6400152,114.0099998,49.3970000,14925.0000000,0.0000000,1309.0000000,1309.0000000,26303488.603,-10473708.451,28312048.343,0.8924
1.0000000,14.1350000,-143.4428160,-8.1728450,209.0416320,-0.9333140,0.0259440,0.2473880,22.6400145,114.0099999,49.3760000,15030.0000000,0.0000000,1317.0000000,1318.0000000,26303488.525,-10473708.460,28312048.274,0.9337
1.0000000,14.2410000,-143.4556480,-8.1986250,209.0371200,-0.9762680,0.0271950,0.2516990,22.6400138,114.0099999,49.3560000,15136.0000000,0.0000000,1326.0000000,1327.0000000,26303488.447,-10473708.460,28312048.202,0.9766
1.0000000,14.3480000,-143.4741760,-8.2294110,209.0340000,-1.0202840,0.0286160,0.2556780,22.6400129,114.0099999,49.3330000,15243.0000000,0.0000000,1335.0000000,1336.0000000,26303488.348,-10473708.460,28312048.110,1.0207
1.0000000,14.4540000,-143.4970400,-8.2632660,209.0322400,-1.0641320,0.0299040,0.2597440,22.6400121,114.0099999,49.3120000,15349.0000000,0.0000000,1344.0000000,1345.0000000,26303488.259,-10473708.460,28312048.027,1.0646
1.0000000,14.5600000,-143.4706720,-8.2177520,209.0234400,-0.9668490,0.0270150,0.2485350,22.6400161,114.0099998,49.3640000,15455.0000000,0.0000000,1354.0000000,1354.0000000,26303488.703,-10473708.451,28312048.436,0.9672
1.0000000,14.6650000,-143.4856640,-8.2462830,209.0226240,-1.0097760,0.0281410,0.2529370,22.6400154,114.0099999,49.3430000,15560.0000000,0.0000000,1363.0000000,1364.0000000,26303488.625,-10473708.460,28312048.367,1.0102
1.0000000,14.7710000,-143.5013920,-8.2740010,209.0224320,-1.0542360,0.0295800,0.2571770,22.6400147,114.0099999,49.3220000,15666.0000000,0.0000000,1373.0000000,1374.0000000,26303488.547,-10473708.460,28312048.295,1.0547
1.0000000,14.8760000,-143.5200160,-8.3050450,209.0216960,-1.0991110,0.0308380,0.2610950,22.6400140,114.0099999,49.3010000,15771.0000000,0.0000000,1382.0000000,1383.0000000,26303488.470,-10473708.460,28312048.223,1.0995
1.0000000,14.9810000,-143.5424800,-8.3383310,209.0221440,-1.1445270,0.0321250,0.2649790,22.6400132,114.0099999,49.2790000,15877.0000000,0.0000000,1392.0000000,1393.0000000,26303488.381,-10473708.460,28312048.140,1.1450
1.0000000,15.0870000,-143.5177280,-8.2926150,209.0157600,-1.0434200,0.0291260,0.2534190,22.6400175,114.0099998,49.3340000,15983.0000000,0.0000000,1402.0000000,1402.0000000,26303488.858,-10473708.451,28312048.580,1.0438
1.0000000,15.1920000,-143.5336000,-8.3205900,209.0130720,-1.0877680,0.0301120,0.2579450,22.6400167,114.0099999,49.3120000,16088.0000000,0.0000000,1411.0000000,1412.0000000,26303488.769,-10473708.460,28312048.501,1.0882
1.0000000,15.2980000,-143.5445600,-8.3468320,209.0108640,-1.1339770,0.0317710,0.2623100,22.6400159,114.0099999,49.2850000,16194.0000000,0.0000000,1421.0000000,1421.0000000,26303488.680,-10473708.460,28312048.419,1.1344
1.0000000,15.4040000,-143.5635520,-8.3778170,209.0099520,-1.1807380,0.0331020,0.2662670,22.6400151,114.0099999,49.2630000,16300.0000000,0.0000000,1430.0000000,1430.0000000,26303488.592,-10473708.460,28312048.336,1.1812
1.0000000,15.5110000,-143.5871520,-8.4128340,209.0128160,-1.2278890,0.0341630,0.2704550,22.6400143,114.0100000,49.2400000,16407.0000000,0.0000000,1439.0000000,1439.0000000,26303488.503,-10473708.469,28312048.257,1.2284
1.0000000,15.6170000,-143.5600160,-8.3645510,209.0071040,-1.1231210,0.0311320,0.2585620,22.6400190,114.0099998,49.2970000,16513.0000000,0.0000000,1448.0000000,1448.0000000,26303489.024,-10473708.451,28312048.735,1.1236
1.0000000,15.7240000,-143.5735520,-8.3919430,209.0076800,-1.1703400,0.0325280,0.2630010,22.6400183,114.0099999,49.2750000,16620.0000000,0.0000000,1457.0000000,1457.0000000,26303488.947,-10473708.460,28312048.666,1.1708
1.0000000,15.8310000,-143.5890400,-8.4212280,209.0077440,-1.2186030,0.0340430,0.2670280,22.6400174,114.0099999,49.2520000,16727.0000000,0.0000000,1466.0000000,1466.0000000,26303488.847,-10473708.460,28312048.573,1.2191
1.0000000,15.9380000,-143.6119360,-8.4561840,209.0084320,-1.2668680,0.0353660,0.2711540,22.6400165,114.0099999,49.2290000,16834.0000000,0.0000000,1475.0000000,1475.0000000,26303488.747,-10473708.460,28312048.481,1.2674
1.0000000,16.0450000,-143.5848320,-8.4079700,209.0013120,-1.1596120,0.0321160,0.2590130,22.6400212,114.0099998,49.2880000,16941.0000000,0.0000000,1484.0000000,1484.0000000,26303489.268,-10473708.451,28312048.962,1.1601
1.0000000,16.1520000,-143.5970720,-8.4355020,208.9992640,-1.2076600,0.0334930,0.2633370,22.6400204,114.0099998,49.2710000,17048.0000000,0.0000000,1493.0000000,1494.0000000,26303489.180,-10473708.451,28312048.879,1.2081
1.0000000,16.2580000,-143.6114080,-8.4633750,208.9952960,-1.2563060,0.0350710,0.2674900,22.6400194,114.0099999,49.2430000,17154.0000000,0.0000000,1503.0000000,1503.0000000,26303489.069,-10473708.460,28312048.779,1.2568
1.0000000,16.3640000,-143.6338240,-8.4966550,208.9946720,-1.3051890,0.0363610,0.2714420,22.6400184,114.0099999,49.2210000,17260.0000000,0.0000000,1512.0000000,1513.0000000,26303488.958,-10473708.460,28312048.676,1.3057
1.0000000,16.4710000,-143.6540640,-8.5290990,208.9962720,-1.3547550,0.0374770,0.2757640,22.6400175,114.0099999,49.1980000,17367.0000000,0.0000000,1522.0000000,1523.0000000,26303488.858,-10473708.460,28312048.584,1.3553
1.0000000,16.5760000,-143.6237120,-8.4762750,208.9860800,-1.2431300,0.0343700,0.2634990,22.6400225,114.0099998,49.2590000,17473.0000000,0.0000000,1532.0000000,1532.0000000,26303489.412,-10473708.451,28312049.096,1.2436
1.0000000,16.6810000,-143.6380800,-8.5033920,208.9835200,-1.2919940,0.0358340,0.2676080,22.6400215,114.0099998,49.2360000,17578.0000000,0.0000000,1541.0000000,1542.0000000,26303489.302,-10473708.451,28312048.992,1.2925
1.0000000,16.7870000,-143.6553600,-8.5342810,208.9810400,-1.3420120,0.0372130,0.2714430,22.6400206,114.0099999,49.2140000,17684.0000000,0.0000000,1551.0000000,1552.0000000,26303489.202,-10473708.460,28312048.903,1.3425
1.0000000,16.8930000,-143.6768480,-8.5663960,208.9794720,-1.3921970,0.0384760,0.2752700,22.6400196,114.0099999,49.1920000,17790.0000000,0.0000000,1561.0000000,1561.0000000,26303489.091,-10473708.460,28312048.800,1.3927
1.0000000,16.9990000,-143.6954080,-8.5978160,208.9778080,-1.4427140,0.0397650,0.2797200,22.6400186,114.0099999,49.1690000,17896.0000000,0.0000000,1570.0000000,1570.0000000,26303488.980,-10473708.460,28312048.697,1.4433
1.0000000,17.1040000,-143.6624000,-8.5440620,208.9675680,-1.3267020,0.0364660,0.2668250,22.6400238,114.0099998,49.2380000,18001.0000000,0.0000000,1578.0000000,1579.0000000,26303489.557,-10473708.451,28312049.230,1.3272
1.0000000,17.2100000,-143.6750400,-8.5727700,208.9659360,-1.3774310,0.0379480,0.2708950,22.6400228,114.0099998,49.2150000,18107.0000000,0.0000000,1587.0000000,1588.0000000,26303489.446,-10473708.451,28312049.126,1.3780
1.0000000,17.3170000,-143.6949600,-8.6049780,208.9636640,-1.4293540,0.0394230,0.2748940,22.6400217,114.0099999,49.1920000,18214.0000000,0.0000000,1596.0000000,1597.0000000,26303489.324,-10473708.460,28312049.016,1.4299
1.0000000,17.4220000,-143.7162400,-8.6377230,208.9628800,-1.4804100,0.0406570,0.2789450,22.6400207,114.0099999,49.1690000,18319.0000000,0.0000000,1605.0000000,1606.0000000,26303489.213,-10473708.460,28312048.913,1.4810
1.0000000,17.5280000,-143.6857280,-8.5844880,208.9559680,-1.3618230,0.0371410,0.2659520,22.6400263,114.0099998,49.2330000,18425.0000000,0.0000000,1614.0000000,1615.0000000,26303489.834,-10473708.451,28312049.487,1.3623
1.0000000,17.6340000,-143.7001120,-8.6108890,208.9556800,-1.4130060,0.0384410,0.2701800,22.6400254,114.0099998,49.2100000,18531.0000000,0.0000000,1623.0000000,1624.0000000,26303489.734,-10473708.451,28312049.394,1.4135
1.0000000,17.7410000,-143.7159040,-8.6389390,208.9540480,-1.4658080,0.0400690,0.2741510,22.6400244,114.0099998,49.1870000,18638.0000000,0.0000000,1632.0000000,1633.0000000,26303489.623,-10473708.451,28312049.291,1.4664
1.0000000,17.8470000,-143.7381280,-8.6698820,208.9548480,-1.5183600,0.0415450,0.2782180,22.6400235,114.0099999,49.1640000,18744.0000000,0.0000000,1642.0000000,1643.0000000,26303489.523,-10473708.460,28312049.202,1.5189
1.0000000,17.9530000,-143.7607360,-8.7034510,208.9566720,-1.5710960,0.0428750,0.2824470,22.6400225,114.0099999,49.1410000,18850.0000000,0.0000000,1652.0000000,1652.0000000,26303489.412,-10473708.460,28312049.099,1.5717
1.0000000,18.0580000,-143.7270720,-8.6471420,208.9494880,-1.4480150,0.0393290,0.2694040,22.6400284,114.0099998,49.2070000,18955.0000000,0.0000000,1661.0000000,1662.0000000,26303490.067,-10473708.451,28312049.704,1.4485
1.0000000,18.1640000,-143.7391680,-8.6719530,208.9489600,-1.5007530,0.0407320,0.2735470,22.6400275,114.0099998,49.1840000,19061.0000000,0.0000000,1671.0000000,1672.0000000,26303489.967,-10473708.451,28312049.611,1.5013
1.0000000,18.2680000,-143.7549760,-8.7003940,208.9464640,-1.5538290,0.0422890,0.2772210,22.6400263,114.0099998,49.1610000,19166.0000000,0.0000000,1680.0000000,1681.0000000,26303489.834,-10473708.451,28312049.487,1.5544
1.0000000,18.3740000,-143.7757280,-8.7335060,208.9440480,-1.6076510,0.0438260,0.2812560,22.6400251,114.0099999,49.1370000,19272.0000000,0.0000000,1690.0000000,1691.0000000,26303489.701,-10473708.460,28312049.367,1.6082
1.0000000,18.4800000,-143.7969280,-8.7654910,208.9409760,-1.6616290,0.0451380,0.2855110,22.6400238,114.0099999,49.1140000,19378.0000000,0.0000000,1700.0000000,1700.0000000,26303489.557,-10473708.460,28312049.233,1.6622
1.0000000,18.5850000,-143.7612960,-8.7069210,208.9309920,-1.5343970,0.0415060,0.2722140,22.6400298,114.0099998,49.1810000,19483.0000000,0.0000000,1709.0000000,1710.0000000,26303490.222,-10473708.451,28312049.848,1.5350
1.0000000,18.6910000,-143.7747200,-8.7331200,208.9311680,-1.5884640,0.0430890,0.2763880,22.6400287,114.0099998,49.1580000,19589.0000000,0.0000000,1718.0000000,1719.0000000,26303490.100,-10473708.451,28312049.735,1.5890
1.0000000,18.7960000,-143.7909120,-8.7618500,208.9283360,-1.6428580,0.0447230,0.2800470,22.6400276,114.0099999,49.1360000,19694.0000000,0.0000000,1727.0000000,1728.0000000,26303489.978,-10473708.460,28312049.625,1.6435
1.0000000,18.9010000,-143.8111680,-8.7939410,208.9260480,-1.6973450,0.0462590,0.2840480,22.6400263,114.0099999,49.1120000,19799.0000000,0.0000000,1736.0000000,1736.0000000,26303489.834,-10473708.460,28312049.491,1.6980
1.0000000,19.0070000,-143.8331200,-8.8255750,208.9242560,-1.7525810,0.0475760,0.2882080,22.6400249,114.0099999,49.0900000,19905.0000000,0.0000000,1745.0000000,1745.0000000,26303489.679,-10473708.460,28312049.346,1.7532
1.0000000,19.1120000,-143.7971200,-8.7660720,208.9140480,-1.6212280,0.0438120,0.2747530,22.6400313,114.0099998,49.1580000,20010.0000000,0.0000000,1753.0000000,1754.0000000,26303490.389,-10473708.451,28312050.002,1.6218
1.0000000,19.2180000,-143.8091200,-8.7939340,208.9104000,-1.6764240,0.0453560,0.2789020,22.6400300,114.0099998,49.1350000,20116.0000000,0.0000000,1762.0000000,1763.0000000,26303490.244,-10473708.451,28312049.868,1.6770
1.0000000,19.3240000,-143.8259680,-8.8229530,208.9095840,-1.7325430,0.0470630,0.2826170,22.6400287,114.0099999,49.1120000,20222.0000000,0.0000000,1771.0000000,1772.0000000,26303490.100,-10473708.460,28312049.738,1.7332
1.0000000,19.4310000,-143.8493120,-8.8561960,208.9072000,-1.7893590,0.0486200,0.2865330,22.6400274,114.0099999,49.0880000,20329.0000000,0.0000000,1781.0000000,1781.0000000,26303489.956,-10473708.460,28312049.604,1.7900
1.0000000,19.5370000,-143.8170400,-8.7988070,208.8974720,-1.6553230,0.0446760,0.2729690,22.6400340,114.0099997,49.1570000,20435.0000000,0.0000000,1790.0000000,1791.0000000,26303490.688,-10473708.442,28312050.277,1.6559
1.0000000,19.6430000,-143.8317600,-8.8250540,208.8953280,-1.7108130,0.0461560,0.2771960,22.6400328,114.0099998,49.1340000,20541.0000000,0.0000000,1800.0000000,1800.0000000,26303490.555,-10473708.451,28312050.157,1.7114
1.0000000,19.7480000,-143.8442560,-8.8523080,208.8944480,-1.7668950,0.0478510,0.2812200,22.6400316,114.0099998,49.1110000,20646.0000000,0.0000000,1809.0000000,1810.0000000,26303490.422,-10473708.451,28312050.033,1.7675
1.0000000,19.8540000,-143.8631040,-8.8821860,208.8938560,-1.8242200,0.0494300,0.2849770,22.6400304,114.0099999,49.0880000,20752.0000000,0.0000000,1819.0000000,1820.0000000,26303490.289,-10473708.460,28312049.913,1.8249
1.0000000,19.9590000,-143.8848000,-8.9131460,208.8928000,-1.8816120,0.0507570,0.2887590,22.6400291,114.0099999,49.0640000,20858.0000000,0.0000000,1829.0000000,1829.0000000,26303490.145,-10473708.460,28312049.779,1.8823
1.0000000,20.0640000,-143.8520480,-8.8522550,208.8828960,-1.7428550,0.0468700,0.2747380,22.6400360,114.0099997,49.1360000,20963.0000000,0.0000000,1838.0000000,1839.0000000,26303490.910,-10473708.442,28312050.483,1.7435
1.0000000,20.1700000,-143.8646880,-8.8791860,208.8804480,-1.7994430,0.0483420,0.2789840,22.6400347,114.0099998,49.1130000,21069.0000000,0.0000000,1848.0000000,1848.0000000,26303490.766,-10473708.451,28312050.353,1.8001
1.0000000,20.2750000,-143.8767360,-8.9042220,208.8784640,-1.8565790,0.0501390,0.2829540,22.6400335,114.0099998,49.0900000,21174.0000000,0.0000000,1857.0000000,1858.0000000,26303490.633,-10473708.451,28312050.229,1.8573
1.0000000,20.3810000,-143.8956960,-8.9340680,208.8780640,-1.9149740,0.0517290,0.2868060,22.6400321,114.0099999,49.0660000,21280.0000000,0.0000000,1866.0000000,1867.0000000,26303490.477,-10473708.460,28312050.088,1.9157
1.0000000,20.4870000,-143.9178240,-8.9660570,208.8777440,-1.9734790,0.0532240,0.2906130,22.6400308,114.0099999,49.0430000,21386.0000000,0.0000000,1875.0000000,1876.0000000,26303490.333,-10473708.460,28312049.954,1.9742
1.0000000,20.5920000,-143.8832640,-8.9050670,208.8683680,-1.8304130,0.0491980,0.2765060,22.6400380,114.0099997,49.1160000,21491.0000000,0.0000000,1884.0000000,1885.0000000,26303491.132,-10473708.442,28312050.690,1.8311
1.0000000,20.6980000,-143.8964160,-8.9321490,208.8667360,-1.8881740,0.0506810,0.2807730,22.6400367,114.0099998,49.0920000,21597.0000000,0.0000000,1893.0000000,1894.0000000,26303490.988,-10473708.451,28312050.559,1.8889
1.0000000,20.8040000,-143.9101120,-8.9580070,208.8644480,-1.9470860,0.0524600,0.2845170,22.6400353,114.0099998,49.0690000,21703.0000000,0.0000000,1902.0000000,1903.0000000,26303490.832,-10473708.451,28312050.415,1.9478
1.0000000,20.9100000,-143.9296480,-8.9900330,208.8633280,-2.0066800,0.0541020,0.2883580,22.6400338,114.0099999,49.0450000,21809.0000000,0.0000000,1911.0000000,1912.0000000,26303490.666,-10473708.460,28312050.264,2.0074
1.0000000,21.0160000,-143.9509280,-9.0210430,208.8626560,-2.0663800,0.0555910,0.2923820,22.6400323,114.0099999,49.0220000,21915.0000000,0.0000000,1920.0000000,1921.0000000,26303490.500,-10473708.460,28312050.109,2.0671
1.0000000,21.1220000,-143.9135520,-8.9552120,208.8533760,-1.9193800,0.0514730,0.2779220,22.6400398,114.0099997,49.0960000,22021.0000000,0.0000000,1929.0000000,1930.0000000,26303491.332,-10473708.442,28312050.875,1.9201
1.0000000,21.2280000,-143.9238560,-8.9808890,208.8501120,-1.9784080,0.0532770,0.2824490,22.6400383,114.0099998,49.0660000,22127.0000000,0.0000000,1939.0000000,1939.0000000,26303491.165,-10473708.451,28312050.724,1.9791
1.0000000,21.3350000,-143.9387520,-9.0084120,208.8465920,-2.0390590,0.0551630,0.2863540,22.6400367,114.0099998,49.0420000,22234.0000000,0.0000000,1948.0000000,1949.0000000,26303490.988,-10473708.451,28312050.559,2.0398
1.0000000,21.4410000,-143.9602880,-9.0389300,208.8437760,-2.0992740,0.0567620,0.2901480,22.6400350,114.0099999,49.0190000,22340.0000000,0.0000000,1958.0000000,1959.0000000,26303490.799,-10473708.460,28312050.387,2.1000
1.0000000,21.5460000,-143.9237600,-8.9719640,208.8331520,-1.9485760,0.0526330,0.2756560,22.6400426,114.0099997,49.0940000,22445.0000000,0.0000000,1967.0000000,1968.0000000,26303491.642,-10473708.442,28312051.164,1.9493
1.0000000,21.6510000,-143.9408640,-8.9990780,208.8327680,-2.0076740,0.0541090,0.2797960,22.6400412,114.0099997,49.0710000,22551.0000000,0.0000000,1977.0000000,1978.0000000,26303491.487,-10473708.442,28312051.019,2.0084
1.0000000,21.7570000,-143.9528800,-9.0233720,208.8331840,-2.0678050,0.0560170,0.2838200,22.6400398,114.0099998,49.0480000,22657.0000000,0.0000000,1987.0000000,1987.0000000,26303491.332,-10473708.451,28312050.878,2.0686
1.0000000,21.8620000,-143.9680480,-9.0503430,208.8306560,-2.1281030,0.0578620,0.2874530,22.6400383,114.0099999,49.0250000,22762.0000000,0.0000000,1996.0000000,1997.0000000,26303491.165,-10473708.460,28312050.727,2.1289
1.0000000,21.9680000,-143.9880480,-9.0829990,208.8304640,-2.1892710,0.0594230,0.2912700,22.6400368,114.0099999,49.0010000,22868.0000000,0.0000000,2006.0000000,2007.0000000,26303490.999,-10473708.460,28312050.573,2.1901
1.0000000,22.0730000,-143.9505760,-9.0137460,208.8192000,-2.0339460,0.0552790,0.2765400,22.6400446,114.0099997,49.0780000,22973.0000000,0.0000000,2015.0000000,2016.0000000,26303491.864,-10473708.442,28312051.370,2.0347
1.0000000,22.1780000,-143.9668320,-9.0415170,208.8158080,-2.0934020,0.0567750,0.2805820,22.6400430,114.0099998,49.0550000,23078.0000000,0.0000000,2024.0000000,2024.0000000,26303491.687,-10473708.451,28312051.208,2.0942
1.0000000,22.2830000,-143.9800800,-9.0665520,208.8120160,-2.1537700,0.0586700,0.2845220,22.6400414,114.0099998,49.0320000,23183.0000000,0.0000000,2032.0000000,2033.0000000,26303491.509,-10473708.451,28312051.043,2.1546
1.0000000,22.3890000,-143.9929120,-9.0922910,208.8062080,-2.2155400,0.0605570,0.2883970,22.6400397,114.0099999,49.0080000,23289.0000000,0.0000000,2041.0000000,2042.0000000,26303491.320,-10473708.460,28312050.872,2.2164
1.0000000,22.4960000,-144.0145280,-9.1229130,208.8046240,-2.2781660,0.0623220,0.2921600,22.6400381,114.0099999,48.9850000,23396.0000000,0.0000000,2050.0000000,2051.0000000,26303491.143,-10473708.460,28312050.707,2.2790
1.0000000,22.6010000,-143.9742880,-9.0526420,208.7930880,-2.1184010,0.0580560,0.2773720,22.6400462,114.0099997,49.0620000,23501.0000000,0.0000000,2059.0000000,2060.0000000,26303492.042,-10473708.442,28312051.535,2.1192
1.0000000,22.7070000,-143.9905600,-9.0791640,208.7922080,-2.1792670,0.0597590,0.2815020,22.6400446,114.0099998,49.0390000,23607.0000000,0.0000000,2069.0000000,2069.0000000,26303491.864,-10473708.451,28312051.373,2.1801
1.0000000,22.8130000,-144.0029600,-9.1036130,208.7891360,-2.2411390,0.0617070,0.2855560,22.6400430,114.0099998,49.0160000,23713.0000000,0.0000000,2078.0000000,2078.0000000,26303491.687,-10473708.451,28312051.208,2.2420
1.0000000,22.9180000,-144.0191680,-9.1300180,208.7871040,-2.3031700,0.0637940,0.2892110,22.6400412,114.0099999,48.9920000,23818.0000000,0.0000000,2087.0000000,2088.0000000,26303491.487,-10473708.460,28312051.026,2.3041
1.0000000,23.0240000,-144.0394240,-9.1602420,208.7863520,-2.3659980,0.0656160,0.2929970,22.6400395,114.0100000,48.9690000,23924.0000000,0.0000000,2097.0000000,2098.0000000,26303491.298,-10473708.469,28312050.854,2.3669
1.0000000,23.1290000,-143.9984640,-9.0862320,208.7737600,-2.2016910,0.0612430,0.2780340,22.6400478,114.0099997,49.0470000,24029.0000000,0.0000000,2106.0000000,2107.0000000,26303492.219,-10473708.442,28312051.700,2.2025
1.0000000,23.2350000,-144.0146880,-9.1130420,208.7708000,-2.2630750,0.0629700,0.2821070,22.6400460,114.0099998,49.0240000,24135.0000000,0.0000000,2116.0000000,2117.0000000,26303492.019,-10473708.451,28312051.517,2.2640
1.0000000,23.3400000,-144.0267360,-9.1363150,208.7650080,-2.3256710,0.0649950,0.2860690,22.6400443,114.0099998,49.0010000,24241.0000000,0.0000000,2126.0000000,2126.0000000,26303491.831,-10473708.451,28312051.342,2.3266
1.0000000,23.4450000,-144.0415680,-9.1628910,208.7623520,-2.3883970,0.0670920,0.2897400,22.6400424,114.0099999,48.9780000,24346.0000000,0.0000000,2135.0000000,2136.0000000,26303491.620,-10473708.460,28312051.150,2.3893
1.0000000,23.5510000,-143.9996960,-9.0881450,208.7520800,-2.2220050,0.0626320,0.2744840,22.6400509,114.0099997,49.0560000,24452.0000000,0.0000000,2145.0000000,2145.0000000,26303492.563,-10473708.442,28312052.019,2.2229
1.0000000,23.6560000,-144.0194560,-9.1164390,208.7499200,-2.2829540,0.0645470,0.2783460,22.6400491,114.0099997,49.0340000,24557.0000000,0.0000000,2154.0000000,2155.0000000,26303492.363,-10473708.442,28312051.834,2.2839
1.0000000,23.7610000,-144.0364000,-9.1440360,208.7473120,-2.3445980,0.0662670,0.2823400,22.6400474,114.0099998,49.0110000,24662.0000000,0.0000000,2163.0000000,2164.0000000,26303492.175,-10473708.451,28312051.662,2.3455
1.0000000,23.8660000,-144.0484320,-9.1670670,208.7439840,-2.4071840,0.0682700,0.2861920,22.6400456,114.0099999,48.9880000,24767.0000000,0.0000000,2172.0000000,2172.0000000,26303491.975,-10473708.460,28312051.480,2.4082
1.0000000,23.9710000,-144.0620960,-9.1919920,208.7416320,-2.4703580,0.0704540,0.2900470,22.6400436,114.0099999,48.9660000,24872.0000000,0.0000000,2180.0000000,2181.0000000,26303491.753,-10473708.460,28312051.274,2.4714
1.0000000,24.0770000,-144.0169600,-9.1138970,208.7298720,-2.2995290,0.0659250,0.2742520,22.6400523,114.0099997,49.0520000,24978.0000000,0.0000000,2189.0000000,2190.0000000,26303492.718,-10473708.442,28312052.163,2.3005
1.0000000,24.1840000,-144.0378080,-9.1443600,208.7269600,-2.3622830,0.0677590,0.2782080,22.6400505,114.0099997,49.0290000,25085.0000000,0.0000000,2198.0000000,2199.0000000,26303492.519,-10473708.442,28312051.978,2.3633
1.0000000,24.2890000,-144.0539680,-9.1708540,208.7241600,-2.4245380,0.0695930,0.2820680,22.6400487,114.0099998,49.0070000,25190.0000000,0.0000000,2207.0000000,2208.0000000,26303492.319,-10473708.451,28312051.796,2.4255
1.0000000,24.3950000,-144.0657120,-9.1949060,208.7208480,-2.4882730,0.0716610,0.2859570,22.6400469,114.0099999,48.9840000,25296.0000000,0.0000000,2216.0000000,2217.0000000,26303492.119,-10473708.460,28312051.614,2.4893
1.0000000,24.5020000,-144.0786240,-9.2208360,208.7184480,-2.5535770,0.0739650,0.2895680,22.6400450,114.0099999,48.9600000,25403.0000000,0.0000000,2226.0000000,2226.0000000,26303491.908,-10473708.460,28312051.418,2.5546
1.0000000,24.6070000,-144.0329920,-9.1394090,208.7066880,-2.3773000,0.0689830,0.2741630,22.6400541,114.0099997,49.0400000,25508.0000000,0.0000000,2235.0000000,2236.0000000,26303492.918,-10473708.442,28312052.349,2.3783
1.0000000,24.7130000,-144.0520640,-9.1675320,208.7061280,-2.4399310,0.0708160,0.2780700,22.6400525,114.0099997,49.0170000,25614.0000000,0.0000000,2245.0000000,2246.0000000,26303492.740,-10473708.442,28312052.184,2.4410
1.0000000,24.8190000,-144.0640640,-9.1931380,208.7033120,-2.5031740,0.0726190,0.2821270,22.6400508,114.0099998,48.9940000,25720.0000000,0.0000000,2255.0000000,2255.0000000,26303492.552,-10473708.451,28312052.012,2.5042
1.0000000,24.9230000,-144.0774240,-9.2155480,208.7024000,-2.5669380,0.0747140,0.2859450,22.6400490,114.0099999,48.9710000,25825.0000000,0.0000000,2264.0000000,2265.0000000,26303492.352,-10473708.460,28312051.830,2.5680
1.0000000,25.0290000,-144.0922400,-9.2394880,208.7007680,-2.6320210,0.0769580,0.2894400,22.6400470,114.0100000,48.9480000,25931.0000000,0.0000000,2274.0000000,2274.0000000,26303492.130,-10473708.469,28312051.627,2.6331
1.0000000,25.1340000,-144.0445120,-9.1556090,208.6882560,-2.4511370,0.0719690,0.2739360,22.6400563,114.0099997,49.0290000,26036.0000000,0.0000000,2283.0000000,2284.0000000,26303493.162,-10473708.442,28312052.576,2.4522
1.0000000,25.2400000,-144.0640640,-9.1839690,208.6879360,-2.5142280,0.0739520,0.2777940,22.6400546,114.0099998,49.0070000,26142.0000000,0.0000000,2293.0000000,2294.0000000,26303492.973,-10473708.451,28312052.404,2.5153
1.0000000,25.3450000,-144.0802720,-9.2093430,208.6875200,-2.5773670,0.0758350,0.2817870,22.6400527,114.0099998,48.9840000,26247.0000000,0.0000000,2302.0000000,2303.0000000,26303492.763,-10473708.451,28312052.208,2.5785
1.0000000,25.4510000,-144.0907680,-9.2319140,208.6834880,-2.6419580,0.0780270,0.2856050,22.6400508,114.0099999,48.9610000,26353.0000000,0.0000000,2311.0000000,2312.0000000,26303492.552,-10473708.460,28312052.016,2.6431
1.0000000,25.5570000,-144.0372640,-9.1441400,208.6719200,-2.4596720,0.0731230,0.2701300,22.6400601,114.0099996,49.0410000,26459.0000000,0.0000000,2320.0000000,2321.0000000,26303493.583,-10473708.433,28312052.964,2.4608
1.0000000,25.6620000,-144.0549280,-9.1724100,208.6710720,-2.5223120,0.0752810,0.2736280,22.6400583,114.0099997,49.0190000,26564.0000000,0.0000000,2329.0000000,2330.0000000,26303493.384,-10473708.442,28312052.782,2.5234
1.0000000,25.7670000,-144.0743840,-9.2007290,208.6694400,-2.5853200,0.0771930,0.2774680,22.6400562,114.0099998,48.9960000,26669.0000000,0.0000000,2338.0000000,2338.0000000,26303493.151,-10473708.451,28312052.569,2.5865
1.0000000,25.8730000,-144.0892960,-9.2280450,208.6673600,-2.6493260,0.0791760,0.2813640,22.6400542,114.0099998,48.9730000,26775.0000000,0.0000000,2347.0000000,2347.0000000,26303492.929,-10473708.451,28312052.363,2.6505
1.0000000,25.9780000,-144.1019520,-9.2501040,208.6629120,-2.7135980,0.0813690,0.2852350,22.6400521,114.0099999,48.9510000,26880.0000000,0.0000000,2355.0000000,2356.0000000,26303492.696,-10473708.460,28312052.150,2.7148
1.0000000,26.0840000,-144.0443040,-9.1561570,208.6491520,-2.5267620,0.0763100,0.2697660,22.6400616,114.0099996,49.0310000,26986.0000000,0.0000000,2364.0000000,2365.0000000,26303493.750,-10473708.433,28312053.118,2.5279
1.0000000,26.1910000,-144.0627520,-9.1842220,208.6474720,-2.5910630,0.0785370,0.2732640,22.6400597,114.0099997,49.0080000,27093.0000000,0.0000000,2374.0000000,2374.0000000,26303493.539,-10473708.442,28312052.926,2.5923
1.0000000,26.2970000,-144.0819360,-9.2138040,208.6471680,-2.6546210,0.0803810,0.2771130,22.6400578,114.0099998,48.9860000,27199.0000000,0.0000000,2383.0000000,2384.0000000,26303493.328,-10473708.451,28312052.734,2.6558
1.0000000,26.4040000,-144.0951200,-9.2384140,208.6455200,-2.7195690,0.0824830,0.2811710,22.6400559,114.0099999,48.9620000,27306.0000000,0.0000000,2393.0000000,2394.0000000,26303493.118,-10473708.460,28312052.541,2.7208
1.0000000,26.5090000,-144.1054880,-9.2607180,208.6443040,-2.7842600,0.0846290,0.2852850,22.6400541,114.0100000,48.9330000,27411.0000000,0.0000000,2402.0000000,2403.0000000,26303492.918,-10473708.469,28312052.359,2.7855
1.0000000,26.6160000,-144.0482560,-9.1670190,208.6319840,-2.5938260,0.0792670,0.2695540,22.6400640,114.0099996,49.0140000,27518.0000000,0.0000000,2412.0000000,2413.0000000,26303494.016,-10473708.433,28312053.366,2.5950
1.0000000,26.7210000,-144.0671360,-9.1945680,208.6305440,-2.6575280,0.0813960,0.2730720,22.6400622,114.0099997,48.9920000,27624.0000000,0.0000000,2422.0000000,2423.0000000,26303493.816,-10473708.442,28312053.184,2.6588
1.0000000,26.8260000,-144.0841600,-9.2212080,208.6299840,-2.7208360,0.0834370,0.2768340,22.6400603,114.0099998,48.9690000,27729.0000000,0.0000000,2431.0000000,2432.0000000,26303493.606,-10473708.451,28312052.991,2.7221
1.0000000,26.9320000,-144.0962560,-9.2459930,208.6297760,-2.7852820,0.0853970,0.2807740,22.6400584,114.0099999,48.9460000,27835.0000000,0.0000000,2441.0000000,2442.0000000,26303493.395,-10473708.460,28312052.799,2.7866
1.0000000,27.0370000,-144.1081440,-9.2677110,208.6281440,-2.8500140,0.0875030,0.2843860,22.6400566,114.0100000,48.9240000,27940.0000000,0.0000000,2450.0000000,2451.0000000,26303493.195,-10473708.469,28312052.617,2.8514
1.0000000,27.1440000,-144.0495360,-9.1710510,208.6167840,-2.6552790,0.0818350,0.2685120,22.6400667,114.0099997,49.0050000,28047.0000000,0.0000000,2459.0000000,2460.0000000,26303494.316,-10473708.442,28312053.647,2.6565
1.0000000,27.2490000,-144.0695840,-9.1975050,208.6171520,-2.7183550,0.0839000,0.2721550,22.6400650,114.0099997,48.9830000,28152.0000000,0.0000000,2468.0000000,2469.0000000,26303494.127,-10473708.442,28312053.472,2.7196
1.0000000,27.3550000,-144.0873600,-9.2235480,208.6180480,-2.7823460,0.0860270,0.2758950,22.6400632,114.0099998,48.9610000,28258.0000000,0.0000000,2477.0000000,2478.0000000,26303493.927,-10473708.451,28312053.290,2.7837
1.0000000,27.4610000,-144.1014240,-9.2465080,208.6159520,-2.8467530,0.0879100,0.2797960,22.6400612,114.0099999,48.9380000,28364.0000000,0.0000000,2486.0000000,2487.0000000,26303493.706,-10473708.460,28312053.087,2.8481
1.0000000,27.5660000,-144.0400160,-9.1451460,208.6024320,-2.6485980,0.0819740,0.2641820,22.6400712,114.0099996,49.0190000,28469.0000000,0.0000000,2495.0000000,2496.0000000,26303494.815,-10473708.433,28312054.108,2.6499
1.0000000,27.6710000,-144.0517920,-9.1668160,208.6010080,-2.7115100,0.0843280,0.2677260,22.6400693,114.0099997,48.9970000,28574.0000000,0.0000000,2504.0000000,2505.0000000,26303494.604,-10473708.442,28312053.915,2.7128
1.0000000,27.7760000,-144.0673440,-9.1922540,208.6023200,-2.7747480,0.0867290,0.2711370,22.6400674,114.0099998,48.9750000,28679.0000000,0.0000000,2513.0000000,2513.0000000,26303494.393,-10473708.451,28312053.723,2.7761
1.0000000,27.8820000,-144.0865440,-9.2214230,208.6039840,-2.8387780,0.0886640,0.2747640,22.6400656,114.0099999,48.9530000,28785.0000000,0.0000000,2522.0000000,2523.0000000,26303494.194,-10473708.460,28312053.541,2.8402
1.0000000,27.9880000,-144.1008960,-9.2466610,208.6036800,-2.9033330,0.0906860,0.2784120,22.6400637,114.0099999,48.9300000,28891.0000000,0.0000000,2532.0000000,2532.0000000,26303493.983,-10473708.460,28312053.345,2.9047
1.0000000,28.0930000,-144.0394240,-9.1434470,208.5912960,-2.7009750,0.0843360,0.2629950,22.6400740,114.0099996,49.0120000,28996.0000000,0.0000000,2541.0000000,2542.0000000,26303495.125,-10473708.433,28312054.396,2.7023
1.0000000,28.1990000,-144.0515520,-9.1645960,208.5897120,-2.7643270,0.0868890,0.2664180,22.6400722,114.0099997,48.9900000,29102.0000000,0.0000000,2551.0000000,2552.0000000,26303494.926,-10473708.442,28312054.214,2.7657
1.0000000,28.3030000,-144.0650400,-9.1893870,208.5899680,-2.8275660,0.0891410,0.2698080,22.6400703,114.0099998,48.9680000,29207.0000000,0.0000000,2560.0000000,2561.0000000,26303494.715,-10473708.451,28312054.022,2.8290
1.0000000,28.4090000,-144.0830560,-9.2154660,208.5879040,-2.8915840,0.0912290,0.2733490,22.6400683,114.0099999,48.9460000,29313.0000000,0.0000000,2570.0000000,2571.0000000,26303494.493,-10473708.460,28312053.819,2.8930
1.0000000,28.5150000,-144.0967520,-9.2386950,208.5863840,-2.9557660,0.0932230,0.2768550,22.6400664,114.0100000,48.9230000,29419.0000000,0.0000000,2580.0000000,2580.0000000,26303494.282,-10473708.469,28312053.627,2.9572
1.0000000,28.6200000,-144.0332160,-9.1334300,208.5721280,-2.7497480,0.0868910,0.2615660,22.6400767,114.0099996,49.0050000,29524.0000000,0.0000000,2589.0000000,2590.0000000,26303495.425,-10473708.433,28312054.675,2.7511
1.0000000,28.7270000,-144.0423360,-9.1526770,208.5706880,-2.8135720,0.0892640,0.2649510,22.6400750,114.0099997,48.9830000,29631.0000000,0.0000000,2599.0000000,2599.0000000,26303495.236,-10473708.442,28312054.503,2.8150
1.0000000,28.8320000,-144.0568800,-9.1780170,208.5708800,-2.8765820,0.0915960,0.2682780,22.6400730,114.0099998,48.9610000,29736.0000000,0.0000000,2607.0000000,2608.0000000,26303495.014,-10473708.451,28312054.300,2.8780
1.0000000,28.9380000,-144.0764640,-9.2047390,208.5712800,-2.9402150,0.0935480,0.2718520,22.6400711,114.0099999,48.9390000,29842.0000000,0.0000000,2616.0000000,2617.0000000,26303494.804,-10473708.460,28312054.108,2.9417
1.0000000,29.0450000,-144.0903840,-9.2294510,208.5709760,-3.0047050,0.0955460,0.2755770,22.6400691,114.0100000,48.9170000,29949.0000000,0.0000000,2625.0000000,2626.0000000,26303494.582,-10473708.469,28312053.905,3.0062
1.0000000,29.1500000,-144.1014240,-9.2493730,208.5698560,-3.0690180,0.0978490,0.2790900,22.6400671,114.0100001,48.8950000,30054.0000000,0.0000000,2634.0000000,2635.0000000,26303494.360,-10473708.479,28312053.702,3.0706
1.0000000,29.2560000,-144.1101920,-9.2703760,208.5677920,-3.1346990,0.1002150,0.2826920,22.6400650,114.0100002,48.8720000,30160.0000000,0.0000000,2643.0000000,2644.0000000,26303494.127,-10473708.488,28312053.489,3.1363
1.0000000,29.3620000,-144.1253280,-9.2951860,208.5676000,-3.2006030,0.1026340,0.2860520,22.6400628,114.0100003,48.8490000,30266.0000000,0.0000000,2652.0000000,2653.0000000,26303493.883,-10473708.497,28312053.266,3.2022
1.0000000,29.4680000,-144.1421600,-9.3205080,208.5668320,-3.2665340,0.1046520,0.2898170,22.6400605,114.0100004,48.8270000,30372.0000000,0.0000000,2661.0000000,2662.0000000,26303493.628,-10473708.506,28312053.032,3.2682
1.0000000,29.5730000,-144.1549760,-9.3434930,208.5653440,-3.3323340,0.1066060,0.2935000,22.6400582,114.0100005,48.8040000,30477.0000000,0.0000000,2670.0000000,2671.0000000,26303493.373,-10473708.515,28312052.799,3.3340
1.0000000,29.6790000,-144.1630560,-9.3638320,208.5643520,-3.3996440,0.1089860,0.2972090,22.6400558,114.0100006,48.7800000,30583.0000000,0.0000000,2680.0000000,2681.0000000,26303493.106,-10473708.524,28312052.555,3.4014
1.0000000,29.7840000,-144.1753120,-9.3858240,208.5621920,-3.4669850,0.1114650,0.3008070,22.6400533,114.0100007,48.7570000,30688.0000000,0.0000000,2689.0000000,2690.0000000,26303492.829,-10473708.534,28312052.300,3.4688
1.0000000,29.8900000,-144.1916320,-9.4098590,208.5616320,-3.5352300,0.1138430,0.3042310,22.6400506,114.0100009,48.7340000,30794.0000000,0.0000000,2699.0000000,2700.0000000,26303492.530,-10473708.552,28312052.029,3.5371
1.0000000,29.9950000,-144.2109760,-9.4350670,208.5625920,-3.6036220,0.1159940,0.3078940,22.6400482,114.0100010,48.7110000,30900.0000000,0.0000000,2709.0000000,2709.0000000,26303492.263,-10473708.561,28312051.785,3.6055
1.0000000,30.1000000,-144.2252960,-9.4589310,208.5620960,-3.6718960,0.1180710,0.3114490,22.6400456,114.0100011,48.6870000,31005.0000000,0.0000000,2718.0000000,2719.0000000,26303491.975,-10473708.570,28312051.520,3.6738
1.0000000,30.2060000,-144.2354560,-9.4777760,208.5595200,-3.7414350,0.1205100,0.3155480,22.6400429,114.0100012,48.6630000,31111.0000000,0.0000000,2728.0000000,2729.0000000,26303491.675,-10473708.580,28312051.246,3.7434
1.0000000,30.3120000,-144.2465440,-9.4997510,208.5586720,-3.8117520,0.1231500,0.3192470,22.6400400,114.0100013,48.6390000,31217.0000000,0.0000000,2737.0000000,2738.0000000,26303491.354,-10473708.589,28312050.950,3.8137
1.0000000,30.4170000,-144.2612160,-9.5257420,208.5599360,-3.8818810,0.1255580,0.3227750,22.6400372,114.0100015,48.6140000,31322.0000000,0.0000000,2746.0000000,2747.0000000,26303491.043,-10473708.607,28312050.668,3.8839
1.0000000,30.5230000,-144.2802560,-9.5524410,208.5584640,-3.9528500,0.1277970,0.3264580,22.6400343,114.0100016,48.5900000,31428.0000000,0.0000000,2755.0000000,2756.0000000,26303490.721,-10473708.616,28312050.373,3.9549
1.0000000,30.6290000,-144.2959200,-9.5767630,208.5581280,-4.0241420,0.1301040,0.3302430,22.6400314,114.0100017,48.5650000,31534.0000000,0.0000000,2764.0000000,2765.0000000,26303490.400,-10473708.625,28312050.077,4.0262
1.0000000,30.7340000,-144.3070560,-9.5982250,208.5575680,-4.0953260,0.1324820,0.3343670,22.6400285,114.0100019,48.5400000,31639.0000000,0.0000000,2773.0000000,2774.0000000,26303490.078,-10473708.644,28312049.785,4.0975
1.0000000,30.8390000,-144.3162240,-9.6182330,208.5574400,-4.1674700,0.1349900,0.3382720,22.6400255,114.0100020,48.5160000,31744.0000000,0.0000000,2782.0000000,2782.0000000,26303489.745,-10473708.653,28312049.479,4.1697
1.0000000,30.9450000,-144.3312000,-9.6425500,208.5560480,-4.2409990,0.1374890,0.3418570,22.6400225,114.0100021,48.4910000,31850.0000000,0.0000000,2791.0000000,2791.0000000,26303489.412,-10473708.662,28312049.174,4.2432
1.0000000,31.0510000,-144.3496480,-9.6691470,208.5584000,-4.3145210,0.1400070,0.3453660,22.6400195,114.0100023,48.4660000,31956.0000000,0.0000000,2800.0000000,2800.0000000,26303489.080,-10473708.681,28312048.871,4.3168
1.0000000,31.1570000,-144.3663520,-9.6937900,208.5585920,-4.3881430,0.1422820,0.3494920,22.6400163,114.0100024,48.4410000,32062.0000000,0.0000000,2809.0000000,2810.0000000,26303488.725,-10473708.690,28312048.545,4.3904
1.0000000,31.2630000,-144.3775040,-9.7143600,208.5582560,-4.4624290,0.1446140,0.3535290,22.6400131,114.0100026,48.4160000,32168.0000000,0.0000000,2819.0000000,2819.0000000,26303488.370,-10473708.708,28312048.222,4.4648
1.0000000,31.3680000,-144.3874720,-9.7342290,208.5594880,-4.5369420,0.1471970,0.3573750,22.6400099,114.0100027,48.3910000,32273.0000000,0.0000000,2828.0000000,2829.0000000,26303488.015,-10473708.717,28312047.896,4.5393
1.0000000,31.4740000,-144.4012320,-9.7579980,208.5603040,-4.6128970,0.1498680,0.3617460,22.6400064,114.0100029,48.3520000,32379.0000000,0.0000000,2838.0000000,2838.0000000,26303487.626,-10473708.736,28312047.542,4.6153
1.0000000,31.5800000,-144.2450560,-9.4927660,208.5304960,-4.0524980,0.1318180,0.3258960,22.6400335,114.0100019,48.5320000,32485.0000000,0.0000000,2847.0000000,2848.0000000,26303490.633,-10473708.644,28312050.301,4.0546
1.0000000,31.6860000,-144.2602720,-9.5162760,208.5296320,-4.1230900,0.1339610,0.3296660,22.6400305,114.0100020,48.5070000,32592.0000000,0.0000000,2857.0000000,2858.0000000,26303490.300,-10473708.653,28312049.995,4.1253
1.0000000,31.7920000,-144.2696000,-9.5356650,208.5292480,-4.1937400,0.1361980,0.3336150,22.6400274,114.0100021,48.4830000,32698.0000000,0.0000000,2867.0000000,2867.0000000,26303489.956,-10473708.662,28312049.679,4.1960
1.0000000,31.8970000,-144.2795360,-9.5549450,208.5293440,-4.2644950,0.1389190,0.3372010,22.6400243,114.0100023,48.4580000,32803.0000000,0.0000000,2876.0000000,2877.0000000,26303489.612,-10473708.681,28312049.366,4.2668
1.0000000,32.0040000,-144.2947840,-9.5787320,208.5325120,-4.3371970,0.1415020,0.3407230,22.6400212,114.0100024,48.4330000,32910.0000000,0.0000000,2886.0000000,2886.0000000,26303489.268,-10473708.690,28312049.050,4.3395
1.0000000,32.1090000,-144.3132000,-9.6028680,208.5334400,-4.4085480,0.1437790,0.3443550,22.6400182,114.0100026,48.4090000,33015.0000000,0.0000000,2894.0000000,2895.0000000,26303488.935,-10473708.708,28312048.748,4.4109
1.0000000,32.2150000,-144.3275840,-9.6259360,208.5331200,-4.4808260,0.1461110,0.3481430,22.6400148,114.0100027,48.3840000,33121.0000000,0.0000000,2903.0000000,2904.0000000,26303488.558,-10473708.717,28312048.401,4.4832
1.0000000,32.3220000,-144.3354240,-9.6447750,208.5304640,-4.5546120,0.1486450,0.3521840,22.6400112,114.0100029,48.3580000,33228.0000000,0.0000000,2912.0000000,2913.0000000,26303488.159,-10473708.736,28312048.036,4.5570
1.0000000,32.4270000,-144.3475200,-9.6638690,208.5283840,-4.6277550,0.1514130,0.3558140,22.6400077,114.0100030,48.3330000,33333.0000000,0.0000000,2921.0000000,2922.0000000,26303487.771,-10473708.745,28312047.679,4.6302
1.0000000,32.5330000,-144.3633440,-9.6881700,208.5279360,-4.7019390,0.1541020,0.3592860,22.6400041,114.0100032,48.3080000,33439.0000000,0.0000000,2930.0000000,2931.0000000,26303487.371,-10473708.763,28312047.315,4.7045
1.0000000,32.6390000,-144.3817280,-9.7120610,208.5269120,-4.7760620,0.1566800,0.3631370,22.6400002,114.0100033,48.2830000,33545.0000000,0.0000000,2939.0000000,2940.0000000,26303486.939,-10473708.772,28312046.916,4.7786
1.0000000,32.7450000,-144.3957600,-9.7322140,208.5248320,-4.8506530,0.1590940,0.3670010,22.6399963,114.0100035,48.2570000,33651.0000000,0.0000000,2948.0000000,2949.0000000,26303486.506,-10473708.791,28312046.521,4.8533
1.0000000,32.8500000,-144.4055680,-9.7516410,208.5231680,-4.9253490,0.1617820,0.3707040,22.6399926,114.0100036,48.2320000,33756.0000000,0.0000000,2957.0000000,2958.0000000,26303486.096,-10473708.800,28312046.143,4.9280
1.0000000,32.9560000,-144.4150080,-9.7710010,208.5223520,-5.0015270,0.1646130,0.3745160,22.6399889,114.0100038,48.2060000,33862.0000000,0.0000000,2967.0000000,2968.0000000,26303485.685,-10473708.818,28312045.769,5.0042
1.0000000,33.0620000,-144.4320160,-9.7962450,208.5248480,-5.0779070,0.1675160,0.3780280,22.6399851,114.0100040,48.1800000,33968.0000000,0.0000000,2977.0000000,2977.0000000,26303485.264,-10473708.837,28312045.384,5.0807
1.0000000,33.1670000,-144.4489440,-9.8207440,208.5250080,-5.1537220,0.1700710,0.3818350,22.6399811,114.0100041,48.1540000,34073.0000000,0.0000000,2986.0000000,2987.0000000,26303484.820,-10473708.846,28312044.975,5.1565
1.0000000,33.2720000,-144.4640000,-9.8435420,208.5260960,-5.2306300,0.1727010,0.3857270,22.6399770,114.0100043,48.1280000,34179.0000000,0.0000000,2996.0000000,2996.0000000,26303484.365,-10473708.864,28312044.559,5.2335
1.0000000,33.3770000,-144.4734880,-9.8637720,208.5250720,-5.3075810,0.1753410,0.3896690,22.6399731,114.0100045,48.1030000,34284.0000000,0.0000000,3005.0000000,3006.0000000,26303483.932,-10473708.883,28312044.164,5.3105
1.0000000,33.4830000,-144.4821440,-9.8821210,208.5241600,-5.3860150,0.1784640,0.3933600,22.6399689,114.0100047,48.0770000,34390.0000000,0.0000000,3015.0000000,3016.0000000,26303483.467,-10473708.901,28312043.738,5.3890
1.0000000,33.5890000,-144.4987520,-9.9057050,208.5243680,-5.4648840,0.1813980,0.3970500,22.6399645,114.0100048,48.0500000,34496.0000000,0.0000000,3025.0000000,3025.0000000,26303482.978,-10473708.910,28312043.288,5.4679
1.0000000,33.6940000,-144.5159840,-9.9310550,208.5248000,-5.5430780,0.1840330,0.4008220,22.6399602,114.0100050,48.0240000,34601.0000000,0.0000000,3034.0000000,3034.0000000,26303482.501,-10473708.929,28312042.852,5.5461
1.0000000,33.8000000,-144.5302400,-9.9534830,208.5258240,-5.6223540,0.1866350,0.4046740,22.6399558,114.0100052,47.9970000,34707.0000000,0.0000000,3043.0000000,3043.0000000,26303482.013,-10473708.947,28312042.405,5.6255
1.0000000,33.9050000,-144.5406240,-9.9735140,208.5245120,-5.7014650,0.1893980,0.4088260,22.6399514,114.0100054,47.9710000,34812.0000000,0.0000000,3051.0000000,3052.0000000,26303481.525,-10473708.965,28312041.958,5.7046
1.0000000,34.0110000,-144.5498560,-9.9928360,208.5228160,-5.7822650,0.1925440,0.4126160,22.6399468,114.0100056,47.9440000,34918.0000000,0.0000000,3060.0000000,3061.0000000,26303481.015,-10473708.984,28312041.491,5.7855
1.0000000,34.1180000,-144.5659680,-10.0166730,208.5226400,-5.8642370,0.1955770,0.4164140,22.6399420,114.0100058,47.9170000,35025.0000000,0.0000000,3069.0000000,3070.0000000,26303480.483,-10473709.002,28312041.003,5.8675
1.0000000,34.2230000,-144.5824160,-10.0412970,208.5226720,-5.9447210,0.1983330,0.4201850,22.6399374,114.0100060,47.8900000,35130.0000000,0.0000000,3078.0000000,3079.0000000,26303479.972,-10473709.021,28312040.536,5.9480
1.0000000,34.3290000,-144.5970880,-10.0629340,208.5192960,-6.0262310,0.2011280,0.4241070,22.6399324,114.0100062,47.8620000,35236.0000000,0.0000000,3087.0000000,3088.0000000,26303479.418,-10473709.039,28312040.027,6.0296
1.0000000,34.4360000,-144.6044800,-10.0799430,208.5171360,-6.1092100,0.2041770,0.4283930,22.6399275,114.0100064,47.8340000,35343.0000000,0.0000000,3096.0000000,3097.0000000,26303478.874,-10473709.057,28312039.529,6.1126
1.0000000,34.5410000,-144.6151200,-10.1012680,208.5165120,-6.1912810,0.2073150,0.4322350,22.6399224,114.0100066,47.8070000,35448.0000000,0.0000000,3105.0000000,3106.0000000,26303478.308,-10473709.076,28312039.010,6.1948
1.0000000,34.6470000,-144.3283200,-9.6244750,208.4646880,-5.1025690,0.1711730,0.3669350,22.6399804,114.0100044,48.1330000,35554.0000000,0.0000000,3115.0000000,3115.0000000,26303484.742,-10473708.874,28312044.913,5.1054
1.0000000,34.7520000,-144.3441120,-9.6474860,208.4636640,-5.1748920,0.1735950,0.3702900,22.6399764,114.0100046,48.1090000,35659.0000000,0.0000000,3124.0000000,3125.0000000,26303484.299,-10473708.892,28312044.508,5.1778
1.0000000,34.8580000,-144.3594720,-9.6692830,208.4628480,-5.2481860,0.1761320,0.3736740,22.6399724,114.0100048,48.0850000,35765.0000000,0.0000000,3134.0000000,3135.0000000,26303483.855,-10473708.910,28312044.102,5.2511
1.0000000,34.9640000,-144.3680160,-9.6870380,208.4609600,-5.3221810,0.1787880,0.3774470,22.6399683,114.0100049,48.0610000,35871.0000000,0.0000000,3144.0000000,3144.0000000,26303483.400,-10473708.919,28312043.683,5.3252
1.0000000,35.0680000,-144.3773120,-9.7041880,208.4592160,-5.3961890,0.1817300,0.3807850,22.6399641,114.0100051,48.0370000,35976.0000000,0.0000000,3153.0000000,3154.0000000,26303482.934,-10473708.938,28312043.257,5.3992
1.0000000,35.1740000,-144.3908480,-9.7261250,208.4609760,-5.4713230,0.1844540,0.3840920,22.6399600,114.0100053,48.0120000,36082.0000000,0.0000000,3163.0000000,3163.0000000,26303482.479,-10473708.956,28312042.841,5.4744
1.0000000,35.2790000,-144.4098080,-9.7494240,208.4619360,-5.5457790,0.1870510,0.3873570,22.6399559,114.0100055,47.9880000,36187.0000000,0.0000000,3172.0000000,3173.0000000,26303482.024,-10473708.975,28312042.425,5.5489
1.0000000,35.3850000,-144.4229280,-9.7704770,208.4625120,-5.6212580,0.1896230,0.3919840,22.6399515,114.0100057,47.9470000,36293.0000000,0.0000000,3182.0000000,3182.0000000,26303481.536,-10473708.993,28312041.979,5.6245
1.0000000,35.4910000,-144.4320000,-9.7892230,208.4604640,-5.6972590,0.1924300,0.3957610,22.6399469,114.0100059,47.9220000,36399.0000000,0.0000000,3191.0000000,3191.0000000,26303481.026,-10473709.011,28312041.511,5.7005
1.0000000,35.5980000,-144.4415360,-9.8070140,208.4586240,-5.7748560,0.1956220,0.3992500,22.6399421,114.0100061,47.8970000,36506.0000000,0.0000000,3200.0000000,3200.0000000,26303480.494,-10473709.030,28312041.024,5.7782
1.0000000,35.7050000,-144.4571680,-9.8307760,208.4563200,-5.8528140,0.1986920,0.4023940,22.6399372,114.0100063,47.8710000,36613.0000000,0.0000000,3209.0000000,3209.0000000,26303479.950,-10473709.048,28312040.525,5.8562
1.0000000,35.8120000,-144.4740000,-9.8553260,208.4558880,-5.9305520,0.2013850,0.4060160,22.6399323,114.0100065,47.8460000,36720.0000000,0.0000000,3218.0000000,3218.0000000,26303479.406,-10473709.066,28312040.027,5.9340
1.0000000,35.9190000,-144.4841920,-9.8739380,208.4540480,-6.0089640,0.2041260,0.4097760,22.6399274,114.0100067,47.8200000,36827.0000000,0.0000000,3227.0000000,3227.0000000,26303478.863,-10473709.085,28312039.529,6.0124
1.0000000,36.0260000,-144.4910400,-9.8913120,208.4527040,-6.0883220,0.2072140,0.4131830,22.6399226,114.0100069,47.7950000,36934.0000000,0.0000000,3236.0000000,3236.0000000,26303478.330,-10473709.103,28312039.041,6.0918
1.0000000,36.1320000,-144.5040800,-9.9125470,208.4518720,-6.1674090,0.2102510,0.4166200,22.6399178,114.0100071,47.7690000,37040.0000000,0.0000000,3244.0000000,3245.0000000,26303477.798,-10473709.122,28312038.553,6.1710
1.0000000,36.2400000,-144.5218080,-9.9380550,208.4538560,-6.2478140,0.2130030,0.4189510,22.6399130,114.0100073,47.7630000,37148.0000000,0.0000000,3254.0000000,3255.0000000,26303477.266,-10473709.140,28312038.065,6.2514
1.0000000,36.3460000,-144.5335040,-9.9583890,208.4547200,-6.3272430,0.2156560,0.4238480,22.6399085,114.0100075,47.7180000,37254.0000000,0.0000000,3264.0000000,3264.0000000,26303476.766,-10473709.158,28312037.608,6.3309
1.0000000,36.4520000,-144.5427840,-9.9741660,208.4535040,-6.4075110,0.2186140,0.4275410,22.6399035,114.0100077,47.6930000,37360.0000000,0.0000000,3273.0000000,3274.0000000,26303476.212,-10473709.177,28312037.100,6.4112
1.0000000,36.5590000,-144.5544480,-9.9936720,208.4530560,-6.4893070,0.2218340,0.4310020,22.6398983,114.0100079,47.6670000,37467.0000000,0.0000000,3283.0000000,3284.0000000,26303475.635,-10473709.195,28312036.571,6.4931
1.0000000,36.6640000,-144.5701280,-10.0168930,208.4518880,-6.5701460,0.2248830,0.4343970,22.6398930,114.0100081,47.6410000,37573.0000000,0.0000000,3293.0000000,3293.0000000,26303475.047,-10473709.213,28312036.031,6.5740
1.0000000,36.7690000,-144.5840000,-10.0392060,208.4517920,-6.6502320,0.2276710,0.4381010,22.6398876,114.0100084,47.6160000,37678.0000000,0.0000000,3302.0000000,3303.0000000,26303474.448,-10473709.241,28312035.485,6.6541
1.0000000,36.8750000,-144.5947040,-10.0594690,208.4526080,-6.7317070,0.2305540,0.4420550,22.6398822,114.0100086,47.5900000,37784.0000000,0.0000000,3312.0000000,3313.0000000,26303473.849,-10473709.259,28312034.935,6.7357
1.0000000,36.9800000,-144.6015520,-10.0771010,208.4521440,-6.8133000,0.2335850,0.4456390,22.6398767,114.0100088,47.5650000,37889.0000000,0.0000000,3321.0000000,3322.0000000,26303473.239,-10473709.278,28312034.375,6.8173
1.0000000,37.0860000,-144.6148480,-10.0977980,208.4516960,-6.8963960,0.2367630,0.4489130,22.6398711,114.0100091,47.5390000,37995.0000000,0.0000000,3330.0000000,3331.0000000,26303472.618,-10473709.305,28312033.808,6.9005
1.0000000,37.1920000,-144.6317600,-10.1211310,208.4509600,-6.9793260,0.2399360,0.4523310,22.6398652,114.0100093,47.5140000,38101.0000000,0.0000000,3339.0000000,3340.0000000,26303471.963,-10473709.324,28312033.207,6.9834
1.0000000,37.2990000,-144.6463200,-10.1447050,208.4498240,-7.0632140,0.2427460,0.4562050,22.6398594,114.0100095,47.4870000,38208.0000000,0.0000000,3348.0000000,3349.0000000,26303471.320,-10473709.342,28312032.616,7.0674
1.0000000,37.4040000,-144.6558080,-10.1639240,208.4495040,-7.1460660,0.2457450,0.4599310,22.6398539,114.0100098,47.4620000,38313.0000000,0.0000000,3357.0000000,3358.0000000,26303470.710,-10473709.370,28312032.059,7.1503
1.0000000,37.5100000,-144.6633440,-10.1802780,208.4484320,-7.2306550,0.2490240,0.4635980,22.6398480,114.0100100,47.4360000,38419.0000000,0.0000000,3366.0000000,3367.0000000,26303470.055,-10473709.388,28312031.458,7.2349
1.0000000,37.6160000,-144.2672160,-9.5192930,208.3779360,-5.6017220,0.1932210,0.3686350,22.6399459,114.0100063,47.9240000,38525.0000000,0.0000000,3375.0000000,3376.0000000,26303480.915,-10473709.048,28312041.422,5.6051
1.0000000,37.7230000,-144.2837440,-9.5413120,208.3773280,-5.6731660,0.1958580,0.3715840,22.6399415,114.0100065,47.9020000,38632.0000000,0.0000000,3384.0000000,3385.0000000,26303480.427,-10473709.066,28312040.975,5.6765
1.0000000,37.8280000,-144.2958240,-9.5607270,208.3770880,-5.7435060,0.1984880,0.3744890,22.6399371,114.0100067,47.8810000,38737.0000000,0.0000000,3393.0000000,3394.0000000,26303479.939,-10473709.085,28312040.529,5.7469
1.0000000,37.9340000,-144.3040320,-9.5757380,208.3771040,-5.8151130,0.2011340,0.3777430,22.6399327,114.0100069,47.8590000,38843.0000000,0.0000000,3403.0000000,3403.0000000,26303479.451,-10473709.103,28312040.082,5.8186
1.0000000,38.0390000,-144.3105440,-9.5907880,208.3754400,-5.8867600,0.2041000,0.3808090,22.6399282,114.0100071,47.8380000,38948.0000000,0.0000000,3412.0000000,3413.0000000,26303478.952,-10473709.122,28312039.625,5.8903
1.0000000,38.1450000,-144.3222400,-9.6084070,208.3767680,-5.9595370,0.2068150,0.3835470,22.6399236,114.0100073,47.8160000,39054.0000000,0.0000000,3422.0000000,3423.0000000,26303478.441,-10473709.140,28312039.158,5.9631
1.0000000,38.2500000,-144.3384160,-9.6298420,208.3767200,-6.0316510,0.2096000,0.3862130,22.6399189,114.0100075,47.7960000,39159.0000000,0.0000000,3431.0000000,3432.0000000,26303477.920,-10473709.158,28312038.680,6.0353
1.0000000,38.3550000,-144.3504800,-9.6498040,208.3749600,-6.1044800,0.2121510,0.3894630,22.6399140,114.0100077,47.7740000,39265.0000000,0.0000000,3441.0000000,3442.0000000,26303477.376,-10473709.177,28312038.182,6.1082
1.0000000,38.4610000,-144.3583360,-9.6648770,208.3738560,-6.1778370,0.2148760,0.3927570,22.6399092,114.0100079,47.7520000,39371.0000000,0.0000000,3451.0000000,3451.0000000,26303476.844,-10473709.195,28312037.694,6.1816
1.0000000,38.5660000,-144.3664640,-9.6813030,208.3719360,-6.2512270,0.2178720,0.3959110,22.6399041,114.0100081,47.7300000,39476.0000000,0.0000000,3460.0000000,3461.0000000,26303476.278,-10473709.213,28312037.175,6.2550
1.0000000,38.6720000,-144.3761760,-9.7012400,208.3724000,-6.3259810,0.2207640,0.3986240,22.6398990,114.0100083,47.7090000,39582.0000000,0.0000000,3470.0000000,3471.0000000,26303475.712,-10473709.232,28312036.656,6.3298
1.0000000,38.7770000,-144.3929120,-9.7218540,208.3729280,-6.3999140,0.2236730,0.4013510,22.6398941,114.0100085,47.6880000,39687.0000000,0.0000000,3479.0000000,3479.0000000,26303475.169,-10473709.250,28312036.158,6.4038
1.0000000,38.8820000,-144.4053440,-9.7404430,208.3725760,-6.4739950,0.2264170,0.4045860,22.6398889,114.0100088,47.6660000,39792.0000000,0.0000000,3487.0000000,3488.0000000,26303474.592,-10473709.278,28312035.632,6.4780
1.0000000,38.9880000,-144.4144160,-9.7564170,208.3712000,-6.5491980,0.2291420,0.4079520,22.6398838,114.0100090,47.6440000,39898.0000000,0.0000000,3496.0000000,3497.0000000,26303474.026,-10473709.296,28312035.114,6.5532
1.0000000,39.0950000,-144.4213280,-9.7723160,208.3700640,-6.6260470,0.2322560,0.4109420,22.6398783,114.0100092,47.6230000,40005.0000000,0.0000000,3505.0000000,3506.0000000,26303473.416,-10473709.314,28312034.554,6.6301
1.0000000,39.2000000,-144.4328320,-9.7917140,208.3695040,-6.7018780,0.2352010,0.4137430,22.6398728,114.0100094,47.6010000,40110.0000000,0.0000000,3514.0000000,3515.0000000,26303472.806,-10473709.333,28312033.994,6.7060
1.0000000,39.3060000,-144.4469600,-9.8132800,208.3687360,-6.7783910,0.2381070,0.4165780,22.6398673,114.0100097,47.5800000,40216.0000000,0.0000000,3523.0000000,3524.0000000,26303472.196,-10473709.360,28312033.437,6.7826
1.0000000,39.4120000,-144.4604480,-9.8312980,208.3670720,-6.8549720,0.2408530,0.4196490,22.6398617,114.0100099,47.5590000,40322.0000000,0.0000000,3532.0000000,3533.0000000,26303471.575,-10473709.379,28312032.867,6.8592
1.0000000,39.5180000,-144.4684800,-9.8459260,208.3665280,-6.9321910,0.2437610,0.4229300,22.6398560,114.0100102,47.5380000,40428.0000000,0.0000000,3541.0000000,3542.0000000,26303470.942,-10473709.406,28312032.289,6.9365
1.0000000,39.6240000,-144.4752640,-9.8628010,208.3670080,-7.0102030,0.2468520,0.4258260,22.6398506,114.0100104,47.5160000,40534.0000000,0.0000000,3551.0000000,3551.0000000,26303470.343,-10473709.425,28312031.740,7.0145
1.0000000,39.7300000,-144.4882240,-9.8838620,208.3675840,-7.0885790,0.2498700,0.4286920,22.6398449,114.0100106,47.4940000,40640.0000000,0.0000000,3560.0000000,3561.0000000,26303469.711,-10473709.443,28312031.159,7.0930
1.0000000,39.8360000,-144.5014560,-9.9050900,208.3680320,-7.1667920,0.2526500,0.4317920,22.6398392,114.0100109,47.4720000,40746.0000000,0.0000000,3570.0000000,3571.0000000,26303469.079,-10473709.471,28312030.582,7.1712
1.0000000,39.9410000,-144.5136640,-9.9230400,208.3682240,-7.2446750,0.2554760,0.4348010,22.6398334,114.0100111,47.4500000,40851.0000000,0.0000000,3579.0000000,3580.0000000,26303468.435,-10473709.489,28312029.991,7.2492
1.0000000,40.0460000,-144.5190560,-9.9374530,208.3681920,-7.3239280,0.2583900,0.4381060,22.6398278,114.0100114,47.4280000,40957.0000000,0.0000000,3589.0000000,3590.0000000,26303467.814,-10473709.517,28312029.424,7.3285
1.0000000,40.1520000,-144.5270240,-9.9555160,208.3701760,-7.4039130,0.2614860,0.4412160,22.6398219,114.0100116,47.4060000,41063.0000000,0.0000000,3599.0000000,3599.0000000,26303467.160,-10473709.535,28312028.822,7.4085
1.0000000,40.2570000,-144.5403840,-9.9750380,208.3706240,-7.4831760,0.2646250,0.4440500,22.6398160,114.0100119,47.3850000,41168.0000000,0.0000000,3608.0000000,3609.0000000,26303466.505,-10473709.563,28312028.225,7.4879
1.0000000,40.3630000,-144.5535520,-9.9956490,208.3700160,-7.5632030,0.2675460,0.4472250,22.6398099,114.0100121,47.3640000,41274.0000000,0.0000000,3618.0000000,3619.0000000,26303465.829,-10473709.581,28312027.603,7.5679
1.0000000,40.4680000,-144.5656320,-10.0127670,208.3686880,-7.6428670,0.2702350,0.4503510,22.6398037,114.0100124,47.3420000,41379.0000000,0.0000000,3627.0000000,3628.0000000,26303465.141,-10473709.608,28312026.974,7.6476
1.0000000,40.5730000,-144.1080480,-9.2531630,208.2892960,-5.6344540,0.1993680,0.3391080,22.6399386,114.0100072,47.9370000,41484.0000000,0.0000000,3636.0000000,3636.0000000,26303480.105,-10473709.131,28312040.700,5.6380
1.0000000,40.6780000,-144.1155520,-9.2683690,208.2898240,-5.6993090,0.2020970,0.3415340,22.6399344,114.0100073,47.9210000,41589.0000000,0.0000000,3645.0000000,3646.0000000,26303479.639,-10473709.140,28312040.271,5.7029
1.0000000,40.7840000,-144.1255040,-9.2852660,208.2894400,-5.7651260,0.2045790,0.3439670,22.6399302,114.0100075,47.9040000,41695.0000000,0.0000000,3654.0000000,3655.0000000,26303479.174,-10473709.158,28312039.845,5.7688
1.0000000,40.8900000,-144.1412000,-9.3051570,208.2933120,-5.8309410,0.2070120,0.3464740,22.6399260,114.0100077,47.8870000,41801.0000000,0.0000000,3663.0000000,3664.0000000,26303478.708,-10473709.177,28312039.419,5.8346
1.0000000,40.9950000,-144.1514240,-9.3207860,208.2924160,-5.8963450,0.2093250,0.3489990,22.6399217,114.0100080,47.8700000,41906.0000000,0.0000000,3672.0000000,3673.0000000,26303478.231,-10473709.204,28312038.986,5.9001
1.0000000,41.1000000,-144.1579040,-9.3331080,208.2907680,-5.9623560,0.2119520,0.3515910,22.6399172,114.0100082,47.8540000,42011.0000000,0.0000000,3681.0000000,3681.0000000,26303477.731,-10473709.223,28312038.529,5.9661
1.0000000,41.2060000,-144.1640640,-9.3480120,208.2888320,-6.0296530,0.2147230,0.3541700,22.6399123,114.0100084,47.8360000,42117.0000000,0.0000000,3690.0000000,3690.0000000,26303477.188,-10473709.241,28312038.030,6.0335
1.0000000,41.3110000,-144.1744800,-9.3651660,208.2872800,-6.0965240,0.2175180,0.3563410,22.6399074,114.0100086,47.8190000,42222.0000000,0.0000000,3698.0000000,3699.0000000,26303476.644,-10473709.259,28312037.532,6.1004
1.0000000,41.4180000,-144.1873440,-9.3845730,208.2883520,-6.1643870,0.2200480,0.3590210,22.6399027,114.0100088,47.8010000,42329.0000000,0.0000000,3708.0000000,3709.0000000,26303476.123,-10473709.278,28312037.055,6.1683
1.0000000,41.5240000,-144.1969440,-9.4001180,208.2893600,-6.2319790,0.2224720,0.3617220,22.6398979,114.0100090,47.7840000,42435.0000000,0.0000000,3718.0000000,3718.0000000,26303475.590,-10473709.296,28312036.567,6.2359
1.0000000,41.6290000,-144.2039040,-9.4127870,208.2883840,-6.2998360,0.2250030,0.3642810,22.6398930,114.0100092,47.7660000,42540.0000000,0.0000000,3727.0000000,3728.0000000,26303475.047,-10473709.314,28312036.069,6.3039
1.0000000,41.7360000,-144.2106240,-9.4268800,208.2867360,-6.3696100,0.2279340,0.3666860,22.6398879,114.0100095,47.7480000,42647.0000000,0.0000000,3737.0000000,3738.0000000,26303474.481,-10473709.342,28312035.553,6.3737
1.0000000,41.8410000,-144.2242880,-9.4465620,208.2878240,-6.4386060,0.2308050,0.3704510,22.6398829,114.0100097,47.7090000,42753.0000000,0.0000000,3747.0000000,3747.0000000,26303473.927,-10473709.360,28312035.045,6.4427
1.0000000,41.9470000,-144.2368000,-9.4643810,208.2876800,-6.5074720,0.2333100,0.3733140,22.6398778,114.0100099,47.6910000,42859.0000000,0.0000000,3756.0000000,3757.0000000,26303473.361,-10473709.379,28312034.526,6.5117
1.0000000,42.0530000,-144.2420320,-9.4784670,208.2864800,-6.5767770,0.2359000,0.3761470,22.6398727,114.0100101,47.6740000,42965.0000000,0.0000000,3766.0000000,3767.0000000,26303472.795,-10473709.397,28312034.007,6.5810
1.0000000,42.1580000,-144.2483840,-9.4903830,208.2864000,-6.6462340,0.2386220,0.3786040,22.6398677,114.0100104,47.6580000,43070.0000000,0.0000000,3775.0000000,3776.0000000,26303472.240,-10473709.425,28312033.502,6.6505
1.0000000,42.2640000,-144.2577760,-9.5065200,208.2877760,-6.7169940,0.2414730,0.3808590,22.6398626,114.0100106,47.6410000,43176.0000000,0.0000000,3785.0000000,3786.0000000,26303471.675,-10473709.443,28312032.983,6.7213
1.0000000,42.3690000,-144.2706720,-9.5235190,208.2877920,-6.7868580,0.2442130,0.3831190,22.6398574,114.0100108,47.6240000,43281.0000000,0.0000000,3794.0000000,3794.0000000,26303471.098,-10473709.461,28312032.454,6.7913
1.0000000,42.4740000,-144.2829760,-9.5414280,208.2869440,-6.8566960,0.2467920,0.3857750,22.6398521,114.0100111,47.6070000,43386.0000000,0.0000000,3802.0000000,3803.0000000,26303470.510,-10473709.489,28312031.918,6.8611
1.0000000,42.5800000,-144.2903360,-9.5553190,208.2864480,-6.9275120,0.2493970,0.3885960,22.6398467,114.0100113,47.5900000,43492.0000000,0.0000000,3811.0000000,3812.0000000,26303469.911,-10473709.507,28312031.368,6.9320
1.0000000,42.6870000,-144.2949600,-9.5675380,208.2836800,-6.9999840,0.2522280,0.3911680,22.6398412,114.0100116,47.5720000,43599.0000000,0.0000000,3820.0000000,3821.0000000,26303469.301,-10473709.535,28312030.812,7.0045
1.0000000,42.7920000,-144.3049920,-9.5829480,208.2840480,-7.0715680,0.2551120,0.3933610,22.6398357,114.0100118,47.5560000,43704.0000000,0.0000000,3829.0000000,3830.0000000,26303468.691,-10473709.553,28312030.252,7.0762
1.0000000,42.8980000,-144.3183520,-9.6012640,208.2843840,-7.1437090,0.2580190,0.3957410,22.6398299,114.0100121,47.5390000,43810.0000000,0.0000000,3838.0000000,3839.0000000,26303468.047,-10473709.581,28312029.664,7.1484
1.0000000,43.0040000,-144.3315360,-9.6174140,208.2833120,-7.2157780,0.2606500,0.3985240,22.6398241,114.0100123,47.5220000,43916.0000000,0.0000000,3847.0000000,3848.0000000,26303467.404,-10473709.599,28312029.073,7.2205
1.0000000,43.1100000,-144.3380800,-9.6318400,208.2836960,-7.2883330,0.2633380,0.4012810,22.6398183,114.0100126,47.5050000,44022.0000000,0.0000000,3856.0000000,3857.0000000,26303466.760,-10473709.627,28312028.485,7.2931
1.0000000,43.2160000,-144.3443680,-9.6460780,208.2840960,-7.3618140,0.2663530,0.4038940,22.6398125,114.0100128,47.4880000,44128.0000000,0.0000000,3866.0000000,3866.0000000,26303466.117,-10473709.645,28312027.894,7.3666
1.0000000,43.3210000,-144.3536640,-9.6614930,208.2826080,-7.4349310,0.2693320,0.4060580,22.6398063,114.0100131,47.4710000,44233.0000000,0.0000000,3875.0000000,3876.0000000,26303465.429,-10473709.673,28312027.266,7.4398
1.0000000,43.4270000,-144.3686400,-9.6823150,208.2833280,-7.5086440,0.2723470,0.4084340,22.6398004,114.0100134,47.4540000,44339.0000000,0.0000000,3885.0000000,3886.0000000,26303464.775,-10473709.700,28312026.668,7.5136
1.0000000,43.5330000,-144.3800160,-9.6995460,208.2823040,-7.5824760,0.2750270,0.4111990,22.6397943,114.0100136,47.4370000,44445.0000000,0.0000000,3895.0000000,3895.0000000,26303464.098,-10473709.719,28312026.046,7.5875
1.0000000,43.6370000,-143.9234720,-8.9402330,208.2054560,-5.4174500,0.1966700,0.2988110,22.6399551,114.0100073,48.0780000,44550.0000000,0.0000000,3904.0000000,3905.0000000,26303481.936,-10473709.140,28312042.404,5.4210
1.0000000,43.7430000,-143.9288160,-8.9514510,208.2052640,-5.4764070,0.1990110,0.3011520,22.6399512,114.0100075,48.0650000,44656.0000000,0.0000000,3914.0000000,3914.0000000,26303481.503,-10473709.158,28312042.009,5.4800
1.0000000,43.8480000,-143.9370080,-8.9644530,208.2046720,-5.5352690,0.2015630,0.3028840,22.6399471,114.0100076,48.0520000,44761.0000000,0.0000000,3923.0000000,3924.0000000,26303481.048,-10473709.168,28312041.590,5.5389
1.0000000,43.9540000,-143.9492640,-8.9820410,208.2039520,-5.5947320,0.2039800,0.3049160,22.6399430,114.0100078,48.0390000,44867.0000000,0.0000000,3933.0000000,3933.0000000,26303480.593,-10473709.186,28312041.174,5.5984
1.0000000,44.0600000,-143.9611040,-8.9976360,208.2032160,-5.6537980,0.2062400,0.3071860,22.6399389,114.0100080,48.0260000,44973.0000000,0.0000000,3942.0000000,3942.0000000,26303480.139,-10473709.204,28312040.758,5.6576
1.0000000,44.1650000,-143.9670560,-9.0104890,208.2012800,-5.7129540,0.2085570,0.3095420,22.6399344,114.0100083,48.0140000,45078.0000000,0.0000000,3950.0000000,3951.0000000,26303479.639,-10473709.232,28312040.305,5.7168
1.0000000,44.2710000,-143.9718880,-9.0224240,208.2014240,-5.7733050,0.2110240,0.3118280,22.6399301,114.0100085,48.0010000,45184.0000000,0.0000000,3959.0000000,3960.0000000,26303479.162,-10473709.250,28312039.868,5.7772
1.0000000,44.3780000,-143.9801440,-9.0370140,208.2020320,-5.8348240,0.2136910,0.3137650,22.6399257,114.0100087,47.9880000,45291.0000000,0.0000000,3968.0000000,3969.0000000,26303478.674,-10473709.269,28312039.422,5.8387
1.0000000,44.4830000,-143.9929920,-9.0536170,208.2022560,-5.8950100,0.2162520,0.3157970,22.6399214,114.0100089,47.9750000,45396.0000000,0.0000000,3977.0000000,3978.0000000,26303478.197,-10473709.287,28312038.985,5.8990
1.0000000,44.5890000,-144.0037760,-9.0696280,208.2027200,-5.9557910,0.2187210,0.3180620,22.6399167,114.0100091,47.9620000,45502.0000000,0.0000000,3986.0000000,3987.0000000,26303477.676,-10473709.305,28312038.508,5.9598
1.0000000,44.6950000,-144.0090560,-9.0832650,208.2023520,-6.0168740,0.2210250,0.3206220,22.6399121,114.0100093,47.9480000,45608.0000000,0.0000000,3995.0000000,3996.0000000,26303477.166,-10473709.324,28312038.040,6.0209
1.0000000,44.8010000,-144.0134240,-9.0932450,208.1996960,-6.0786920,0.2236320,0.3228540,22.6399072,114.0100095,47.9350000,45714.0000000,0.0000000,4004.0000000,4005.0000000,26303476.622,-10473709.342,28312037.542,6.0828
1.0000000,44.9070000,-144.0227360,-9.1060580,208.1999040,-6.1410820,0.2263650,0.3247250,22.6399024,114.0100098,47.9220000,45820.0000000,0.0000000,4013.0000000,4014.0000000,26303476.090,-10473709.370,28312037.058,6.1453
1.0000000,45.0130000,-144.0344800,-9.1220220,208.2002080,-6.2032800,0.2289260,0.3266170,22.6398976,114.0100100,47.9080000,45926.0000000,0.0000000,4023.0000000,4024.0000000,26303475.557,-10473709.388,28312036.570,6.2075
1.0000000,45.1190000,-144.0461280,-9.1372250,208.1990240,-6.2654650,0.2312610,0.3290110,22.6398927,114.0100102,47.8950000,46032.0000000,0.0000000,4033.0000000,4033.0000000,26303475.014,-10473709.406,28312036.072,6.2697
1.0000000,45.2240000,-144.0524480,-9.1504100,208.1984640,-6.3273130,0.2338230,0.3314600,22.6398876,114.0100104,47.8820000,46137.0000000,0.0000000,4042.0000000,4043.0000000,26303474.448,-10473709.425,28312035.553,6.3316
1.0000000,45.3290000,-144.0544960,-9.1614830,208.1950080,-6.3906210,0.2365230,0.3336210,22.6398824,114.0100107,47.8680000,46243.0000000,0.0000000,4052.0000000,4053.0000000,26303473.871,-10473709.452,28312035.027,6.3950
1.0000000,45.4340000,-144.0613440,-9.1755360,208.1936000,-6.4538550,0.2393290,0.3354780,22.6398770,114.0100109,47.8550000,46348.0000000,0.0000000,4061.0000000,4062.0000000,26303473.272,-10473709.471,28312034.477,6.4583
1.0000000,45.5400000,-144.0726720,-9.1918300,208.1936800,-6.5174320,0.2419860,0.3374080,22.6398718,114.0100111,47.8430000,46454.0000000,0.0000000,4071.0000000,4072.0000000,26303472.695,-10473709.489,28312033.948,6.5219
1.0000000,45.6460000,-144.0836960,-9.2087260,208.1939520,-6.5808830,0.2444060,0.3396920,22.6398666,114.0100114,47.8290000,46560.0000000,0.0000000,4081.0000000,4081.0000000,26303472.118,-10473709.517,28312033.423,6.5854
1.0000000,45.7510000,-144.0892160,-9.2212180,208.1916160,-6.6442830,0.2468280,0.3420030,22.6398610,114.0100116,47.8170000,46665.0000000,0.0000000,4090.0000000,4090.0000000,26303471.497,-10473709.535,28312032.852,6.6489
1.0000000,45.8570000,-144.0930560,-9.2316530,208.1878720,-6.7088760,0.2496550,0.3443440,22.6398553,114.0100119,47.8040000,46771.0000000,0.0000000,4099.0000000,4099.0000000,26303470.865,-10473709.563,28312032.275,6.7135
1.0000000,45.9620000,-144.0995680,-9.2432880,208.1855840,-6.7733780,0.2525490,0.3463130,22.6398495,114.0100121,47.7900000,46876.0000000,0.0000000,4107.0000000,4108.0000000,26303470.221,-10473709.581,28312031.684,6.7781
1.0000000,46.0680000,-144.1116800,-9.2602110,208.1833440,-6.8383910,0.2552230,0.3483570,22.6398437,114.0100124,47.7770000,46982.0000000,0.0000000,4116.0000000,4117.0000000,26303469.578,-10473709.608,28312031.096,6.8432
1.0000000,46.1750000,-144.1220480,-9.2747210,208.1818720,-6.9039030,0.2578550,0.3505560,22.6398379,114.0100126,47.7640000,47089.0000000,0.0000000,4125.0000000,4126.0000000,26303468.935,-10473709.627,28312030.505,6.9087
1.0000000,46.2800000,-144.1275840,-9.2886910,208.1790400,-6.9685320,0.2603960,0.3528350,22.6398320,114.0100129,47.7520000,47194.0000000,0.0000000,4134.0000000,4135.0000000,26303468.280,-10473709.654,28312029.908,6.9734
1.0000000,46.3860000,-144.1317280,-9.2992700,208.1769600,-7.0345640,0.2631700,0.3550660,22.6398261,114.0100132,47.7390000,47300.0000000,0.0000000,4143.0000000,4144.0000000,26303467.626,-10473709.682,28312029.310,7.0395
1.0000000,46.4930000,-144.1386240,-9.3129600,208.1748480,-7.1017720,0.2660480,0.3569150,22.6398202,114.0100134,47.7260000,47407.0000000,0.0000000,4152.0000000,4153.0000000,26303466.971,-10473709.700,28312028.708,7.1068
1.0000000,46.5980000,-143.7250560,-8.6178470,208.1056320,-4.9891210,0.1870780,0.2556520,22.6399901,114.0100065,48.3340000,47512.0000000,0.0000000,4161.0000000,4162.0000000,26303485.818,-10473709.066,28312045.984,4.9926
1.0000000,46.7040000,-143.7363840,-8.6314000,208.1044800,-5.0406110,0.1891460,0.2577120,22.6399862,114.0100067,48.3250000,47618.0000000,0.0000000,4171.0000000,4172.0000000,26303485.386,-10473709.085,28312045.589,5.0442
1.0000000,46.8100000,-143.7417440,-8.6425560,208.1028000,-5.0924540,0.1912430,0.2599180,22.6399822,114.0100069,48.3150000,47724.0000000,0.0000000,4181.0000000,4181.0000000,26303484.942,-10473709.103,28312045.183,5.0960
1.0000000,46.9150000,-143.7438400,-8.6514170,208.0994880,-5.1446080,0.1934690,0.2618680,22.6399782,114.0100071,48.3050000,47829.0000000,0.0000000,4190.0000000,4191.0000000,26303484.498,-10473709.122,28312044.778,5.1482
1.0000000,47.0220000,-143.7507040,-8.6644980,208.0983840,-5.1982480,0.1958740,0.2635200,22.6399742,114.0100073,48.2950000,47936.0000000,0.0000000,4200.0000000,4201.0000000,26303484.055,-10473709.140,28312044.373,5.2019
1.0000000,47.1270000,-143.7625920,-8.6799960,208.0969760,-5.2512550,0.1981650,0.2662380,22.6399701,114.0100075,48.2670000,48042.0000000,0.0000000,4210.0000000,4210.0000000,26303483.600,-10473709.158,28312043.957,5.2550
1.0000000,47.2330000,-143.7710720,-8.6939320,208.0946400,-5.3040310,0.2001150,0.2683650,22.6399660,114.0100076,48.2570000,48148.0000000,0.0000000,4219.0000000,4220.0000000,26303483.145,-10473709.168,28312043.538,5.3078
1.0000000,47.3390000,-143.7754880,-8.7035380,208.0934880,-5.3572940,0.2022550,0.2705370,22.6399620,114.0100078,48.2470000,48254.0000000,0.0000000,4229.0000000,4230.0000000,26303482.701,-10473709.186,28312043.132,5.3611
1.0000000,47.4440000,-143.7788160,-8.7127120,208.0915360,-5.4106950,0.2045650,0.2724470,22.6399578,114.0100080,48.2370000,48359.0000000,0.0000000,4238.0000000,4239.0000000,26303482.235,-10473709.204,28312042.706,5.4146
1.0000000,47.5500000,-143.7865280,-8.7250450,208.0895360,-5.4650110,0.2070080,0.2742050,22.6399535,114.0100083,48.2270000,48465.0000000,0.0000000,4247.0000000,4248.0000000,26303481.758,-10473709.232,28312042.273,5.4689
1.0000000,47.6570000,-143.7982880,-8.7403090,208.0897600,-5.5195190,0.2092800,0.2760140,22.6399494,114.0100085,48.2160000,48572.0000000,0.0000000,4256.0000000,4257.0000000,26303481.303,-10473709.250,28312041.857,5.5235
1.0000000,47.7620000,-143.8067520,-8.7524270,208.0888320,-5.5731170,0.2113230,0.2780250,22.6399453,114.0100087,48.2060000,48677.0000000,0.0000000,4265.0000000,4266.0000000,26303480.849,-10473709.269,28312041.442,5.5771
1.0000000,47.8680000,-143.8112640,-8.7609570,208.0882720,-5.6275570,0.2135400,0.2802310,22.6399411,114.0100089,48.1960000,48783.0000000,0.0000000,4274.0000000,4275.0000000,26303480.383,-10473709.287,28312041.016,5.6316
1.0000000,47.9740000,-143.8157280,-8.7707260,208.0872640,-5.6828110,0.2161910,0.2820350,22.6399368,114.0100091,48.1860000,48889.0000000,0.0000000,4283.0000000,4284.0000000,26303479.906,-10473709.305,28312040.579,5.6869
1.0000000,48.0790000,-143.8233440,-8.7834320,208.0870560,-5.7377530,0.2185560,0.2839020,22.6399325,114.0100093,48.1750000,48994.0000000,0.0000000,4292.0000000,4293.0000000,26303479.429,-10473709.324,28312040.143,5.7419
1.0000000,48.1840000,-143.8338080,-8.7993580,208.0875680,-5.7925690,0.2208080,0.2855980,22.6399283,114.0100095,48.1650000,49099.0000000,0.0000000,4301.0000000,4301.0000000,26303478.963,-10473709.342,28312039.717,5.7968
1.0000000,48.2890000,-143.8427200,-8.8127910,208.0889600,-5.8472700,0.2229150,0.2877220,22.6399240,114.0100097,48.1550000,49204.0000000,0.0000000,4309.0000000,4310.0000000,26303478.486,-10473709.360,28312039.280,5.8515
1.0000000,48.3960000,-143.8455200,-8.8224820,208.0887040,-5.9034630,0.2251720,0.2899370,22.6399198,114.0100100,48.1440000,49311.0000000,0.0000000,4319.0000000,4319.0000000,26303478.020,-10473709.388,28312038.858,5.9078
1.0000000,48.5010000,-143.8471360,-8.8320050,208.0873760,-5.9592860,0.2276890,0.2919020,22.6399154,114.0100102,48.1340000,49416.0000000,0.0000000,4328.0000000,4329.0000000,26303477.532,-10473709.406,28312038.411,5.9636
1.0000000,48.6070000,-143.8551200,-8.8446650,208.0878720,-6.0160540,0.2300320,0.2935070,22.6399110,114.0100104,48.1240000,49522.0000000,0.0000000,4338.0000000,4339.0000000,26303477.044,-10473709.425,28312037.964,6.0205
1.0000000,48.7120000,-143.8659840,-8.8596840,208.0901440,-6.0721350,0.2322600,0.2951080,22.6399065,114.0100106,48.1130000,49627.0000000,0.0000000,4347.0000000,4348.0000000,26303476.544,-10473709.443,28312037.507,6.0766
1.0000000,48.8180000,-143.8756640,-8.8721310,208.0902880,-6.1285640,0.2343070,0.2973110,22.6399021,114.0100108,48.1020000,49733.0000000,0.0000000,4357.0000000,4358.0000000,26303476.056,-10473709.461,28312037.061,6.1330
1.0000000,48.9230000,-143.8808160,-8.8813150,208.0918880,-6.1854660,0.2365500,0.2995880,22.6398977,114.0100111,48.0920000,49839.0000000,0.0000000,4367.0000000,4367.0000000,26303475.568,-10473709.489,28312036.618,6.1900
1.0000000,49.0280000,-143.8826400,-8.8902880,208.0915680,-6.2424330,0.2390670,0.3015800,22.6398931,114.0100113,48.0800000,49944.0000000,0.0000000,4376.0000000,4377.0000000,26303475.058,-10473709.507,28312036.150,6.2470
1.0000000,49.1340000,-143.8910240,-8.9047090,208.0937760,-6.3003810,0.2414600,0.3033560,22.6398885,114.0100115,48.0690000,50050.0000000,0.0000000,4386.0000000,4387.0000000,26303474.548,-10473709.526,28312035.683,6.3050
1.0000000,49.2390000,-143.9025280,-8.9189560,208.0960800,-6.3576330,0.2439180,0.3050070,22.6398841,114.0100118,48.0580000,50155.0000000,0.0000000,4395.0000000,4396.0000000,26303474.060,-10473709.553,28312035.240,6.3623
1.0000000,49.3450000,-143.9122240,-8.9324970,208.0993120,-6.4153630,0.2460680,0.3071570,22.6398794,114.0100120,48.0490000,50261.0000000,0.0000000,4405.0000000,4405.0000000,26303473.538,-10473709.572,28312034.762,6.4201
1.0000000,49.4510000,-143.9158240,-8.9416040,208.0992000,-6.4734470,0.2483640,0.3093700,22.6398743,114.0100123,48.0370000,50367.0000000,0.0000000,4414.0000000,4414.0000000,26303472.972,-10473709.599,28312034.247,6.4782
1.0000000,49.5560000,-143.9180960,-8.9508640,208.0989760,-6.5316800,0.2508730,0.3114270,22.6398693,114.0100125,48.0260000,50472.0000000,0.0000000,4422.0000000,4423.0000000,26303472.418,-10473709.618,28312033.738,6.5365
1.0000000,49.6620000,-143.5535200,-8.3360830,208.0458080,-4.5670830,0.1755580,0.2258640,22.6400396,114.0100054,48.5770000,50578.0000000,0.0000000,4431.0000000,4432.0000000,26303491.309,-10473708.965,28312051.048,4.5705
1.0000000,49.7680000,-143.5644000,-8.3494870,208.0477920,-4.6130140,0.1776220,0.2274750,22.6400367,114.0100056,48.5680000,50684.0000000,0.0000000,4440.0000000,4441.0000000,26303490.988,-10473708.984,28312050.756,4.6164
1.0000000,49.8750000,-143.5738080,-8.3604390,208.0478400,-4.6592680,0.1792910,0.2294370,22.6400337,114.0100058,48.5590000,50791.0000000,0.0000000,4449.0000000,4450.0000000,26303490.655,-10473709.002,28312050.454,4.6627
1.0000000,49.9800000,-143.5764000,-8.3686000,208.0495520,-4.7050670,0.1812960,0.2315770,22.6400306,114.0100060,48.5500000,50896.0000000,0.0000000,4458.0000000,4459.0000000,26303490.311,-10473709.021,28312050.141,4.7086
1.0000000,50.0860000,-143.5783040,-8.3769610,208.0517760,-4.7520690,0.1834960,0.2334700,22.6400275,114.0100061,48.5400000,51002.0000000,0.0000000,4467.0000000,4468.0000000,26303489.967,-10473709.030,28312049.825,4.7556
1.0000000,50.1930000,-143.5867200,-8.3905980,208.0529760,-4.7998330,0.1855630,0.2350880,22.6400243,114.0100063,48.5310000,51109.0000000,0.0000000,4476.0000000,4477.0000000,26303489.612,-10473709.048,28312049.502,4.8034
1.0000000,50.2990000,-143.5983520,-8.4042340,208.0551680,-4.8467910,0.1873140,0.2369680,22.6400211,114.0100065,48.5210000,51215.0000000,0.0000000,4486.0000000,4487.0000000,26303489.257,-10473709.066,28312049.179,4.8504
1.0000000,50.4050000,-143.6038400,-8.4143160,208.0549920,-4.8938650,0.1890830,0.2388680,22.6400177,114.0100067,48.5120000,51321.0000000,0.0000000,4496.0000000,4496.0000000,26303488.880,-10473709.085,28312048.835,4.8975
1.0000000,50.5100000,-143.6062240,-8.4221040,208.0552160,-4.9409490,0.1910480,0.2409450,22.6400142,114.0100069,48.5020000,51426.0000000,0.0000000,4505.0000000,4506.0000000,26303488.492,-10473709.103,28312048.481,4.9446
1.0000000,50.6160000,-143.6107040,-8.4297750,208.0553440,-4.9890030,0.1933490,0.2427260,22.6400107,114.0100071,48.4920000,51532.0000000,0.0000000,4515.0000000,4515.0000000,26303488.103,-10473709.122,28312048.127,4.9927
1.0000000,50.7200000,-143.6183520,-8.4417340,208.0538400,-5.0367160,0.1955560,0.2443090,22.6400071,114.0100073,48.4830000,51637.0000000,0.0000000,4524.0000000,4525.0000000,26303487.704,-10473709.140,28312047.763,5.0405
1.0000000,50.8260000,-143.6293760,-8.4557180,208.0544000,-5.0848800,0.1974900,0.2461930,22.6400034,114.0100075,48.4720000,51743.0000000,0.0000000,4534.0000000,4535.0000000,26303487.294,-10473709.158,28312047.389,5.0887
1.0000000,50.9320000,-143.6367840,-8.4661400,208.0536960,-5.1330050,0.1993590,0.2480630,22.6399996,114.0100076,48.4610000,51849.0000000,0.0000000,4544.0000000,4544.0000000,26303486.872,-10473709.168,28312047.001,5.1369
1.0000000,51.0370000,-143.6401440,-8.4723870,208.0497600,-5.1810970,0.2015010,0.2502820,22.6399959,114.0100078,48.4510000,51954.0000000,0.0000000,4553.0000000,4554.0000000,26303486.462,-10473709.186,28312046.626,5.1850
1.0000000,51.1440000,-143.6427840,-8.4803650,208.0491040,-5.2307800,0.2039880,0.2520800,22.6399923,114.0100080,48.4400000,52061.0000000,0.0000000,4563.0000000,4563.0000000,26303486.062,-10473709.204,28312046.262,5.2348
1.0000000,51.2490000,-143.6512160,-8.4931460,208.0488640,-5.2796230,0.2062720,0.2538310,22.6399883,114.0100082,48.4290000,52166.0000000,0.0000000,4571.0000000,4572.0000000,26303485.619,-10473709.223,28312045.856,5.2837
1.0000000,51.3550000,-143.6630720,-8.5061570,208.0486080,-5.3288190,0.2083150,0.2557690,22.6399845,114.0100085,48.4180000,52272.0000000,0.0000000,4580.0000000,4581.0000000,26303485.197,-10473709.250,28312045.475,5.3329
1.0000000,51.4610000,-143.6696480,-8.5166870,208.0473440,-5.3780320,0.2103350,0.2575900,22.6399807,114.0100087,48.4080000,52378.0000000,0.0000000,4589.0000000,4590.0000000,26303484.776,-10473709.269,28312045.090,5.3821
1.0000000,51.5670000,-143.6733440,-8.5231340,208.0481120,-5.4277400,0.2124980,0.2597240,22.6399768,114.0100089,48.3980000,52484.0000000,0.0000000,4598.0000000,4599.0000000,26303484.343,-10473709.287,28312044.695,5.4319
1.0000000,51.6730000,-143.6764160,-8.5324280,208.0489280,-5.4780130,0.2149390,0.2614960,22.6399729,114.0100091,48.3880000,52590.0000000,0.0000000,4607.0000000,4608.0000000,26303483.910,-10473709.305,28312044.300,5.4822
1.0000000,51.7790000,-143.6855040,-8.5455240,208.0499840,-5.5283670,0.2174790,0.2631710,22.6399690,114.0100093,48.3780000,52696.0000000,0.0000000,4616.0000000,4617.0000000,26303483.478,-10473709.324,28312043.905,5.5326
1.0000000,51.8850000,-143.6961760,-8.5598440,208.0519200,-5.5785090,0.2195340,0.2650850,22.6399650,114.0100095,48.3680000,52802.0000000,0.0000000,4625.0000000,4626.0000000,26303483.034,-10473709.342,28312043.499,5.5828
1.0000000,51.9900000,-143.7017440,-8.5701320,208.0529600,-5.6286370,0.2215780,0.2679380,22.6399609,114.0100097,48.3400000,52907.0000000,0.0000000,4634.0000000,4634.0000000,26303482.579,-10473709.360,28312043.083,5.6330
1.0000000,52.0970000,-143.7011680,-8.5761760,208.0505440,-5.6799890,0.2239220,0.2700750,22.6399563,114.0100099,48.3290000,53014.0000000,0.0000000,4643.0000000,4644.0000000,26303482.069,-10473709.379,28312042.616,5.6844
1.0000000,52.2040000,-143.7054080,-8.5849340,208.0493760,-5.7318960,0.2263590,0.2717740,22.6399521,114.0100102,48.3180000,53121.0000000,0.0000000,4653.0000000,4654.0000000,26303481.603,-10473709.406,28312042.193,5.7364
1.0000000,52.3100000,-143.7160000,-8.5976550,208.0495520,-5.7830300,0.2286690,0.2733760,22.6399477,114.0100104,48.3080000,53227.0000000,0.0000000,4663.0000000,4663.0000000,26303481.115,-10473709.425,28312041.747,5.7875
1.0000000,52.4150000,-143.7251360,-8.6106720,208.0484320,-5.8337040,0.2307420,0.2753590,22.6399432,114.0100106,48.2970000,53332.0000000,0.0000000,4672.0000000,4673.0000000,26303480.616,-10473709.443,28312041.290,5.8383
1.0000000,52.5200000,-143.7295840,-8.6191030,208.0485760,-5.8850250,0.2328190,0.2774790,22.6399388,114.0100109,48.2870000,53438.0000000,0.0000000,4682.0000000,4683.0000000,26303480.128,-10473709.471,28312040.847,5.8896
1.0000000,52.6260000,-143.4078080,-8.0857640,208.0020960,-4.1195870,0.1632150,0.2077030,22.6401004,114.0100040,48.7700000,53544.0000000,0.0000000,4692.0000000,4692.0000000,26303498.054,-10473708.837,28312057.267,4.1228
1.0000000,52.7310000,-143.4121600,-8.0956040,208.0025440,-4.1604840,0.1651100,0.2091770,22.6400976,114.0100041,48.7620000,53649.0000000,0.0000000,4701.0000000,4702.0000000,26303497.743,-10473708.846,28312056.982,4.1638
1.0000000,52.8370000,-143.4226400,-8.1063890,208.0040640,-4.2014350,0.1670680,0.2107520,22.6400950,114.0100043,48.7530000,53755.0000000,0.0000000,4711.0000000,4711.0000000,26303497.455,-10473708.864,28312056.720,4.2048
1.0000000,52.9420000,-143.4291360,-8.1163020,208.0042240,-4.2418730,0.1687950,0.2127270,22.6400923,114.0100045,48.7440000,53860.0000000,0.0000000,4720.0000000,4721.0000000,26303497.155,-10473708.883,28312056.449,4.2452
1.0000000,53.0480000,-143.4327040,-8.1238680,208.0055680,-4.2829890,0.1705290,0.2147860,22.6400897,114.0100046,48.7350000,53966.0000000,0.0000000,4729.0000000,4730.0000000,26303496.867,-10473708.892,28312056.184,4.2864
1.0000000,53.1530000,-143.4341440,-8.1302790,208.0063360,-4.3244200,0.1724190,0.2165170,22.6400873,114.0100048,48.7270000,54071.0000000,0.0000000,4738.0000000,4739.0000000,26303496.601,-10473708.910,28312055.944,4.3279
1.0000000,53.2580000,-143.4397120,-8.1374760,208.0069280,-4.3661240,0.1744900,0.2179780,22.6400845,114.0100050,48.7180000,54176.0000000,0.0000000,4747.0000000,4747.0000000,26303496.290,-10473708.929,28312055.662,4.3696
1.0000000,53.3640000,-143.4492960,-8.1491800,208.0060960,-4.4080650,0.1763910,0.2196900,22.6400816,114.0100051,48.7080000,54282.0000000,0.0000000,4756.0000000,4756.0000000,26303495.968,-10473708.938,28312055.367,4.4116
1.0000000,53.4690000,-143.4563200,-8.1597930,208.0077120,-4.4494350,0.1781910,0.2215960,22.6400789,114.0100053,48.7000000,54387.0000000,0.0000000,4764.0000000,4765.0000000,26303495.669,-10473708.956,28312055.095,4.4530
1.0000000,53.5750000,-143.4610080,-8.1671940,208.0101600,-4.4914640,0.1799780,0.2235710,22.6400763,114.0100055,48.6910000,54493.0000000,0.0000000,4773.0000000,4774.0000000,26303495.381,-10473708.975,28312054.834,4.4951
1.0000000,53.6820000,-143.4611680,-8.1741930,208.0125920,-4.5345790,0.1820900,0.2254960,22.6400736,114.0100057,48.6810000,54600.0000000,0.0000000,4782.0000000,4783.0000000,26303495.081,-10473708.993,28312054.562,4.5382
1.0000000,53.7880000,-143.4669600,-8.1837320,208.0146080,-4.5776440,0.1841650,0.2270420,22.6400708,114.0100058,48.6710000,54706.0000000,0.0000000,4791.0000000,4792.0000000,26303494.770,-10473709.002,28312054.277,4.5813
1.0000000,53.8940000,-143.4758400,-8.1981010,208.0177760,-4.6204800,0.1861520,0.2286040,22.6400678,114.0100060,48.6620000,54812.0000000,0.0000000,4800.0000000,4801.0000000,26303494.438,-10473709.021,28312053.975,4.6242
1.0000000,54.0000000,-143.4846400,-8.2070410,208.0188960,-4.6630840,0.1878470,0.2306260,22.6400649,114.0100062,48.6510000,54918.0000000,0.0000000,4810.0000000,4811.0000000,26303494.116,-10473709.039,28312053.683,4.6669
1.0000000,54.1050000,-143.4876320,-8.2133230,208.0193440,-4.7056090,0.1897620,0.2326210,22.6400620,114.0100064,48.6420000,55023.0000000,0.0000000,4819.0000000,4820.0000000,26303493.794,-10473709.057,28312053.391,4.7094
1.0000000,54.2110000,-143.4889440,-8.2192300,208.0235680,-4.7492930,0.1918410,0.2343930,22.6400593,114.0100066,48.6320000,55129.0000000,0.0000000,4829.0000000,4830.0000000,26303493.495,-10473709.076,28312053.119,4.7532
1.0000000,54.3170000,-143.4953760,-8.2292280,208.0260800,-4.7932850,0.1938760,0.2359450,22.6400564,114.0100068,48.6230000,55235.0000000,0.0000000,4839.0000000,4839.0000000,26303493.173,-10473709.094,28312052.827,4.7972
1.0000000,54.4220000,-143.5042240,-8.2392810,208.0288800,-4.8366200,0.1959790,0.2375660,22.6400531,114.0100069,48.6130000,55340.0000000,0.0000000,4848.0000000,4849.0000000,26303492.807,-10473709.103,28312052.490,4.8406
1.0000000,54.5270000,-143.5134560,-8.2495730,208.0301760,-4.8801640,0.1977670,0.2395820,22.6400498,114.0100071,48.6030000,55446.0000000,0.0000000,4858.0000000,4859.0000000,26303492.441,-10473709.122,28312052.157,4.8842
1.0000000,54.6320000,-143.5157120,-8.2557760,208.0287200,-4.9236420,0.1997740,0.2416200,22.6400464,114.0100073,48.5930000,55551.0000000,0.0000000,4867.0000000,4868.0000000,26303492.064,-10473709.140,28312051.814,4.9277
1.0000000,54.7380000,-143.5156480,-8.2613480,208.0303200,-4.9681750,0.2018970,0.2434790,22.6400432,114.0100075,48.5820000,55657.0000000,0.0000000,4877.0000000,4878.0000000,26303491.709,-10473709.158,28312051.491,4.9723
1.0000000,54.8440000,-143.5204000,-8.2699610,208.0308640,-5.0131600,0.2042410,0.2449630,22.6400398,114.0100077,48.5730000,55763.0000000,0.0000000,4887.0000000,4887.0000000,26303491.332,-10473709.177,28312051.147,5.0173
1.0000000,54.9490000,-143.5289280,-8.2827930,208.0317920,-5.0573120,0.2063650,0.2465290,22.6400362,114.0100079,48.5620000,55868.0000000,0.0000000,4895.0000000,4896.0000000,26303490.932,-10473709.195,28312050.783,5.0615
1.0000000,55.0550000,-143.5379680,-8.2926720,208.0320640,-5.1018020,0.2082680,0.2484840,22.6400326,114.0100081,48.5530000,55974.0000000,0.0000000,4904.0000000,4905.0000000,26303490.533,-10473709.213,28312050.419,5.1061
1.0000000,55.1620000,-143.5415200,-8.2998040,208.0343200,-5.1470860,0.2102580,0.2506620,22.6400291,114.0100083,48.5420000,56081.0000000,0.0000000,4913.0000000,4914.0000000,26303490.145,-10473709.232,28312050.065,5.1514
1.0000000,55.2670000,-143.5434400,-8.3056850,208.0350080,-5.1920810,0.2125390,0.2525050,22.6400256,114.0100086,48.5310000,56186.0000000,0.0000000,4922.0000000,4923.0000000,26303489.756,-10473709.259,28312049.714,5.1964
1.0000000,55.3730000,-143.5496160,-8.3144970,208.0369760,-5.2380420,0.2149080,0.2540710,22.6400220,114.0100088,48.5200000,56292.0000000,0.0000000,4931.0000000,4932.0000000,26303489.357,-10473709.278,28312049.350,5.2424
1.0000000,55.4790000,-143.5598720,-8.3266540,208.0388640,-5.2834630,0.2169900,0.2556260,22.6400185,114.0100090,48.5090000,56398.0000000,0.0000000,4940.0000000,4941.0000000,26303488.969,-10473709.296,28312048.996,5.2879
1.0000000,55.5840000,-143.2888800,-7.8734710,208.0027520,-3.7153070,0.1526150,0.1994220,22.6401685,114.0100024,48.9240000,56503.0000000,0.0000000,4949.0000000,4950.0000000,26303505.608,-10473708.690,28312064.231,3.7184
1.0000000,55.6900000,-143.2910240,-7.8794830,208.0042560,-3.7513400,0.1542440,0.2013850,22.6401664,114.0100025,48.9150000,56609.0000000,0.0000000,4958.0000000,4958.0000000,26303505.375,-10473708.699,28312064.018,3.7545
1.0000000,55.7950000,-143.2910880,-7.8843750,208.0054720,-3.7876800,0.1561550,0.2032630,22.6401642,114.0100027,48.9060000,56714.0000000,0.0000000,4967.0000000,4967.0000000,26303505.131,-10473708.717,28312063.798,3.7909
1.0000000,55.9000000,-143.2958560,-7.8916170,208.0072640,-3.8243910,0.1580630,0.2047380,22.6401621,114.0100028,48.8970000,56819.0000000,0.0000000,4976.0000000,4977.0000000,26303504.898,-10473708.727,28312063.585,3.8277
1.0000000,56.0060000,-143.3044000,-7.9025200,208.0122080,-3.8612150,0.1598360,0.2063890,22.6401599,114.0100030,48.8860000,56925.0000000,0.0000000,4986.0000000,4987.0000000,26303504.654,-10473708.745,28312063.365,3.8645
1.0000000,56.1110000,-143.3128480,-7.9128760,208.0139520,-3.8974650,0.1613810,0.2082590,22.6401573,114.0100031,48.8760000,57030.0000000,0.0000000,4995.0000000,4996.0000000,26303504.366,-10473708.754,28312063.100,3.9008
1.0000000,56.2170000,-143.3168320,-7.9187510,208.0143360,-3.9342660,0.1631640,0.2103910,22.6401550,114.0100033,48.8670000,57136.0000000,0.0000000,5005.0000000,5006.0000000,26303504.111,-10473708.772,28312062.870,3.9376
1.0000000,56.3230000,-143.3182080,-7.9237800,208.0156640,-3.9719200,0.1651330,0.2130250,22.6401527,114.0100035,48.8440000,57242.0000000,0.0000000,5015.0000000,5015.0000000,26303503.856,-10473708.791,28312062.640,3.9754
1.0000000,56.4280000,-143.3230880,-7.9312840,208.0159200,-4.0098650,0.1671180,0.2144900,22.6401500,114.0100036,48.8330000,57348.0000000,0.0000000,5024.0000000,5025.0000000,26303503.556,-10473708.800,28312062.365,4.0133
1.0000000,56.5350000,-143.3326240,-7.9427240,208.0183520,-4.0477370,0.1688770,0.2160470,22.6401473,114.0100038,48.8220000,57455.0000000,0.0000000,5034.0000000,5035.0000000,26303503.257,-10473708.818,28312062.094,4.0513
1.0000000,56.6410000,-143.3397600,-7.9492240,208.0191040,-4.0851270,0.1704900,0.2179640,22.6401447,114.0100040,48.8130000,57561.0000000,0.0000000,5044.0000000,5044.0000000,26303502.968,-10473708.837,28312061.832,4.0887
1.0000000,56.7460000,-143.3415520,-7.9560740,208.0208480,-4.1224670,0.1724140,0.2200080,22.6401421,114.0100041,48.8020000,57666.0000000,0.0000000,5053.0000000,5054.0000000,26303502.680,-10473708.846,28312061.568,4.1261
1.0000000,56.8510000,-143.3418720,-7.9617470,208.0227840,-4.1604820,0.1743940,0.2217440,22.6401396,114.0100043,48.7910000,57771.0000000,0.0000000,5062.0000000,5063.0000000,26303502.402,-10473708.864,28312061.317,4.1641
1.0000000,56.9560000,-143.3481760,-7.9691210,208.0238720,-4.1987980,0.1763280,0.2230910,22.6401370,114.0100045,48.7810000,57876.0000000,0.0000000,5071.0000000,5071.0000000,26303502.114,-10473708.883,28312061.056,4.2025
1.0000000,57.0620000,-143.3569920,-7.9814670,208.0250720,-4.2372530,0.1783050,0.2247230,22.6401340,114.0100046,48.7700000,57982.0000000,0.0000000,5080.0000000,5080.0000000,26303501.781,-10473708.892,28312060.750,4.2410
1.0000000,57.1670000,-143.3634240,-7.9897410,208.0234240,-4.2752330,0.1800840,0.2266420,22.6401309,114.0100048,48.7590000,58087.0000000,0.0000000,5088.0000000,5089.0000000,26303501.437,-10473708.910,28312060.437,4.2790
1.0000000,57.2730000,-143.3665440,-7.9951400,208.0229760,-4.3136960,0.1819490,0.2287240,22.6401280,114.0100050,48.7480000,58193.0000000,0.0000000,5097.0000000,5098.0000000,26303501.116,-10473708.929,28312060.145,4.3175
1.0000000,57.3800000,-143.3682400,-8.0015120,208.0238240,-4.3532760,0.1841450,0.2305490,22.6401250,114.0100052,48.7380000,58300.0000000,0.0000000,5106.0000000,5107.0000000,26303500.783,-10473708.947,28312059.843,4.3572
1.0000000,57.4850000,-143.3724640,-8.0102890,208.0246240,-4.3923600,0.1861640,0.2320160,22.6401221,114.0100054,48.7270000,58405.0000000,0.0000000,5115.0000000,5116.0000000,26303500.461,-10473708.965,28312059.551,4.3963
1.0000000,57.5920000,-143.3844800,-8.0229380,208.0273600,-4.4319220,0.1881510,0.2335330,22.6401191,114.0100056,48.7160000,58512.0000000,0.0000000,5124.0000000,5125.0000000,26303500.128,-10473708.984,28312059.248,4.4359
1.0000000,57.6970000,-143.3908480,-8.0335840,208.0283680,-4.4707080,0.1899810,0.2355330,22.6401160,114.0100057,48.7050000,58617.0000000,0.0000000,5133.0000000,5134.0000000,26303499.785,-10473708.993,28312058.932,4.4747
1.0000000,57.8030000,-143.3924640,-8.0393270,208.0291200,-4.5100970,0.1920160,0.2374560,22.6401131,114.0100059,48.6940000,58723.0000000,0.0000000,5143.0000000,5144.0000000,26303499.463,-10473709.011,28312058.640,4.5142
1.0000000,57.9090000,-143.3927200,-8.0437030,208.0293920,-4.5501980,0.1943330,0.2392240,22.6401099,114.0100061,48.6840000,58829.0000000,0.0000000,5153.0000000,5153.0000000,26303499.108,-10473709.030,28312058.317,4.5543
1.0000000,58.0140000,-143.3977280,-8.0508980,208.0294720,-4.5901730,0.1963030,0.2408370,22.6401068,114.0100063,48.6720000,58934.0000000,0.0000000,5162.0000000,5163.0000000,26303498.764,-10473709.048,28312058.004,4.5944
1.0000000,58.1200000,-143.4060800,-8.0614910,208.0312160,-4.6302280,0.1984090,0.2423100,22.6401040,114.0100065,48.6620000,59040.0000000,0.0000000,5172.0000000,5172.0000000,26303498.453,-10473709.066,28312057.723,4.6345
1.0000000,58.2240000,-143.4121120,-8.0702190,208.0351680,-4.6697420,0.2003750,0.2443200,22.6401012,114.0100067,48.6500000,59145.0000000,0.0000000,5181.0000000,5182.0000000,26303498.143,-10473709.085,28312057.441,4.6740
1.0000000,58.3300000,-143.4146080,-8.0757550,208.0361600,-4.7099520,0.2023150,0.2462390,22.6400982,114.0100069,48.6390000,59251.0000000,0.0000000,5191.0000000,5192.0000000,26303497.810,-10473709.103,28312057.139,4.7143
1.0000000,58.4360000,-143.4169600,-8.0803620,208.0390400,-4.7508590,0.2045300,0.2479280,22.6400955,114.0100071,48.6290000,59357.0000000,0.0000000,5201.0000000,5201.0000000,26303497.510,-10473709.122,28312056.867,4.7553
1.0000000,58.5410000,-143.4235360,-8.0902140,208.0435200,-4.7916810,0.2067500,0.2493720,22.6400926,114.0100073,48.6170000,59462.0000000,0.0000000,5210.0000000,5211.0000000,26303497.189,-10473709.140,28312056.575,4.7961
1.0000000,58.6470000,-143.1910400,-7.7001630,208.0145120,-3.3949600,0.1468130,0.2029010,22.6402313,114.0100009,48.9810000,59568.0000000,0.0000000,5220.0000000,5220.0000000,26303512.575,-10473708.552,28312070.652,3.3981
1.0000000,58.7520000,-143.1995040,-7.7096620,208.0173600,-3.4270360,0.1483570,0.2048030,22.6402293,114.0100011,48.9700000,59673.0000000,0.0000000,5229.0000000,5230.0000000,26303512.353,-10473708.570,28312070.453,3.4302
1.0000000,58.8570000,-143.2040160,-7.7161370,208.0191200,-3.4594830,0.1501420,0.2068920,22.6402274,114.0100012,48.9590000,59778.0000000,0.0000000,5238.0000000,5238.0000000,26303512.142,-10473708.580,28312070.260,3.4627
1.0000000,58.9620000,-143.2049120,-7.7216680,208.0217760,-3.4924700,0.1518340,0.2085610,22.6402255,114.0100013,48.9480000,59883.0000000,0.0000000,5246.0000000,5247.0000000,26303511.931,-10473708.589,28312070.068,3.4958
1.0000000,59.0680000,-143.2077440,-7.7259450,208.0244480,-3.5260870,0.1539040,0.2101240,22.6402239,114.0100015,48.9360000,59989.0000000,0.0000000,5255.0000000,5256.0000000,26303511.754,-10473708.607,28312069.910,3.5294
1.0000000,59.1750000,-143.2176800,-7.7354490,208.0279520,-3.5597380,0.1558630,0.2116680,22.6402222,114.0100016,48.9240000,60096.0000000,0.0000000,5264.0000000,5265.0000000,26303511.565,-10473708.616,28312069.738,3.5631
1.0000000,59.2800000,-143.2242240,-7.7446210,208.0310400,-3.5926440,0.1575660,0.2135500,22.6402202,114.0100018,48.9140000,60201.0000000,0.0000000,5273.0000000,5274.0000000,26303511.344,-10473708.635,28312069.539,3.5961
1.0000000,59.3860000,-143.2263200,-7.7494580,208.0320800,-3.6260790,0.1593970,0.2156260,22.6402183,114.0100019,48.9020000,60307.0000000,0.0000000,5282.0000000,5283.0000000,26303511.133,-10473708.644,28312069.346,3.6296
1.0000000,59.4920000,-143.2258560,-7.7541830,208.0330400,-3.6600910,0.1613860,0.2173960,22.6402161,114.0100021,48.8900000,60413.0000000,0.0000000,5291.0000000,5292.0000000,26303510.889,-10473708.662,28312069.126,3.6636
1.0000000,59.5980000,-143.2305120,-7.7622350,208.0337280,-3.6944940,0.1633910,0.2189290,22.6402137,114.0100023,48.8790000,60519.0000000,0.0000000,5300.0000000,5301.0000000,26303510.622,-10473708.681,28312068.886,3.6981
1.0000000,59.7030000,-143.2374400,-7.7731650,208.0374720,-3.7282450,0.1652750,0.2203210,22.6402116,114.0100024,48.8670000,60624.0000000,0.0000000,5309.0000000,5310.0000000,26303510.390,-10473708.690,28312068.673,3.7319
1.0000000,59.8090000,-143.2461600,-7.7809940,208.0407840,-3.7621700,0.1669750,0.2223290,22.6402095,114.0100026,48.8550000,60730.0000000,0.0000000,5319.0000000,5319.0000000,26303510.157,-10473708.708,28312068.463,3.7659
1.0000000,59.9140000,-143.2492000,-7.7861360,208.0415840,-3.7960180,0.1688130,0.2244120,22.6402073,114.0100028,48.8440000,60835.0000000,0.0000000,5328.0000000,5329.0000000,26303509.913,-10473708.727,28312068.243,3.7998
1.0000000,60.0200000,-143.2477120,-7.7894550,208.0417600,-3.8308730,0.1708160,0.2261370,22.6402052,114.0100029,48.8320000,60941.0000000,0.0000000,5338.0000000,5339.0000000,26303509.680,-10473708.736,28312068.030,3.8347
1.0000000,60.1250000,-143.2528800,-7.7953750,208.0428640,-3.8656240,0.1728880,0.2275500,22.6402030,114.0100031,48.8200000,61046.0000000,0.0000000,5347.0000000,5348.0000000,26303509.436,-10473708.754,28312067.810,3.8695
1.0000000,60.2300000,-143.2623200,-7.8064310,208.0450080,-3.9004460,0.1749670,0.2290920,22.6402007,114.0100033,48.8080000,61152.0000000,0.0000000,5357.0000000,5358.0000000,26303509.180,-10473708.772,28312067.580,3.9044
1.0000000,60.3360000,-143.2705920,-7.8154260,208.0478720,-3.9351050,0.1768510,0.2309900,22.6401984,114.0100034,48.7970000,61258.0000000,0.0000000,5367.0000000,5367.0000000,26303508.925,-10473708.782,28312067.346,3.9391
1.0000000,60.4410000,-143.2716000,-7.8204440,208.0479360,-3.9697340,0.1787030,0.2330140,22.6401960,114.0100036,48.7850000,61363.0000000,0.0000000,5376.0000000,5377.0000000,26303508.659,-10473708.800,28312067.106,3.9738
1.0000000,60.5470000,-143.2722720,-7.8250930,208.0515200,-4.0053600,0.1808140,0.2346730,22.6401938,114.0100038,48.7740000,61469.0000000,0.0000000,5386.0000000,5387.0000000,26303508.415,-10473708.818,28312066.886,4.0094
1.0000000,60.6520000,-143.2782080,-7.8329400,208.0525280,-4.0409610,0.1830330,0.2367330,22.6401913,114.0100040,48.7490000,61574.0000000,0.0000000,5395.0000000,5396.0000000,26303508.138,-10473708.837,28312066.635,4.0451
1.0000000,60.7600000,-143.2881280,-7.8440010,208.0542720,-4.0772160,0.1851020,0.2383720,22.6401886,114.0100042,48.7370000,61682.0000000,0.0000000,5405.0000000,5405.0000000,26303507.838,-10473708.855,28312066.364,4.0814
1.0000000,60.8670000,-143.2943840,-7.8515060,208.0551680,-4.1129570,0.1869680,0.2403410,22.6401858,114.0100043,48.7240000,61789.0000000,0.0000000,5414.0000000,5414.0000000,26303507.528,-10473708.864,28312066.078,4.1172
1.0000000,60.9740000,-143.2940000,-7.8550430,208.0557280,-4.1494000,0.1891900,0.2421650,22.6401830,114.0100045,48.7130000,61896.0000000,0.0000000,5423.0000000,5423.0000000,26303507.217,-10473708.883,28312065.797,4.1537
1.0000000,61.0810000,-143.2965120,-7.8609760,208.0568320,-4.1863260,0.1914940,0.2436380,22.6401802,114.0100047,48.7010000,62003.0000000,0.0000000,5432.0000000,5432.0000000,26303506.906,-10473708.901,28312065.515,4.1907
1.0000000,61.1880000,-143.3047840,-7.8713600,208.0569760,-4.2228560,0.1935570,0.2451980,22.6401774,114.0100049,48.6880000,62110.0000000,0.0000000,5441.0000000,5441.0000000,26303506.596,-10473708.919,28312065.233,4.2273
1.0000000,61.2950000,-143.3117920,-7.8795150,208.0580000,-4.2592090,0.1954590,0.2470900,22.6401746,114.0100051,48.6750000,62217.0000000,0.0000000,5450.0000000,5450.0000000,26303506.285,-10473708.938,28312064.951,4.2637
1.0000000,61.4020000,-143.3111040,-7.8825120,208.0599040,-4.2961380,0.1975910,0.2490200,22.6401718,114.0100053,48.6620000,62324.0000000,0.0000000,5459.0000000,5459.0000000,26303505.974,-10473708.956,28312064.669,4.3007
1.0000000,61.5090000,-143.3134080,-7.8881500,208.0605920,-4.3336530,0.1999870,0.2505800,22.6401691,114.0100055,48.6500000,62431.0000000,0.0000000,5468.0000000,5468.0000000,26303505.675,-10473708.975,28312064.398,4.3383
1.0000000,61.6160000,-143.1114560,-7.5505920,208.0339360,-3.0914950,0.1429200,0.2118720,22.6402947,114.0099993,48.9710000,62538.0000000,0.0000000,5477.0000000,5477.0000000,26303519.608,-10473708.405,28312077.132,3.0948
1.0000000,61.7230000,-143.1183680,-7.5583460,208.0345920,-3.1210150,0.1444590,0.2132270,22.6402929,114.0099994,48.9690000,62645.0000000,0.0000000,5486.0000000,5487.0000000,26303519.408,-10473708.414,28312076.950,3.1244
1.0000000,61.8280000,-143.1202400,-7.5609800,208.0359680,-3.1504940,0.1461650,0.2157940,22.6402911,114.0099996,48.9460000,62750.0000000,0.0000000,5496.0000000,5496.0000000,26303519.209,-10473708.433,28312076.771,3.1539
1.0000000,61.9350000,-143.1203360,-7.5656090,208.0366720,-3.1810640,0.1482420,0.2174720,22.6402891,114.0099997,48.9340000,62857.0000000,0.0000000,5505.0000000,5506.0000000,26303518.987,-10473708.442,28312076.568,3.1845
1.0000000,62.0410000,-143.1263520,-7.5738270,208.0371520,-3.2113040,0.1502120,0.2188760,22.6402873,114.0099999,48.9210000,62963.0000000,0.0000000,5515.0000000,5516.0000000,26303518.787,-10473708.460,28312076.390,3.2148
1.0000000,62.1460000,-143.1335040,-7.5824180,208.0367840,-3.2410330,0.1518570,0.2206560,22.6402852,114.0100000,48.9090000,63068.0000000,0.0000000,5524.0000000,5525.0000000,26303518.554,-10473708.469,28312076.176,3.2446
1.0000000,62.2510000,-143.1388640,-7.5880770,208.0360960,-3.2710520,0.1534820,0.2225360,22.6402832,114.0100002,48.8960000,63174.0000000,0.0000000,5534.0000000,5535.0000000,26303518.332,-10473708.488,28312075.977,3.2747
1.0000000,62.3570000,-143.1375040,-7.5911330,208.0366560,-3.3016620,0.1554010,0.2243960,22.6402812,114.0100003,48.8830000,63280.0000000,0.0000000,5544.0000000,5544.0000000,26303518.110,-10473708.497,28312075.774,3.3053
1.0000000,62.4620000,-143.1383680,-7.5955020,208.0359360,-3.3322660,0.1574750,0.2261290,22.6402792,114.0100005,48.8710000,63385.0000000,0.0000000,5553.0000000,5554.0000000,26303517.888,-10473708.515,28312075.575,3.3360
1.0000000,62.5680000,-143.1443040,-7.6045190,208.0379520,-3.3631240,0.1594830,0.2275450,22.6402773,114.0100006,48.8580000,63491.0000000,0.0000000,5563.0000000,5564.0000000,26303517.678,-10473708.524,28312075.383,3.3669
1.0000000,62.6730000,-143.1525280,-7.6133780,208.0390720,-3.3935600,0.1611540,0.2294470,22.6402750,114.0100008,48.8450000,63596.0000000,0.0000000,5572.0000000,5573.0000000,26303517.423,-10473708.543,28312075.152,3.3974
1.0000000,62.7790000,-143.1557280,-7.6190800,208.0379040,-3.4242740,0.1627610,0.2312340,22.6402728,114.0100010,48.8330000,63702.0000000,0.0000000,5581.0000000,5582.0000000,26303517.179,-10473708.561,28312074.933,3.4281
1.0000000,62.8850000,-143.1549760,-7.6216560,208.0371360,-3.4554600,0.1646820,0.2329980,22.6402705,114.0100011,48.8200000,63808.0000000,0.0000000,5590.0000000,5591.0000000,26303516.923,-10473708.570,28312074.699,3.4594
1.0000000,62.9900000,-143.1568960,-7.6269910,208.0398880,-3.4867200,0.1666470,0.2346070,22.6402684,114.0100013,48.8070000,63913.0000000,0.0000000,5599.0000000,5600.0000000,26303516.690,-10473708.589,28312074.489,3.4907
1.0000000,63.0950000,-143.1621760,-7.6350000,208.0406560,-3.5178920,0.1687550,0.2360330,22.6402662,114.0100014,48.7940000,64018.0000000,0.0000000,5608.0000000,5608.0000000,26303516.446,-10473708.598,28312074.266,3.5219
1.0000000,63.2010000,-143.1704480,-7.6440560,208.0417280,-3.5490960,0.1705480,0.2377820,22.6402639,114.0100016,48.7810000,64124.0000000,0.0000000,5617.0000000,5617.0000000,26303516.191,-10473708.616,28312074.036,3.5532
1.0000000,63.3060000,-143.1741600,-7.6491880,208.0407040,-3.5802250,0.1721470,0.2395430,22.6402613,114.0100018,48.7680000,64229.0000000,0.0000000,5625.0000000,5626.0000000,26303515.903,-10473708.635,28312073.775,3.5844
1.0000000,63.4120000,-143.1749760,-7.6519650,208.0410720,-3.6120850,0.1741210,0.2413310,22.6402591,114.0100020,48.7550000,64335.0000000,0.0000000,5634.0000000,5635.0000000,26303515.659,-10473708.653,28312073.555,3.6163
1.0000000,63.5180000,-143.1754080,-7.6574840,208.0428320,-3.6442840,0.1762950,0.2430170,22.6402567,114.0100021,48.7420000,64441.0000000,0.0000000,5643.0000000,5644.0000000,26303515.393,-10473708.662,28312073.311,3.6485
1.0000000,63.6250000,-143.1846400,-7.6677420,208.0449280,-3.6766570,0.1783280,0.2444720,22.6402545,114.0100023,48.7290000,64548.0000000,0.0000000,5653.0000000,5653.0000000,26303515.148,-10473708.681,28312073.091,3.6810
1.0000000,63.7300000,-143.1905440,-7.6752450,208.0467040,-3.7082030,0.1801720,0.2462270,22.6402524,114.0100025,48.7160000,64653.0000000,0.0000000,5662.0000000,5663.0000000,26303514.916,-10473708.699,28312072.881,3.7126
1.0000000,63.8360000,-143.1930560,-7.6814910,208.0499680,-3.7402930,0.1819810,0.2482300,22.6402503,114.0100027,48.7030000,64759.0000000,0.0000000,5672.0000000,5673.0000000,26303514.683,-10473708.717,28312072.671,3.7447
1.0000000,63.9410000,-143.1940960,-7.6832720,208.0504640,-3.7726290,0.1840130,0.2499440,22.6402481,114.0100028,48.6900000,64864.0000000,0.0000000,5681.0000000,5682.0000000,26303514.439,-10473708.727,28312072.448,3.7771
1.0000000,64.0470000,-143.1976800,-7.6883510,208.0528640,-3.8055840,0.1862090,0.2513070,22.6402460,114.0100030,48.6770000,64970.0000000,0.0000000,5691.0000000,5692.0000000,26303514.206,-10473708.745,28312072.238,3.8101
1.0000000,64.1520000,-143.2047840,-7.6985770,208.0560320,-3.8382210,0.1883040,0.2528050,22.6402437,114.0100032,48.6630000,65076.0000000,0.0000000,5701.0000000,5701.0000000,26303513.950,-10473708.763,28312072.008,3.8428
1.0000000,64.2570000,-143.2116800,-7.7055080,208.0572960,-3.8703290,0.1900350,0.2545960,22.6402412,114.0100034,48.6500000,65181.0000000,0.0000000,5710.0000000,5711.0000000,26303513.673,-10473708.782,28312071.757,3.8750
1.0000000,64.3630000,-143.2132960,-7.7099790,208.0598240,-3.9030130,0.1919160,0.2565340,22.6402389,114.0100036,48.6370000,65287.0000000,0.0000000,5720.0000000,5721.0000000,26303513.418,-10473708.800,28312071.527,3.9077
1.0000000,64.4680000,-143.2136000,-7.7129120,208.0628480,-3.9360090,0.1940210,0.2582130,22.6402363,114.0100038,48.6240000,65392.0000000,0.0000000,5729.0000000,5730.0000000,26303513.130,-10473708.818,28312071.266,3.9408
1.0000000,64.5750000,-143.2185120,-7.7207350,208.0617920,-3.9700040,0.1961940,0.2596490,22.6402335,114.0100040,48.6100000,65499.0000000,0.0000000,5739.0000000,5739.0000000,26303512.819,-10473708.837,28312070.984,3.9748
1.0000000,64.6810000,-143.0401280,-7.4248860,208.0367200,-2.8534470,0.1413940,0.2269520,22.6403481,114.0099979,48.8970000,65605.0000000,0.0000000,5748.0000000,5748.0000000,26303525.532,-10473708.276,28312082.588,2.8569
1.0000000,64.7860000,-143.0453760,-7.4323700,208.0372320,-2.8799520,0.1429890,0.2287790,22.6403463,114.0099980,48.8840000,65710.0000000,0.0000000,5756.0000000,5757.0000000,26303525.332,-10473708.286,28312082.406,2.8835
1.0000000,64.8920000,-143.0453120,-7.4349450,208.0369920,-2.9069780,0.1446090,0.2307180,22.6403446,114.0099982,48.8710000,65816.0000000,0.0000000,5765.0000000,5766.0000000,26303525.143,-10473708.304,28312082.237,2.9106
1.0000000,64.9990000,-143.0442400,-7.4369910,208.0353120,-2.9349010,0.1465800,0.2322390,22.6403429,114.0099983,48.8570000,65923.0000000,0.0000000,5774.0000000,5775.0000000,26303524.955,-10473708.313,28312082.065,2.9386
1.0000000,65.1040000,-142.9392000,-7.2593630,208.0229280,-2.2723810,0.1138950,0.2115160,22.6404113,114.0099947,49.0510000,66028.0000000,0.0000000,5783.0000000,5784.0000000,26303532.542,-10473707.982,28312088.992,2.2752
1.0000000,65.2100000,-142.9476320,-7.2675840,208.0242880,-2.2958450,0.1152780,0.2131690,22.6404102,114.0099948,49.0380000,66134.0000000,0.0000000,5792.0000000,5793.0000000,26303532.420,-10473707.992,28312088.882,2.2987
1.0000000,65.3160000,-142.9515520,-7.2739060,208.0244160,-2.3193510,0.1166560,0.2149580,22.6404090,114.0099949,49.0240000,66240.0000000,0.0000000,5801.0000000,5802.0000000,26303532.287,-10473708.001,28312088.762,2.3223
1.0000000,65.4220000,-142.9512320,-7.2734730,208.0219200,-2.3433510,0.1182460,0.2166440,22.6404077,114.0099950,49.0100000,66346.0000000,0.0000000,5810.0000000,5811.0000000,26303532.143,-10473708.010,28312088.632,2.3463
1.0000000,65.5280000,-142.9523040,-7.2767640,208.0222400,-2.3676390,0.1198640,0.2183800,22.6404065,114.0099951,48.9970000,66452.0000000,0.0000000,5820.0000000,5820.0000000,26303532.010,-10473708.019,28312088.511,2.3707
1.0000000,65.6340000,-142.8812160,-7.1572800,208.0111840,-1.9207100,0.0976420,0.2033830,22.6404529,114.0099926,49.1450000,66558.0000000,0.0000000,5829.0000000,5830.0000000,26303537.157,-10473707.790,28312093.208,1.9232
1.0000000,65.7400000,-142.8880320,-7.1654240,208.0125440,-1.9421230,0.0990570,0.2051020,22.6404521,114.0099927,49.1310000,66664.0000000,0.0000000,5839.0000000,5839.0000000,26303537.068,-10473707.799,28312093.129,1.9446
1.0000000,65.8450000,-142.8893760,-7.1710850,208.0126880,-1.9634450,0.1003160,0.2070380,22.6404513,114.0099928,49.1170000,66769.0000000,0.0000000,5848.0000000,5849.0000000,26303536.980,-10473707.808,28312093.050,1.9660
1.0000000,65.9510000,-142.8884000,-7.1722650,208.0112800,-1.9854320,0.1017660,0.2087650,22.6404503,114.0099929,49.1030000,66875.0000000,0.0000000,5858.0000000,5859.0000000,26303536.869,-10473707.817,28312092.951,1.9880
1.0000000,66.0560000,-142.8891360,-7.1753020,208.0125120,-2.0077150,0.1033530,0.2100800,22.6404493,114.0099930,49.0900000,66981.0000000,0.0000000,5868.0000000,5868.0000000,26303536.758,-10473707.826,28312092.851,2.0104
1.0000000,66.1610000,-142.8375840,-7.0891640,208.0066400,-1.6808430,0.0868150,0.1984340,22.6404833,114.0099911,49.2120000,67086.0000000,0.0000000,5877.0000000,5878.0000000,26303540.529,-10473707.652,28312096.290,1.6831
1.0000000,66.2670000,-142.8440000,-7.0966310,208.0076000,-1.7008150,0.0880470,0.2005660,22.6404827,114.0099912,49.1910000,67192.0000000,0.0000000,5887.0000000,5887.0000000,26303540.463,-10473707.661,28312096.232,1.7031
1.0000000,66.3730000,-142.8452640,-7.1014710,208.0070880,-1.7208790,0.0892400,0.2025550,22.6404819,114.0099913,49.1770000,67298.0000000,0.0000000,5896.0000000,5897.0000000,26303540.374,-10473707.670,28312096.153,1.7232
1.0000000,66.4810000,-142.8431520,-7.1034150,208.0053440,-1.7420040,0.0908540,0.2042600,22.6404811,114.0099914,49.1620000,67406.0000000,0.0000000,5906.0000000,5906.0000000,26303540.285,-10473707.679,28312096.074,1.7444
1.0000000,66.5880000,-142.8488320,-7.1093700,208.0048320,-1.7629970,0.0923740,0.2057800,22.6404802,114.0099915,49.1480000,67513.0000000,0.0000000,5915.0000000,5915.0000000,26303540.186,-10473707.688,28312095.985,1.7654
1.0000000,66.6940000,-142.8100960,-7.0431240,207.9984960,-1.5103180,0.0792750,0.1963650,22.6405064,114.0099900,49.2540000,67619.0000000,0.0000000,5923.0000000,5924.0000000,26303543.092,-10473707.551,28312098.634,1.5124
1.0000000,66.8010000,-142.8130400,-7.0482390,207.9987520,-1.5293220,0.0804170,0.1983890,22.6405058,114.0099901,49.2400000,67726.0000000,0.0000000,5932.0000000,5933.0000000,26303543.025,-10473707.560,28312098.575,1.5314
1.0000000,66.9080000,-142.8109440,-7.0492490,207.9975680,-1.5489260,0.0818430,0.2002320,22.6405049,114.0099902,49.2260000,67833.0000000,0.0000000,5941.0000000,5942.0000000,26303542.926,-10473707.569,28312098.486,1.5511
1.0000000,67.0150000,-142.8138080,-7.0541630,207.9981120,-1.5690630,0.0832970,0.2017200,22.6405043,114.0099903,49.2110000,67940.0000000,0.0000000,5950.0000000,5951.0000000,26303542.859,-10473707.578,28312098.428,1.5713
1.0000000,67.1220000,-142.7855680,-7.0015950,207.9955520,-1.3667320,0.0727060,0.1935970,22.6405253,114.0099891,49.3050000,68047.0000000,0.0000000,5959.0000000,5960.0000000,26303545.189,-10473707.468,28312100.551,1.3687
1.0000000,67.2290000,-142.7892160,-7.0062010,207.9962080,-1.3848270,0.0738310,0.1956350,22.6405250,114.0099892,49.2900000,68154.0000000,0.0000000,5968.0000000,5969.0000000,26303545.155,-10473707.477,28312100.524,1.3868
1.0000000,67.3370000,-142.7860320,-7.0070970,207.9981600,-1.4038460,0.0752190,0.1972020,22.6405247,114.0099892,49.2810000,68262.0000000,0.0000000,5978.0000000,5979.0000000,26303545.122,-10473707.477,28312100.493,1.4059
1.0000000,67.4430000,-142.7880640,-7.0101900,207.9984320,-1.4228400,0.0764680,0.1989000,22.6405244,114.0099893,49.2600000,68368.0000000,0.0000000,5988.0000000,5988.0000000,26303545.089,-10473707.486,28312100.465,1.4249
1.0000000,67.5490000,-142.7969120,-7.0178850,208.0003040,-1.4414240,0.0775970,0.2005120,22.6405239,114.0099894,49.2450000,68474.0000000,0.0000000,5997.0000000,5998.0000000,26303545.033,-10473707.496,28312100.417,1.4435
1.0000000,67.6550000,-142.7696320,-6.9705500,207.9959680,-1.2723260,0.0686470,0.1933250,22.6405413,114.0099884,49.3320000,68580.0000000,0.0000000,6007.0000000,6007.0000000,26303546.963,-10473707.404,28312102.176,1.2742
1.0000000,67.7620000,-142.7678880,-6.9722610,207.9963040,-1.2902020,0.0698650,0.1954330,22.6405410,114.0099885,49.3160000,68687.0000000,0.0000000,6017.0000000,6017.0000000,26303546.930,-10473707.413,28312102.149,1.2921
1.0000000,67.8670000,-142.7685920,-6.9750590,207.9948960,-1.3084030,0.0713550,0.1970340,22.6405404,114.0099885,49.3010000,68793.0000000,0.0000000,6026.0000000,6027.0000000,26303546.864,-10473707.413,28312102.087,1.3103
1.0000000,67.9730000,-142.7735040,-6.9824720,207.9958240,-1.3263140,0.0726460,0.1986790,22.6405400,114.0099886,49.2860000,68899.0000000,0.0000000,6036.0000000,6036.0000000,26303546.819,-10473707.422,28312102.049,1.3283
1.0000000,68.0780000,-142.7802880,-6.9885210,207.9958880,-1.3437810,0.0738080,0.2005250,22.6405396,114.0099887,49.2710000,69004.0000000,0.0000000,6045.0000000,6046.0000000,26303546.775,-10473707.431,28312102.011,1.3458
1.0000000,68.1840000,-142.7536800,-6.9451890,207.9948960,-1.1990320,0.0659890,0.1942720,22.6405543,114.0099878,49.3510000,69110.0000000,0.0000000,6055.0000000,6056.0000000,26303548.406,-10473707.349,28312103.496,1.2008
1.0000000,68.2900000,-142.7517760,-6.9473460,207.9948960,-1.2163790,0.0671660,0.1961540,22.6405539,114.0099879,49.3350000,69216.0000000,0.0000000,6064.0000000,6065.0000000,26303548.361,-10473707.358,28312103.458,1.2182
1.0000000,68.3950000,-142.7524800,-6.9506810,207.9948480,-1.2338690,0.0685660,0.1976240,22.6405536,114.0099879,49.3200000,69321.0000000,0.0000000,6073.0000000,6074.0000000,26303548.328,-10473707.358,28312103.427,1.2358
1.0000000,68.5000000,-142.7592960,-6.9582710,207.9936320,-1.2511540,0.0697490,0.1992230,22.6405530,114.0099880,49.3050000,69426.0000000,0.0000000,6082.0000000,6082.0000000,26303548.261,-10473707.367,28312103.368,1.2531
1.0000000,68.6050000,-142.7381280,-6.9230570,207.9893920,-1.1251790,0.0628570,0.1933600,22.6405653,114.0099873,49.3800000,69531.0000000,0.0000000,6091.0000000,6091.0000000,26303549.626,-10473707.303,28312104.612,1.1269
1.0000000,68.7100000,-142.7410400,-6.9277630,207.9904160,-1.1414610,0.0637730,0.1952700,22.6405651,114.0099873,49.3650000,69636.0000000,0.0000000,6099.0000000,6100.0000000,26303549.604,-10473707.303,28312104.592,1.1432
1.0000000,68.8160000,-142.7408160,-6.9295140,207.9886400,-1.1583800,0.0649130,0.1971130,22.6405650,114.0099874,49.3490000,69742.0000000,0.0000000,6108.0000000,6109.0000000,26303549.593,-10473707.312,28312104.585,1.1602
1.0000000,68.9230000,-142.7431680,-6.9331260,207.9908640,-1.1759360,0.0663930,0.1985980,22.6405649,114.0099875,49.3330000,69849.0000000,0.0000000,6117.0000000,6118.0000000,26303549.581,-10473707.321,28312104.578,1.1778
1.0000000,69.0280000,-142.7487200,-6.9409700,207.9924800,-1.1927790,0.0675780,0.2002340,22.6405648,114.0099875,49.3170000,69954.0000000,0.0000000,6126.0000000,6127.0000000,26303549.570,-10473707.321,28312104.568,1.1947
1.0000000,69.1350000,-142.7314560,-6.9102490,207.9919840,-1.0808970,0.0612490,0.1949720,22.6405756,114.0099869,49.3890000,70061.0000000,0.0000000,6135.0000000,6136.0000000,26303550.768,-10473707.266,28312105.660,1.0826
1.0000000,69.2410000,-142.7319360,-6.9134380,207.9926240,-1.0970320,0.0623620,0.1971270,22.6405757,114.0099869,49.3730000,70167.0000000,0.0000000,6145.0000000,6145.0000000,26303550.780,-10473707.266,28312105.671,1.0988
1.0000000,69.3460000,-142.7304960,-6.9149190,207.9921120,-1.1135630,0.0636670,0.1989610,22.6405757,114.0099870,49.3570000,70272.0000000,0.0000000,6154.0000000,6155.0000000,26303550.780,-10473707.275,28312105.674,1.1154
1.0000000,69.4520000,-142.7342560,-6.9199410,207.9947680,-1.1305350,0.0649070,0.2004900,22.6405758,114.0099870,49.3410000,70378.0000000,0.0000000,6164.0000000,6165.0000000,26303550.791,-10473707.275,28312105.684,1.1324
1.0000000,69.5580000,-142.7415200,-6.9291160,207.9995040,-1.1472450,0.0660710,0.2020260,22.6405760,114.0099871,49.3240000,70484.0000000,0.0000000,6174.0000000,6174.0000000,26303550.813,-10473707.284,28312105.708,1.1491
1.0000000,69.6630000,-142.7253600,-6.8993030,208.0001920,-1.0457110,0.0603370,0.1969710,22.6405858,114.0099865,49.3930000,70589.0000000,0.0000000,6183.0000000,6184.0000000,26303551.900,-10473707.229,28312106.698,1.0475
1.0000000,69.7680000,-142.7254080,-6.9011450,208.0012160,-1.0616390,0.0614390,0.1989850,22.6405859,114.0099866,49.3770000,70695.0000000,0.0000000,6193.0000000,6193.0000000,26303551.911,-10473707.238,28312106.712,1.0634
1.0000000,69.8730000,-142.7260160,-6.9060890,208.0013760,-1.0777950,0.0623980,0.2009180,22.6405858,114.0099866,49.3600000,70800.0000000,0.0000000,6202.0000000,6203.0000000,26303551.900,-10473707.238,28312106.701,1.0796
1.0000000,69.9790000,-142.7318720,-6.9146410,208.0026400,-1.0948520,0.0641160,0.2022650,22.6405858,114.0099867,49.3440000,70906.0000000,0.0000000,6212.0000000,6213.0000000,26303551.900,-10473707.247,28312106.705,1.0967
1.0000000,70.0840000,-142.7406400,-6.9253320,208.0044480,-1.1111540,0.0651900,0.2037950,22.6405856,114.0099868,49.3270000,71011.0000000,0.0000000,6221.0000000,6222.0000000,26303551.878,-10473707.257,28312106.687,1.1131
1.0000000,70.1900000,-142.7268640,-6.9005250,208.0018400,-1.0182830,0.0598180,0.1989560,22.6405941,114.0099863,49.3930000,71117.0000000,0.0000000,6230.0000000,6231.0000000,26303552.821,-10473707.211,28312107.547,1.0200
1.0000000,70.2970000,-142.7270080,-6.9023180,208.0035360,-1.0340490,0.0606610,0.2009760,22.6405941,114.0099863,49.3760000,71224.0000000,0.0000000,6239.0000000,6240.0000000,26303552.821,-10473707.211,28312107.547,1.0358
1.0000000,70.4020000,-142.7260640,-6.9051080,208.0039040,-1.0501940,0.0619950,0.2026370,22.6405940,114.0099864,49.3590000,71329.0000000,0.0000000,6248.0000000,6249.0000000,26303552.810,-10473707.220,28312107.540,1.0520
1.0000000,70.5080000,-142.7280320,-6.9091270,208.0045120,-1.0666290,0.0631840,0.2042400,22.6405940,114.0099864,49.3430000,71435.0000000,0.0000000,6257.0000000,6258.0000000,26303552.810,-10473707.220,28312107.540,1.0685
1.0000000,70.6140000,-142.7159520,-6.8828730,208.0031840,-0.9812340,0.0583150,0.1995420,22.6406015,114.0099860,49.4060000,71541.0000000,0.0000000,6266.0000000,6267.0000000,26303553.642,-10473707.183,28312108.299,0.9830
1.0000000,70.7200000,-142.7197920,-6.8887540,208.0049760,-0.9965400,0.0590870,0.2012310,22.6406014,114.0099860,49.3900000,71647.0000000,0.0000000,6275.0000000,6276.0000000,26303553.630,-10473707.183,28312108.289,0.9983
1.0000000,70.8250000,-142.7204000,-6.8915840,208.0057600,-1.0119920,0.0600800,0.2032360,22.6406014,114.0099861,49.3730000,71752.0000000,0.0000000,6284.0000000,6285.0000000,26303553.630,-10473707.192,28312108.292,1.0138
1.0000000,70.9310000,-142.7167200,-6.8918010,208.0041600,-1.0279520,0.0613350,0.2049350,22.6406011,114.0099861,49.3560000,71858.0000000,0.0000000,6293.0000000,6294.0000000,26303553.597,-10473707.192,28312108.261,1.0298
1.0000000,71.0360000,-142.7184640,-6.8971150,208.0047840,-1.0441190,0.0624370,0.2065720,22.6406010,114.0099862,49.3390000,71963.0000000,0.0000000,6302.0000000,6303.0000000,26303553.586,-10473707.202,28312108.254,1.0460
1.0000000,71.1420000,-142.7059200,-6.8739880,208.0052320,-0.9638020,0.0576390,0.2018770,22.6406080,114.0099858,49.4000000,72069.0000000,0.0000000,6312.0000000,6313.0000000,26303554.363,-10473707.165,28312108.962,0.9655
1.0000000,71.2480000,-142.7109280,-6.8794030,208.0038720,-0.9789210,0.0584940,0.2035930,22.6406080,114.0099858,49.3830000,72175.0000000,0.0000000,6322.0000000,6322.0000000,26303554.363,-10473707.165,28312108.962,0.9807
1.0000000,71.3530000,-142.7097600,-6.8816240,208.0028480,-0.9943210,0.0595530,0.2056880,22.6406078,114.0099859,49.3670000,72280.0000000,0.0000000,6331.0000000,6332.0000000,26303554.340,-10473707.174,28312108.945,0.9961
1.0000000,71.4580000,-142.7081920,-6.8823660,208.0022400,-1.0100890,0.0607110,0.2073030,22.6406079,114.0099859,49.3500000,72386.0000000,0.0000000,6341.0000000,6342.0000000,26303554.351,-10473707.174,28312108.955,1.0119
1.0000000,71.5630000,-142.7117760,-6.8874490,208.0016160,-1.0260790,0.0617750,0.2087610,22.6406075,114.0099860,49.3330000,72491.0000000,0.0000000,6350.0000000,6351.0000000,26303554.307,-10473707.183,28312108.917,1.0279
1.0000000,71.6690000,-142.7008160,-6.8669640,208.0005600,-0.9501760,0.0571960,0.2042130,22.6406138,114.0099856,49.3930000,72597.0000000,0.0000000,6360.0000000,6361.0000000,26303555.006,-10473707.146,28312109.553,0.9519
1.0000000,71.7750000,-142.7059040,-6.8726420,208.0024160,-0.9650000,0.0579780,0.2061210,22.6406140,114.0099857,49.3760000,72703.0000000,0.0000000,6370.0000000,6370.0000000,26303555.028,-10473707.156,28312109.577,0.9667
1.0000000,71.8800000,-142.7066400,-6.8739200,208.0015520,-0.9800170,0.0588800,0.2079770,22.6406137,114.0099857,49.3580000,72808.0000000,0.0000000,6379.0000000,6379.0000000,26303554.995,-10473707.156,28312109.546,0.9818
1.0000000,71.9860000,-142.7037760,-6.8752520,208.0000480,-0.9956740,0.0600850,0.2096350,22.6406135,114.0099858,49.3410000,72914.0000000,0.0000000,6388.0000000,6388.0000000,26303554.973,-10473707.165,28312109.529,0.9975
1.0000000,72.0910000,-142.7083360,-6.8804280,207.9994720,-1.0113940,0.0611830,0.2112070,22.6406131,114.0099858,49.3240000,73019.0000000,0.0000000,6396.0000000,6397.0000000,26303554.928,-10473707.165,28312109.488,1.0132
1.0000000,72.1970000,-142.6983200,-6.8588650,207.9971200,-0.9390420,0.0567990,0.2068190,22.6406186,114.0099855,49.3820000,73125.0000000,0.0000000,6405.0000000,6406.0000000,26303555.538,-10473707.137,28312110.044,0.9408
1.0000000,72.3030000,-142.7039520,-6.8644650,207.9973760,-0.9538680,0.0576130,0.2084500,22.6406184,114.0099855,49.3650000,73231.0000000,0.0000000,6414.0000000,6415.0000000,26303555.516,-10473707.137,28312110.024,0.9556
1.0000000,72.4090000,-142.7035200,-6.8657170,207.9965920,-0.9690040,0.0585560,0.2105180,22.6406181,114.0099856,49.3460000,73337.0000000,0.0000000,6423.0000000,6424.0000000,26303555.483,-10473707.146,28312109.996,0.9708
1.0000000,72.5150000,-142.7026400,-6.8689270,207.9957120,-0.9846460,0.0598120,0.2120510,22.6406178,114.0099857,49.3290000,73443.0000000,0.0000000,6432.0000000,6433.0000000,26303555.450,-10473707.156,28312109.969,0.9865
1.0000000,72.6210000,-142.6895840,-6.8476490,207.9927040,-0.9160460,0.0558030,0.2077050,22.6406224,114.0099854,49.3870000,73549.0000000,0.0000000,6441.0000000,6442.0000000,26303555.960,-10473707.128,28312110.433,0.9177
1.0000000,72.7280000,-142.6960640,-6.8555880,207.9901920,-0.9308620,0.0565930,0.2095180,22.6406218,114.0099854,49.3690000,73656.0000000,0.0000000,6450.0000000,6451.0000000,26303555.893,-10473707.128,28312110.371,0.9326
1.0000000,72.8340000,-142.6974240,-6.8584130,207.9891520,-0.9455600,0.0573540,0.2114490,22.6406216,114.0099855,49.3510000,73762.0000000,0.0000000,6460.0000000,6461.0000000,26303555.871,-10473707.137,28312110.354,0.9473
1.0000000,72.9400000,-142.6969600,-6.8593920,207.9883200,-0.9609230,0.0584140,0.2133550,22.6406214,114.0099855,49.3290000,73868.0000000,0.0000000,6470.0000000,6470.0000000,26303555.849,-10473707.137,28312110.333,0.9627
1.0000000,73.0460000,-142.6983680,-6.8616460,207.9884320,-0.9764350,0.0596260,0.2147050,22.6406212,114.0099856,49.3100000,73974.0000000,0.0000000,6479.0000000,6480.0000000,26303555.827,-10473707.146,28312110.316,0.9783
1.0000000,73.1520000,-142.6880160,-6.8404870,207.9871680,-0.9099430,0.0557100,0.2104130,22.6406256,114.0099853,49.3660000,74080.0000000,0.0000000,6489.0000000,6489.0000000,26303556.315,-10473707.119,28312110.759,0.9116
1.0000000,73.2580000,-142.6935840,-6.8465450,207.9859360,-0.9244350,0.0565570,0.2123130,22.6406257,114.0099854,49.3470000,74187.0000000,0.0000000,6499.0000000,6499.0000000,26303556.326,-10473707.128,28312110.773,0.9262
1.0000000,73.3640000,-142.6923840,-6.8480880,207.9848160,-0.9389760,0.0573380,0.2142840,22.6406255,114.0099854,49.3290000,74293.0000000,0.0000000,6508.0000000,6509.0000000,26303556.304,-10473707.128,28312110.752,0.9407
1.0000000,73.4700000,-142.6896000,-6.8491420,207.9858880,-0.9541110,0.0583430,0.2159560,22.6406255,114.0099855,49.3100000,74399.0000000,0.0000000,6518.0000000,6518.0000000,26303556.304,-10473707.137,28312110.755,0.9559
1.0000000,73.5750000,-142.6899360,-6.8530470,207.9866560,-0.9693590,0.0594670,0.2172390,22.6406254,114.0099855,49.2920000,74504.0000000,0.0000000,6527.0000000,6528.0000000,26303556.293,-10473707.137,28312110.745,0.9712
1.0000000,73.6810000,-142.6798080,-6.8327520,207.9854080,-0.9048520,0.0555710,0.2131730,22.6406294,114.0099853,49.3470000,74610.0000000,0.0000000,6536.0000000,6537.0000000,26303556.737,-10473707.119,28312111.151,0.9066
1.0000000,73.7880000,-142.6866240,-6.8396020,207.9869120,-0.9191750,0.0563880,0.2150300,22.6406294,114.0099853,49.3290000,74717.0000000,0.0000000,6545.0000000,6546.0000000,26303556.737,-10473707.119,28312111.151,0.9209
1.0000000,73.8930000,-142.6865760,-6.8409070,207.9872640,-0.9334310,0.0572130,0.2169370,22.6406296,114.0099854,49.3110000,74822.0000000,0.0000000,6554.0000000,6555.0000000,26303556.759,-10473707.128,28312111.175,0.9352
1.0000000,73.9990000,-142.6855200,-6.8417060,207.9878720,-0.9483650,0.0582740,0.2186580,22.6406297,114.0099854,49.2930000,74928.0000000,0.0000000,6563.0000000,6564.0000000,26303556.770,-10473707.128,28312111.185,0.9502
1.0000000,74.1050000,-142.6851520,-6.8448090,207.9887200,-0.9635870,0.0594170,0.2202510,22.6406297,114.0099855,49.2740000,75034.0000000,0.0000000,6572.0000000,6573.0000000,26303556.770,-10473707.137,28312111.188,0.9654
1.0000000,74.2120000,-142.6768800,-6.8245080,207.9878560,-0.9007850,0.0556590,0.2160420,22.6406334,114.0099853,49.3290000,75141.0000000,0.0000000,6581.0000000,6582.0000000,26303557.180,-10473707.119,28312111.563,0.9025
1.0000000,74.3180000,-142.6808480,-6.8289030,207.9879200,-0.9148970,0.0565790,0.2178280,22.6406334,114.0099853,49.3100000,75247.0000000,0.0000000,6590.0000000,6591.0000000,26303557.180,-10473707.119,28312111.563,0.9166
1.0000000,74.4240000,-142.6822080,-6.8326740,207.9888320,-0.9291180,0.0572730,0.2196100,22.6406334,114.0099854,49.2910000,75353.0000000,0.0000000,6599.0000000,6600.0000000,26303557.180,-10473707.128,28312111.566,0.9309
1.0000000,74.5290000,-142.6814560,-6.8331410,207.9878720,-0.9436890,0.0582750,0.2211200,22.6406333,114.0099854,49.2720000,75458.0000000,0.0000000,6608.0000000,6609.0000000,26303557.169,-10473707.128,28312111.556,0.9455
1.0000000,74.6350000,-142.6635360,-6.8092680,207.9867200,-0.8828100,0.0546910,0.2171920,22.6406366,114.0099852,49.3260000,75564.0000000,0.0000000,6618.0000000,6619.0000000,26303557.535,-10473707.110,28312111.889,0.8845
1.0000000,74.7410000,-142.6676800,-6.8146170,207.9872800,-0.8971710,0.0556450,0.2186450,22.6406366,114.0099853,49.3080000,75670.0000000,0.0000000,6628.0000000,6628.0000000,26303557.535,-10473707.119,28312111.893,0.8989
1.0000000,74.8460000,-142.6740800,-6.8211830,207.9879680,-0.9111850,0.0563170,0.2202780,22.6406365,114.0099853,49.2890000,75775.0000000,0.0000000,6637.0000000,6638.0000000,26303557.524,-10473707.119,28312111.882,0.9129
1.0000000,74.9520000,-142.6797120,-6.8242300,207.9880960,-0.9251090,0.0570930,0.2219340,22.6406364,114.0099854,49.2700000,75881.0000000,0.0000000,6647.0000000,6647.0000000,26303557.513,-10473707.128,28312111.875,0.9269
1.0000000,75.0560000,-142.6791200,-6.8259840,207.9892000,-0.9392710,0.0580950,0.2239380,22.6406363,114.0099854,49.2510000,75986.0000000,0.0000000,6656.0000000,6657.0000000,26303557.502,-10473707.128,28312111.865,0.9411
1.0000000,75.1620000,-142.6618880,-6.8010460,207.9875520,-0.8795550,0.0546600,0.2201110,22.6406393,114.0099853,49.3040000,76092.0000000,0.0000000,6666.0000000,6667.0000000,26303557.835,-10473707.119,28312112.171,0.8813
1.0000000,75.2680000,-142.6656640,-6.8049620,207.9869920,-0.8938160,0.0556390,0.2215860,22.6406392,114.0099853,49.2850000,76198.0000000,0.0000000,6676.0000000,6676.0000000,26303557.824,-10473707.119,28312112.161,0.8955
1.0000000,75.3730000,-142.6730880,-6.8121390,207.9883840,-0.9077220,0.0565620,0.2229950,22.6406392,114.0099854,49.2660000,76303.0000000,0.0000000,6685.0000000,6686.0000000,26303557.824,-10473707.128,28312112.164,0.9095
1.0000000,75.4780000,-142.6772160,-6.8180410,207.9888640,-0.9215090,0.0574240,0.2248660,22.6406390,114.0099854,49.2470000,76408.0000000,0.0000000,6694.0000000,6694.0000000,26303557.801,-10473707.128,28312112.143,0.9233
1.0000000,75.5830000,-142.6782560,-6.8196870,207.9899840,-0.9353280,0.0583710,0.2266750,22.6406388,114.0099855,49.2280000,76513.0000000,0.0000000,6702.0000000,6703.0000000,26303557.779,-10473707.137,28312112.126,0.9371
1.0000000,75.6890000,-142.6604800,-6.7932230,207.9888800,-0.8765810,0.0547500,0.2229530,22.6406415,114.0099853,49.2810000,76619.0000000,0.0000000,6712.0000000,6712.0000000,26303558.079,-10473707.119,28312112.398,0.8783
1.0000000,75.7940000,-142.6623200,-6.7968760,207.9883680,-0.8907070,0.0558380,0.2241400,22.6406415,114.0099854,49.2620000,76724.0000000,0.0000000,6720.0000000,6721.0000000,26303558.079,-10473707.128,28312112.401,0.8925
1.0000000,75.9000000,-142.6678720,-6.8034800,207.9896000,-0.9045760,0.0568280,0.2256000,22.6406415,114.0099854,49.2430000,76830.0000000,0.0000000,6729.0000000,6730.0000000,26303558.079,-10473707.128,28312112.401,0.9064
1.0000000,76.0070000,-142.6721760,-6.8094620,207.9904800,-0.9184660,0.0575670,0.2274030,22.6406416,114.0099855,49.2230000,76937.0000000,0.0000000,6738.0000000,6739.0000000,26303558.090,-10473707.137,28312112.415,0.9203
1.0000000,76.1120000,-142.6553760,-6.7857850,207.9887360,-0.8603600,0.0541020,0.2238460,22.6406441,114.0099853,49.2760000,77042.0000000,0.0000000,6747.0000000,6748.0000000,26303558.367,-10473707.119,28312112.666,0.8621
1.0000000,76.2190000,-142.6529920,-6.7872240,207.9900000,-0.8743940,0.0552130,0.2254020,22.6406442,114.0099854,49.2560000,77149.0000000,0.0000000,6756.0000000,6757.0000000,26303558.378,-10473707.128,28312112.679,0.8761
1.0000000,76.3250000,-142.6561280,-6.7917280,207.9904000,-0.8884390,0.0561570,0.2268460,22.6406441,114.0099854,49.2370000,77255.0000000,0.0000000,6766.0000000,6767.0000000,26303558.367,-10473707.128,28312112.669,0.8902
1.0000000,76.4310000,-142.6630560,-6.7996400,207.9909440,-0.9021590,0.0569840,0.2284310,22.6406440,114.0099855,49.2170000,77361.0000000,0.0000000,6776.0000000,6776.0000000,26303558.356,-10473707.137,28312112.662,0.9040
1.0000000,76.5360000,-142.6668320,-6.8063660,207.9916000,-0.9157010,0.0577990,0.2299920,22.6406438,114.0099855,49.1990000,77466.0000000,0.0000000,6785.0000000,6786.0000000,26303558.334,-10473707.137,28312112.641,0.9175
1.0000000,76.6420000,-142.6498880,-6.7819090,207.9894560,-0.8586210,0.0542390,0.2264690,22.6406460,114.0099854,49.2500000,77572.0000000,0.0000000,6795.0000000,6796.0000000,26303558.578,-10473707.128,28312112.865,0.8603
1.0000000,76.7460000,-142.6492160,-6.7836650,207.9897440,-0.8723120,0.0552440,0.2280500,22.6406459,114.0099855,49.2310000,77677.0000000,0.0000000,6804.0000000,6805.0000000,26303558.567,-10473707.137,28312112.858,0.8741
1.0000000,76.8520000,-142.6520320,-6.7873130,207.9905760,-0.8862900,0.0559560,0.2293100,22.6406456,114.0099855,49.2110000,77783.0000000,0.0000000,6814.0000000,6815.0000000,26303558.534,-10473707.137,28312112.827,0.8881
1.0000000,76.9580000,-142.6601120,-6.7939700,207.9919840,-0.8999300,0.0567900,0.2306800,22.6406454,114.0099856,49.1920000,77889.0000000,0.0000000,6824.0000000,6824.0000000,26303558.511,-10473707.146,28312112.810,0.9017
1.0000000,77.0630000,-142.6669120,-6.8002260,207.9926880,-0.9132820,0.0575910,0.2323530,22.6406450,114.0099856,49.1730000,77994.0000000,0.0000000,6833.0000000,6834.0000000,26303558.467,-10473707.146,28312112.769,0.9151
1.0000000,77.1690000,-142.6509280,-6.7769500,207.9890880,-0.8566680,0.0539820,0.2288960,22.6406466,114.0099855,49.2240000,78100.0000000,0.0000000,6842.0000000,6843.0000000,26303558.645,-10473707.137,28312112.930,0.8584
1.0000000,77.2750000,-142.6495360,-6.7780860,207.9883840,-0.8703740,0.0550450,0.2306000,22.6406464,114.0099856,49.2050000,78206.0000000,0.0000000,6851.0000000,6852.0000000,26303558.622,-10473707.146,28312112.913,0.8721
1.0000000,77.3810000,-142.6535040,-6.7829180,207.9890080,-0.8843240,0.0559220,0.2318390,22.6406462,114.0099856,49.1850000,78312.0000000,0.0000000,6860.0000000,6861.0000000,26303558.600,-10473707.146,28312112.892,0.8861
1.0000000,77.4870000,-142.6606560,-6.7906650,207.9897760,-0.8978530,0.0569190,0.2332170,22.6406460,114.0099857,49.1650000,78418.0000000,0.0000000,6869.0000000,6870.0000000,26303558.578,-10473707.156,28312112.875,0.8997
1.0000000,77.5930000,-142.6629600,-6.7949510,207.9882400,-0.9112330,0.0576870,0.2350140,22.6406457,114.0099857,49.1460000,78524.0000000,0.0000000,6878.0000000,6879.0000000,26303558.545,-10473707.156,28312112.844,0.9131
1.0000000,77.6980000,-142.6461120,-6.7714770,207.9872160,-0.8549300,0.0541590,0.2317990,22.6406475,114.0099856,49.1910000,78629.0000000,0.0000000,6887.0000000,6887.0000000,26303558.744,-10473707.146,28312113.026,0.8566
1.0000000,77.8040000,-142.6448000,-6.7725150,207.9902400,-0.8683970,0.0551210,0.2333380,22.6406475,114.0099857,49.1720000,78735.0000000,0.0000000,6896.0000000,6896.0000000,26303558.744,-10473707.156,28312113.030,0.8701
1.0000000,77.9110000,-142.6460800,-6.7773620,207.9908320,-0.8822890,0.0561740,0.2346260,22.6406475,114.0099857,49.1520000,78842.0000000,0.0000000,6905.0000000,6905.0000000,26303558.744,-10473707.156,28312113.030,0.8841
1.0000000,78.0180000,-142.6534080,-6.7852470,207.9935520,-0.8957900,0.0569990,0.2361980,22.6406476,114.0099858,49.1320000,78949.0000000,0.0000000,6914.0000000,6914.0000000,26303558.755,-10473707.165,28312113.043,0.8976
1.0000000,78.1250000,-142.6409280,-6.7637110,207.9925760,-0.8406210,0.0532960,0.2326860,22.6406490,114.0099857,49.1810000,79056.0000000,0.0000000,6923.0000000,6924.0000000,26303558.911,-10473707.156,28312113.184,0.8423
1.0000000,78.2320000,-142.6390560,-6.7653580,207.9936000,-0.8538410,0.0541130,0.2344190,22.6406490,114.0099858,49.1610000,79163.0000000,0.0000000,6933.0000000,6934.0000000,26303558.911,-10473707.165,28312113.188,0.8556
1.0000000,78.3380000,-142.6391680,-6.7667460,207.9925600,-0.8673220,0.0551050,0.2359150,22.6406488,114.0099858,49.1410000,79269.0000000,0.0000000,6943.0000000,6943.0000000,26303558.889,-10473707.165,28312113.167,0.8691
1.0000000,78.4430000,-142.6437440,-6.7735470,207.9945120,-0.8806160,0.0560590,0.2371920,22.6406488,114.0099859,49.1220000,79374.0000000,0.0000000,6952.0000000,6953.0000000,26303558.889,-10473707.174,28312113.170,0.8824
1.0000000,78.5490000,-142.6502880,-6.7778250,207.9957920,-0.8938040,0.0567260,0.2388270,22.6406488,114.0099859,49.1020000,79480.0000000,0.0000000,6962.0000000,6963.0000000,26303558.889,-10473707.174,28312113.170,0.8956
1.0000000,78.6530000,-142.6394880,-6.7581580,207.9941600,-0.8384870,0.0530340,0.2352220,22.6406500,114.0099859,49.1520000,79585.0000000,0.0000000,6971.0000000,6972.0000000,26303559.022,-10473707.174,28312113.294,0.8402
1.0000000,78.7590000,-142.6374880,-6.7595120,207.9954240,-0.8515090,0.0538310,0.2370630,22.6406501,114.0099859,49.1320000,79691.0000000,0.0000000,6981.0000000,6982.0000000,26303559.033,-10473707.174,28312113.304,0.8532
1.0000000,78.8650000,-142.6368800,-6.7598630,207.9979680,-0.8649070,0.0549620,0.2384410,22.6406502,114.0099860,49.1120000,79797.0000000,0.0000000,6991.0000000,6991.0000000,26303559.044,-10473707.183,28312113.318,0.8667
1.0000000,78.9700000,-142.6387840,-6.7630480,207.9990080,-0.8782230,0.0558560,0.2399070,22.6406503,114.0099860,49.0920000,79902.0000000,0.0000000,7000.0000000,7001.0000000,26303559.055,-10473707.183,28312113.328,0.8800
1.0000000,79.0760000,-142.6440480,-6.7687730,208.0015520,-0.8913730,0.0567570,0.2411970,22.6406504,114.0099861,49.0720000,80008.0000000,0.0000000,7009.0000000,7010.0000000,26303559.066,-10473707.192,28312113.342,0.8932
1.0000000,79.1820000,-142.6264160,-6.7418580,208.0020000,-0.8362590,0.0527270,0.2380380,22.6406518,114.0099860,49.1220000,80114.0000000,0.0000000,7018.0000000,7019.0000000,26303559.221,-10473707.183,28312113.483,0.8379
1.0000000,79.2870000,-142.6243040,-6.7410290,208.0042560,-0.8490040,0.0537480,0.2395300,22.6406520,114.0099860,49.1020000,80219.0000000,0.0000000,7027.0000000,7028.0000000,26303559.244,-10473707.183,28312113.504,0.8507
1.0000000,79.3920000,-142.6215520,-6.7425010,208.0051680,-0.8622950,0.0547150,0.2410830,22.6406521,114.0099861,49.0820000,80324.0000000,0.0000000,7036.0000000,7036.0000000,26303559.255,-10473707.192,28312113.517,0.8640
1.0000000,79.4980000,-142.6118240,-6.7390830,208.0067200,-0.8733780,0.0569080,0.2424210,22.6406522,114.0099861,49.0620000,80430.0000000,0.0000000,7045.0000000,7045.0000000,26303559.266,-10473707.192,28312113.528,0.8752
1.0000000,79.7090000,-142.6356000,-6.7584630,208.0158240,-0.9009170,0.0570430,0.2451210,22.6406524,114.0099862,49.0230000,80641.0000000,0.0000000,7062.0000000,7063.0000000,26303559.288,-10473707.202,28312113.552,0.9027
1.0000000,79.8160000,-142.6333920,-6.7589840,208.0192480,-0.9137220,0.0576640,0.2469340,22.6406526,114.0099863,49.0020000,80748.0000000,0.0000000,7071.0000000,7072.0000000,26303559.310,-10473707.211,28312113.576,0.9155
1.0000000,79.9220000,-142.6299200,-6.7578450,208.0221120,-0.9272790,0.0588100,0.2483740,22.6406528,114.0099863,48.9830000,80854.0000000,0.0000000,7080.0000000,7081.0000000,26303559.332,-10473707.211,28312113.596,0.9291
1.0000000,80.0280000,-142.6334400,-6.7625460,208.0238400,-0.9409750,0.0598090,0.2495840,22.6406530,114.0099864,48.9630000,80960.0000000,0.0000000,7090.0000000,7090.0000000,26303559.354,-10473707.220,28312113.620,0.9429
1.0000000,80.1340000,-142.6402080,-6.7704310,208.0278720,-0.9541790,0.0607020,0.2507300,22.6406530,114.0099865,48.9430000,81066.0000000,0.0000000,7099.0000000,7100.0000000,26303559.354,-10473707.229,28312113.624,0.9561
1.0000000,80.2400000,-142.6458560,-6.7764970,208.0311200,-0.9671480,0.0612560,0.2524030,22.6406531,114.0099865,48.9230000,81172.0000000,0.0000000,7109.0000000,7110.0000000,26303559.366,-10473707.229,28312113.634,0.9691
1.0000000,80.3450000,-142.6439360,-6.7772200,208.0317760,-0.9803200,0.0620620,0.2541280,22.6406530,114.0099866,48.9030000,81277.0000000,0.0000000,7118.0000000,7119.0000000,26303559.354,-10473707.238,28312113.627,0.9823
1.0000000,80.4510000,-142.6418080,-6.7778570,208.0339680,-0.9941920,0.0630730,0.2555900,22.6406531,114.0099866,48.8830000,81383.0000000,0.0000000,7128.0000000,7129.0000000,26303559.366,-10473707.238,28312113.637,0.9962
1.0000000,80.5570000,-142.6454400,-6.7817110,208.0373120,-1.0082600,0.0639740,0.2566480,22.6406531,114.0099867,48.8640000,81489.0000000,0.0000000,7138.0000000,7138.0000000,26303559.366,-10473707.247,28312113.641,1.0103
1.0000000,80.6610000,-142.6522080,-6.7877080,208.0415040,-1.0218180,0.0648450,0.2577840,22.6406531,114.0099867,48.8440000,81594.0000000,0.0000000,7147.0000000,7148.0000000,26303559.366,-10473707.247,28312113.641,1.0239
1.0000000,80.7670000,-142.6575360,-6.7929720,208.0455680,-1.0352490,0.0654680,0.2594600,22.6406533,114.0099868,48.8240000,81700.0000000,0.0000000,7157.0000000,7158.0000000,26303559.388,-10473707.257,28312113.665,1.0373
1.0000000,80.8720000,-142.6558560,-6.7947320,208.0477280,-1.0487160,0.0663320,0.2612040,22.6406533,114.0099869,48.8050000,81805.0000000,0.0000000,7166.0000000,7167.0000000,26303559.388,-10473707.266,28312113.668,1.0508
1.0000000,80.9780000,-142.6540800,-6.7952970,208.0507680,-1.0629780,0.0674110,0.2627210,22.6406533,114.0099869,48.7850000,81911.0000000,0.0000000,7176.0000000,7177.0000000,26303559.388,-10473707.266,28312113.668,1.0651
1.0000000,81.0830000,-142.6556000,-6.7983940,208.0527680,-1.0772470,0.0684110,0.2638650,22.6406532,114.0099870,48.7650000,82016.0000000,0.0000000,7185.0000000,7186.0000000,26303559.377,-10473707.275,28312113.661,1.0794
1.0000000,81.1880000,-142.6614080,-6.8050120,208.0554880,-1.0911160,0.0693670,0.2650890,22.6406531,114.0099870,48.7460000,82121.0000000,0.0000000,7194.0000000,7194.0000000,26303559.366,-10473707.275,28312113.651,1.0933
1.0000000,81.2930000,-142.6668320,-6.8103930,208.0566880,-1.1048470,0.0701220,0.2666360,22.6406527,114.0099871,48.7260000,82226.0000000,0.0000000,7202.0000000,7203.0000000,26303559.321,-10473707.284,28312113.613,1.1071
1.0000000,81.3990000,-142.6668480,-6.8132310,208.0569920,-1.1187360,0.0707970,0.2682180,22.6406524,114.0099872,48.7060000,82332.0000000,0.0000000,7211.0000000,7212.0000000,26303559.288,-10473707.293,28312113.586,1.1210
1.0000000,81.5060000,-142.6650240,-6.8143250,208.0603680,-1.1334080,0.0717870,0.2697320,22.6406522,114.0099872,48.6860000,82439.0000000,0.0000000,7220.0000000,7221.0000000,26303559.266,-10473707.293,28312113.565,1.1357
1.0000000,81.6110000,-142.6673600,-6.8169350,208.0617280,-1.1481260,0.0728430,0.2707890,22.6406521,114.0099873,48.6670000,82544.0000000,0.0000000,7229.0000000,7230.0000000,26303559.255,-10473707.303,28312113.558,1.1504
1.0000000,81.7170000,-142.6729600,-6.8227700,208.0627840,-1.1625560,0.0736710,0.2720670,22.6406517,114.0099874,48.6470000,82650.0000000,0.0000000,7238.0000000,7239.0000000,26303559.210,-10473707.312,28312113.520,1.1649
1.0000000,81.8240000,-142.6779040,-6.8290260,208.0642400,-1.1767570,0.0744210,0.2735550,22.6406515,114.0099875,48.6260000,82757.0000000,0.0000000,7247.0000000,7248.0000000,26303559.188,-10473707.321,28312113.503,1.1791
1.0000000,81.9280000,-142.6785120,-6.8338200,208.0688000,-1.1910010,0.0751560,0.2750510,22.6406514,114.0099875,48.6070000,82861.0000000,0.0000000,7256.0000000,7257.0000000,26303559.177,-10473707.321,28312113.493,1.1934
1.0000000,82.0340000,-142.6769440,-6.8326340,208.0740640,-1.2058430,0.0760660,0.2764330,22.6406517,114.0099876,48.5870000,82967.0000000,0.0000000,7266.0000000,7266.0000000,26303559.210,-10473707.330,28312113.527,1.2082
1.0000000,82.1400000,-142.6758880,-6.8342050,208.0774560,-1.2209390,0.0771980,0.2776230,22.6406517,114.0099877,48.5670000,83073.0000000,0.0000000,7275.0000000,7276.0000000,26303559.210,-10473707.339,28312113.530,1.2234
1.0000000,82.2460000,-142.6809760,-6.8395080,208.0796480,-1.2359580,0.0781800,0.2791250,22.6406517,114.0099877,48.5380000,83179.0000000,0.0000000,7285.0000000,7285.0000000,26303559.210,-10473707.339,28312113.530,1.2384
1.0000000,82.3520000,-142.6879040,-6.8471960,208.0846240,-1.2506780,0.0789270,0.2805990,22.6406516,114.0099878,48.5180000,83285.0000000,0.0000000,7294.0000000,7295.0000000,26303559.199,-10473707.349,28312113.524,1.2532
1.0000000,82.4590000,-142.6894880,-6.8493820,208.0880960,-1.2654140,0.0796310,0.2820480,22.6406516,114.0099879,48.4980000,83392.0000000,0.0000000,7304.0000000,7305.0000000,26303559.199,-10473707.358,28312113.527,1.2679
1.0000000,82.5640000,-142.6881440,-6.8508560,208.0888480,-1.2805610,0.0805700,0.2834580,22.6406514,114.0099880,48.4780000,83498.0000000,0.0000000,7314.0000000,7314.0000000,26303559.177,-10473707.367,28312113.510,1.2831
1.0000000,82.6690000,-142.6878720,-6.8521370,208.0913760,-1.2958220,0.0817210,0.2846320,22.6406512,114.0099880,48.4590000,83603.0000000,0.0000000,7323.0000000,7324.0000000,26303559.155,-10473707.367,28312113.489,1.2984
1.0000000,82.7750000,-142.6921280,-6.8567760,208.0944000,-1.3112750,0.0827440,0.2858420,22.6406511,114.0099881,48.4390000,83709.0000000,0.0000000,7333.0000000,7334.0000000,26303559.144,-10473707.376,28312113.482,1.3139
1.0000000,82.8810000,-142.6995040,-6.8628860,208.0964160,-1.3263420,0.0835810,0.2870580,22.6406509,114.0099882,48.4190000,83815.0000000,0.0000000,7343.0000000,7343.0000000,26303559.122,-10473707.385,28312113.465,1.3290
1.0000000,82.9860000,-142.7032160,-6.8674700,208.1000640,-1.3413130,0.0842960,0.2883020,22.6406506,114.0099883,48.4000000,83920.0000000,0.0000000,7352.0000000,7353.0000000,26303559.088,-10473707.394,28312113.437,1.3440
1.0000000,83.0910000,-142.7029120,-6.8686810,208.1006240,-1.3564330,0.0852760,0.2899180,22.6406502,114.0099884,48.3800000,84025.0000000,0.0000000,7361.0000000,7361.0000000,26303559.044,-10473707.404,28312113.400,1.3591
1.0000000,83.1960000,-142.7006720,-6.8703510,208.1008640,-1.3720320,0.0863190,0.2912900,22.6406497,114.0099884,48.3600000,84130.0000000,0.0000000,7369.0000000,7370.0000000,26303558.988,-10473707.404,28312113.348,1.3747
1.0000000,83.3020000,-142.7023360,-6.8729970,208.1036320,-1.3881370,0.0874620,0.2922700,22.6406494,114.0099885,48.3410000,84236.0000000,0.0000000,7378.0000000,7379.0000000,26303558.955,-10473707.413,28312113.321,1.3909
1.0000000,83.4090000,-142.7095520,-6.8812870,208.1084000,-1.4039110,0.0884390,0.2933410,22.6406490,114.0099886,48.3210000,84343.0000000,0.0000000,7387.0000000,7388.0000000,26303558.911,-10473707.422,28312113.283,1.4067
1.0000000,83.5140000,-142.7126080,-6.8867490,208.1112480,-1.4190710,0.0891370,0.2946640,22.6406485,114.0099887,48.3020000,84448.0000000,0.0000000,7396.0000000,7397.0000000,26303558.855,-10473707.431,28312113.235,1.4219
1.0000000,83.6200000,-142.7119680,-6.8887890,208.1135520,-1.4346410,0.0899890,0.2962060,22.6406482,114.0099888,48.2820000,84554.0000000,0.0000000,7405.0000000,7406.0000000,26303558.822,-10473707.440,28312113.207,1.4375
1.0000000,83.7260000,-142.7093600,-6.8895190,208.1171520,-1.4508070,0.0911950,0.2974750,22.6406478,114.0099889,48.2630000,84660.0000000,0.0000000,7414.0000000,7415.0000000,26303558.778,-10473707.450,28312113.169,1.4537
1.0000000,83.8310000,-142.7133120,-6.8931170,208.1190080,-1.4670590,0.0922310,0.2985250,22.6406472,114.0099890,48.2440000,84765.0000000,0.0000000,7423.0000000,7424.0000000,26303558.711,-10473707.459,28312113.111,1.4700
1.0000000,83.9370000,-142.7202720,-6.8990420,208.1200160,-1.4830580,0.0932210,0.2995500,22.6406465,114.0099891,48.2240000,84871.0000000,0.0000000,7432.0000000,7432.0000000,26303558.633,-10473707.468,28312113.042,1.4860
1.0000000,84.0420000,-142.7246080,-6.9020640,208.1191040,-1.4986080,0.0940300,0.3010400,22.6406458,114.0099892,48.2050000,84976.0000000,0.0000000,7441.0000000,7442.0000000,26303558.556,-10473707.477,28312112.973,1.5016
1.0000000,84.1480000,-142.7258240,-6.9033720,208.1203200,-1.5144790,0.0949800,0.3025940,22.6406451,114.0099892,48.1860000,85082.0000000,0.0000000,7451.0000000,7452.0000000,26303558.478,-10473707.477,28312112.901,1.5175
1.0000000,84.3590000,-142.6814080,-6.8371330,208.1176320,-1.3375140,0.0840750,0.2962430,22.6406481,114.0099891,48.2500000,85293.0000000,0.0000000,7470.0000000,7471.0000000,26303558.811,-10473707.468,28312113.207,1.3402
1.0000000,84.4650000,-142.6861440,-6.8431840,208.1177600,-1.3524630,0.0849640,0.2973620,22.6406475,114.0099892,48.2300000,85399.0000000,0.0000000,7480.0000000,7480.0000000,26303558.744,-10473707.477,28312113.149,1.3551
1.0000000,84.5690000,-142.6915040,-6.8478220,208.1181760,-1.3669920,0.0856920,0.2987860,22.6406470,114.0099893,48.2120000,85504.0000000,0.0000000,7489.0000000,7490.0000000,26303558.689,-10473707.486,28312113.100,1.3697
1.0000000,84.6750000,-142.6916960,-6.8485600,208.1226240,-1.3817110,0.0863340,0.3002520,22.6406468,114.0099894,48.1920000,85610.0000000,0.0000000,7499.0000000,7500.0000000,26303558.667,-10473707.496,28312113.083,1.3844
1.0000000,84.7800000,-142.6533280,-6.7877590,208.1179520,-1.2188540,0.0762650,0.2936470,22.6406501,114.0099892,48.2710000,85715.0000000,0.0000000,7508.0000000,7509.0000000,26303559.033,-10473707.477,28312113.416,1.2212
1.0000000,84.8860000,-142.6506240,-6.7891680,208.1200160,-1.2330370,0.0773680,0.2948040,22.6406499,114.0099892,48.2520000,85821.0000000,0.0000000,7518.0000000,7519.0000000,26303559.011,-10473707.477,28312113.396,1.2355
1.0000000,84.9910000,-142.6547360,-6.7947220,208.1212320,-1.2468530,0.0782400,0.2957870,22.6406494,114.0099893,48.2330000,85926.0000000,0.0000000,7527.0000000,7528.0000000,26303558.955,-10473707.486,28312113.348,1.2493
1.0000000,85.0960000,-142.6616320,-6.8012080,208.1216800,-1.2605950,0.0787820,0.2970720,22.6406488,114.0099894,48.2140000,86031.0000000,0.0000000,7536.0000000,7536.0000000,26303558.889,-10473707.496,28312113.289,1.2631
1.0000000,85.2020000,-142.6647200,-6.8058430,208.1233760,-1.2743810,0.0794550,0.2982590,22.6406484,114.0099895,48.1950000,86137.0000000,0.0000000,7545.0000000,7545.0000000,26303558.844,-10473707.505,28312113.251,1.2769
1.0000000,85.3080000,-142.6300640,-6.7550980,208.1200640,-1.1339320,0.0706870,0.2923830,22.6406513,114.0099893,48.2690000,86243.0000000,0.0000000,7554.0000000,7554.0000000,26303559.166,-10473707.486,28312113.544,1.1361
1.0000000,85.4130000,-142.6293440,-6.7570690,208.1207520,-1.1472320,0.0715890,0.2934890,22.6406507,114.0099893,48.2510000,86348.0000000,0.0000000,7562.0000000,7563.0000000,26303559.099,-10473707.486,28312113.482,1.1495
1.0000000,85.5190000,-142.6333440,-6.7613340,208.1229120,-1.1607320,0.0724230,0.2944780,22.6406503,114.0099894,48.2310000,86454.0000000,0.0000000,7571.0000000,7572.0000000,26303559.055,-10473707.496,28312113.444,1.1630
1.0000000,85.6260000,-142.6382560,-6.7690430,208.1226560,-1.1739340,0.0729830,0.2956310,22.6406498,114.0099895,48.2120000,86561.0000000,0.0000000,7580.0000000,7581.0000000,26303559.000,-10473707.505,28312113.396,1.1762
1.0000000,85.7310000,-142.6132800,-6.7258580,208.1195040,-1.0513700,0.0651700,0.2897860,22.6406525,114.0099893,48.2840000,86666.0000000,0.0000000,7589.0000000,7590.0000000,26303559.299,-10473707.486,28312113.667,1.0534
1.0000000,85.8380000,-142.6103520,-6.7239680,208.1197280,-1.0638160,0.0659800,0.2913500,22.6406522,114.0099894,48.2640000,86773.0000000,0.0000000,7598.0000000,7599.0000000,26303559.266,-10473707.496,28312113.640,1.0659
1.0000000,85.9440000,-142.6096320,-6.7255130,208.1216960,-1.0766390,0.0669370,0.2925630,22.6406521,114.0099895,48.2450000,86879.0000000,0.0000000,7608.0000000,7609.0000000,26303559.255,-10473707.505,28312113.633,1.0787
1.0000000,86.0500000,-142.6143360,-6.7308150,208.1247040,-1.0893460,0.0678340,0.2933270,22.6406519,114.0099895,48.2260000,86985.0000000,0.0000000,7618.0000000,7618.0000000,26303559.232,-10473707.505,28312113.612,1.0915
1.0000000,86.1550000,-142.6212640,-6.7369330,208.1266720,-1.1016930,0.0682640,0.2945760,22.6406515,114.0099896,48.2070000,87090.0000000,0.0000000,7627.0000000,7628.0000000,26303559.188,-10473707.514,28312113.574,1.1038
1.0000000,86.2610000,-142.5999040,-6.6989060,208.1250080,-0.9928540,0.0612500,0.2891570,22.6406541,114.0099894,48.2750000,87196.0000000,0.0000000,7637.0000000,7638.0000000,26303559.477,-10473707.496,28312113.836,0.9947
1.0000000,86.3660000,-142.5975200,-6.6986790,208.1262240,-1.0045710,0.0620040,0.2906230,22.6406539,114.0099895,48.2560000,87301.0000000,0.0000000,7646.0000000,7647.0000000,26303559.454,-10473707.505,28312113.818,1.0065
1.0000000,86.4710000,-142.5960160,-6.6998760,208.1286240,-1.0167160,0.0630690,0.2916020,22.6406539,114.0099896,48.2370000,87407.0000000,0.0000000,7656.0000000,7657.0000000,26303559.454,-10473707.514,28312113.822,1.0187
1.0000000,86.5770000,-142.5984000,-6.7046770,208.1318720,-1.0289720,0.0637390,0.2927150,22.6406539,114.0099896,48.2190000,87513.0000000,0.0000000,7666.0000000,7666.0000000,26303559.454,-10473707.514,28312113.822,1.0309
1.0000000,86.6820000,-142.6040960,-6.7119890,208.1356480,-1.0409680,0.0642770,0.2937400,22.6406539,114.0099897,48.1990000,87618.0000000,0.0000000,7675.0000000,7676.0000000,26303559.454,-10473707.523,28312113.825,1.0430
1.0000000,86.7880000,-142.5849920,-6.6783030,208.1377120,-0.9428980,0.0580440,0.2889610,22.6406566,114.0099895,48.2640000,87724.0000000,0.0000000,7685.0000000,7686.0000000,26303559.754,-10473707.505,28312114.097,0.9447
1.0000000,86.8930000,-142.5840160,-6.6793960,208.1389600,-0.9540540,0.0585840,0.2904560,22.6406564,114.0099896,48.2460000,87829.0000000,0.0000000,7694.0000000,7694.0000000,26303559.732,-10473707.514,28312114.079,0.9559
1.0000000,86.9990000,-142.5815040,-6.6789180,208.1395680,-0.9658190,0.0592250,0.2915670,22.6406562,114.0099897,48.2270000,87935.0000000,0.0000000,7703.0000000,7703.0000000,26303559.709,-10473707.523,28312114.062,0.9676
1.0000000,87.1040000,-142.5832640,-6.6820090,208.1396320,-0.9776360,0.0600070,0.2923660,22.6406558,114.0099897,48.2080000,88040.0000000,0.0000000,7711.0000000,7712.0000000,26303559.665,-10473707.523,28312114.021,0.9795
1.0000000,87.2100000,-142.5689760,-6.6535800,208.1388160,-0.8896420,0.0546440,0.2874240,22.6406581,114.0099896,48.2710000,88146.0000000,0.0000000,7720.0000000,7721.0000000,26303559.920,-10473707.514,28312114.255,0.8913
1.0000000,87.3160000,-142.5735840,-6.6589110,208.1431520,-0.9003080,0.0551670,0.2887130,22.6406581,114.0099897,48.2530000,88252.0000000,0.0000000,7729.0000000,7730.0000000,26303559.920,-10473707.523,28312114.258,0.9020
1.0000000,87.4220000,-142.5739360,-6.6614130,208.1469600,-0.9110650,0.0555700,0.2900920,22.6406582,114.0099897,48.2340000,88358.0000000,0.0000000,7738.0000000,7739.0000000,26303559.931,-10473707.523,28312114.268,0.9128
1.0000000,87.5280000,-142.5702720,-6.6617620,208.1492640,-0.9223770,0.0562360,0.2913080,22.6406583,114.0099898,48.2140000,88464.0000000,0.0000000,7747.0000000,7748.0000000,26303559.942,-10473707.532,28312114.282,0.9241
1.0000000,87.6340000,-142.5706080,-6.6637210,208.1515200,-0.9339030,0.0569790,0.2920330,22.6406584,114.0099898,48.1950000,88570.0000000,0.0000000,7756.0000000,7757.0000000,26303559.954,-10473707.532,28312114.292,0.9356
1.0000000,87.7410000,-142.5587520,-6.6400830,208.1529600,-0.8535330,0.0520380,0.2871530,22.6406609,114.0099897,48.2560000,88677.0000000,0.0000000,7765.0000000,7766.0000000,26303560.231,-10473707.523,28312114.547,0.8551
1.0000000,87.8470000,-142.5625760,-6.6452600,208.1560000,-0.8637790,0.0524120,0.2884970,22.6406610,114.0099897,48.2370000,88783.0000000,0.0000000,7775.0000000,7776.0000000,26303560.242,-10473707.523,28312114.557,0.8654
1.0000000,87.9530000,-142.5630560,-6.6477090,208.1594400,-0.8742380,0.0528040,0.2902990,22.6406612,114.0099898,48.2070000,88889.0000000,0.0000000,7785.0000000,7785.0000000,26303560.264,-10473707.532,28312114.581,0.8758
1.0000000,88.0590000,-142.5595680,-6.6474400,208.1599200,-0.8852990,0.0533920,0.2914140,22.6406610,114.0099899,48.1880000,88995.0000000,0.0000000,7794.0000000,7795.0000000,26303560.242,-10473707.541,28312114.564,0.8869
1.0000000,88.1650000,-142.5610240,-6.6495970,208.1618080,-0.8966790,0.0540760,0.2922420,22.6406611,114.0099899,48.1690000,89101.0000000,0.0000000,7804.0000000,7805.0000000,26303560.253,-10473707.541,28312114.574,0.8983
1.0000000,88.2690000,-142.5495680,-6.6269810,208.1623520,-0.8221830,0.0495580,0.2876350,22.6406633,114.0099898,48.2290000,89206.0000000,0.0000000,7813.0000000,7814.0000000,26303560.497,-10473707.532,28312114.797,0.8237
1.0000000,88.3750000,-142.5546560,-6.6326520,208.1649280,-0.8321000,0.0499450,0.2889150,22.6406634,114.0099898,48.2100000,89312.0000000,0.0000000,7823.0000000,7824.0000000,26303560.508,-10473707.532,28312114.808,0.8336
1.0000000,88.4810000,-142.5542720,-6.6336560,208.1667200,-0.8422480,0.0502660,0.2901430,22.6406634,114.0099899,48.1910000,89418.0000000,0.0000000,7833.0000000,7833.0000000,26303560.508,-10473707.541,28312114.811,0.8437
1.0000000,88.5860000,-142.5532960,-6.6339690,208.1677280,-0.8529150,0.0507950,0.2911890,22.6406635,114.0099899,48.1730000,89523.0000000,0.0000000,7842.0000000,7843.0000000,26303560.519,-10473707.541,28312114.821,0.8544
1.0000000,88.6920000,-142.5522400,-6.6344860,208.1715680,-0.8637210,0.0516410,0.2921260,22.6406638,114.0099900,48.1530000,89629.0000000,0.0000000,7852.0000000,7852.0000000,26303560.553,-10473707.551,28312114.856,0.8653
1.0000000,88.7980000,-142.5416320,-6.6152390,208.1736160,-0.7947560,0.0475690,0.2876360,22.6406660,114.0099899,48.2120000,89735.0000000,0.0000000,7861.0000000,7861.0000000,26303560.797,-10473707.541,28312115.079,0.7962
1.0000000,88.9030000,-142.5462880,-6.6197740,208.1753440,-0.8045940,0.0477860,0.2887490,22.6406661,114.0099899,48.1930000,89840.0000000,0.0000000,7869.0000000,7870.0000000,26303560.808,-10473707.541,28312115.089,0.8060
1.0000000,89.0090000,-142.5479200,-6.6219460,208.1777920,-0.8145070,0.0480040,0.2899740,22.6406661,114.0099900,48.1740000,89946.0000000,0.0000000,7878.0000000,7879.0000000,26303560.808,-10473707.551,28312115.093,0.8159
1.0000000,89.1160000,-142.5445920,-6.6218410,208.1796480,-0.8248300,0.0485340,0.2911720,22.6406660,114.0099900,48.1550000,90053.0000000,0.0000000,7887.0000000,7888.0000000,26303560.797,-10473707.551,28312115.082,0.8263
1.0000000,89.2210000,-142.5290880,-6.5970680,208.1799200,-0.7609660,0.0448710,0.2868920,22.6406680,114.0099899,48.2130000,90158.0000000,0.0000000,7896.0000000,7897.0000000,26303561.018,-10473707.541,28312115.285,0.7623
1.0000000,89.3280000,-142.5346240,-6.6029190,208.1829280,-0.7710230,0.0453070,0.2876250,22.6406681,114.0099900,48.1940000,90265.0000000,0.0000000,7905.0000000,7906.0000000,26303561.030,-10473707.551,28312115.299,0.7724
1.0000000,89.4330000,-142.5392160,-6.6089780,208.1867040,-0.7804710,0.0456410,0.2887840,22.6406682,114.0099900,48.1750000,90370.0000000,0.0000000,7914.0000000,7915.0000000,26303561.041,-10473707.551,28312115.309,0.7818
1.0000000,89.5390000,-142.5424000,-6.6128790,208.1895840,-0.7901890,0.0458240,0.2900890,22.6406682,114.0099901,48.1550000,90476.0000000,0.0000000,7923.0000000,7924.0000000,26303561.041,-10473707.560,28312115.312,0.7915
1.0000000,89.6460000,-142.5386080,-6.6107500,208.1916800,-0.8005040,0.0464550,0.2912910,22.6406683,114.0099901,48.1360000,90583.0000000,0.0000000,7933.0000000,7933.0000000,26303561.052,-10473707.560,28312115.323,0.8019
1.0000000,89.7510000,-142.5250240,-6.5888270,208.1906080,-0.7403670,0.0430370,0.2870640,22.6406700,114.0099900,48.1940000,90688.0000000,0.0000000,7942.0000000,7943.0000000,26303561.240,-10473707.551,28312115.495,0.7416
1.0000000,89.8570000,-142.5286720,-6.5956310,208.1940960,-0.7500690,0.0436340,0.2877800,22.6406700,114.0099901,48.1750000,90794.0000000,0.0000000,7952.0000000,7952.0000000,26303561.240,-10473707.560,28312115.498,0.7513
1.0000000,89.9620000,-142.5343040,-6.6032340,208.1962560,-0.7595610,0.0437850,0.2889040,22.6406699,114.0099901,48.1560000,90899.0000000,0.0000000,7961.0000000,7962.0000000,26303561.229,-10473707.560,28312115.488,0.7608
1.0000000,90.0680000,-142.5372640,-6.6064370,208.1978080,-0.7691080,0.0439430,0.2900490,22.6406699,114.0099902,48.1370000,91005.0000000,0.0000000,7971.0000000,7972.0000000,26303561.229,-10473707.569,28312115.491,0.7704
1.0000000,90.1730000,-142.5355680,-6.6062960,208.2000320,-0.7789830,0.0444710,0.2911690,22.6406700,114.0099902,48.1180000,91111.0000000,0.0000000,7981.0000000,7981.0000000,26303561.240,-10473707.569,28312115.501,0.7803
1.0000000,90.2780000,-142.5205920,-6.5844020,208.1990080,-0.7220540,0.0413010,0.2870990,22.6406718,114.0099901,48.1740000,91216.0000000,0.0000000,7990.0000000,7991.0000000,26303561.440,-10473707.560,28312115.684,0.7232
1.0000000,90.3840000,-142.5234560,-6.5888670,208.2012800,-0.7318840,0.0417220,0.2880230,22.6406719,114.0099902,48.1550000,91322.0000000,0.0000000,8000.0000000,8000.0000000,26303561.451,-10473707.569,28312115.697,0.7331
1.0000000,90.4890000,-142.5299360,-6.5938480,208.2016320,-0.7413490,0.0421080,0.2890220,22.6406719,114.0099902,48.1370000,91427.0000000,0.0000000,8009.0000000,8010.0000000,26303561.451,-10473707.569,28312115.697,0.7425
1.0000000,90.5950000,-142.5337600,-6.5959190,208.2003840,-0.7506220,0.0423940,0.2902170,22.6406718,114.0099902,48.1180000,91533.0000000,0.0000000,8018.0000000,8019.0000000,26303561.440,-10473707.569,28312115.687,0.7518
1.0000000,90.7000000,-142.5335520,-6.5976530,208.2034240,-0.7599600,0.0428810,0.2916150,22.6406719,114.0099903,48.0990000,91638.0000000,0.0000000,8027.0000000,8028.0000000,26303561.451,-10473707.578,28312115.701,0.7612
1.0000000,90.8050000,-142.5186400,-6.5768120,208.2044800,-0.7057960,0.0397280,0.2878550,22.6406736,114.0099902,48.1530000,91743.0000000,0.0000000,8036.0000000,8037.0000000,26303561.640,-10473707.569,28312115.872,0.7069
1.0000000,90.9100000,-142.5203680,-6.5809930,208.2078400,-0.7155630,0.0404420,0.2884850,22.6406736,114.0099903,48.1350000,91848.0000000,0.0000000,8045.0000000,8045.0000000,26303561.640,-10473707.578,28312115.876,0.7167
1.0000000,91.0150000,-142.5239200,-6.5841630,208.2093280,-0.7249110,0.0409360,0.2894930,22.6406735,114.0099903,48.1160000,91953.0000000,0.0000000,8053.0000000,8054.0000000,26303561.629,-10473707.578,28312115.866,0.7261
1.0000000,91.1210000,-142.5287200,-6.5900240,208.2119520,-0.7340750,0.0411120,0.2906420,22.6406735,114.0099903,48.0970000,92059.0000000,0.0000000,8062.0000000,8063.0000000,26303561.629,-10473707.578,28312115.866,0.7352
1.0000000,91.2270000,-142.5173120,-6.5716490,208.2128320,-0.6823590,0.0379790,0.2871800,22.6406752,114.0099903,48.1500000,92165.0000000,0.0000000,8071.0000000,8072.0000000,26303561.817,-10473707.578,28312116.041,0.6834
1.0000000,91.3340000,-142.5149280,-6.5712070,208.2133920,-0.6919010,0.0385200,0.2882590,22.6406751,114.0099903,48.1310000,92272.0000000,0.0000000,8080.0000000,8081.0000000,26303561.806,-10473707.578,28312116.030,0.6930
1.0000000,91.4400000,-142.5166080,-6.5730140,208.2144000,-0.7015620,0.0390780,0.2888280,22.6406752,114.0099903,48.1120000,92378.0000000,0.0000000,8090.0000000,8091.0000000,26303561.817,-10473707.578,28312116.041,0.7026
1.0000000,91.5460000,-142.5219040,-6.5793110,208.2185120,-0.7108360,0.0396260,0.2896190,22.6406753,114.0099904,48.0930000,92484.0000000,0.0000000,8100.0000000,8100.0000000,26303561.828,-10473707.587,28312116.054,0.7119
1.0000000,91.6510000,-142.5280480,-6.5840090,208.2215040,-0.7198140,0.0398620,0.2908650,22.6406754,114.0099904,48.0750000,92589.0000000,0.0000000,8109.0000000,8110.0000000,26303561.839,-10473707.587,28312116.065,0.7209
1.0000000,91.7570000,-142.5165120,-6.5658310,208.2223840,-0.6702660,0.0370010,0.2875180,22.6406771,114.0099903,48.1280000,92695.0000000,0.0000000,8119.0000000,8120.0000000,26303562.028,-10473707.578,28312116.237,0.6713
1.0000000,91.8610000,-142.5147360,-6.5664600,208.2221280,-0.6794990,0.0375230,0.2885430,22.6406770,114.0099904,48.1090000,92800.0000000,0.0000000,8128.0000000,8129.0000000,26303562.017,-10473707.587,28312116.230,0.6805
1.0000000,91.9670000,-142.5136000,-6.5689050,208.2223680,-0.6891000,0.0380790,0.2893080,22.6406770,114.0099904,48.0900000,92906.0000000,0.0000000,8138.0000000,8139.0000000,26303562.017,-10473707.587,28312116.230,0.6902
1.0000000,92.0730000,-142.5199520,-6.5754450,208.2242400,-0.6982740,0.0385330,0.2905970,22.6406770,114.0099905,48.0590000,93012.0000000,0.0000000,8148.0000000,8148.0000000,26303562.017,-10473707.597,28312116.233,0.6993
1.0000000,92.1790000,-142.5244800,-6.5818000,208.2267200,-0.7071940,0.0387830,0.2917350,22.6406769,114.0099905,48.0410000,93118.0000000,0.0000000,8157.0000000,8158.0000000,26303562.006,-10473707.597,28312116.223,0.7083
1.0000000,92.2860000,-142.5120480,-6.5630680,208.2251040,-0.6597820,0.0360040,0.2884020,22.6406784,114.0099904,48.0930000,93225.0000000,0.0000000,8167.0000000,8167.0000000,26303562.172,-10473707.587,28312116.374,0.6608
1.0000000,92.3930000,-142.5099200,-6.5632850,208.2260160,-0.6692690,0.0366720,0.2892720,22.6406783,114.0099905,48.0730000,93332.0000000,0.0000000,8176.0000000,8176.0000000,26303562.161,-10473707.597,28312116.367,0.6703
1.0000000,92.5000000,-142.5137760,-6.5691630,208.2299200,-0.6787910,0.0371410,0.2900170,22.6406784,114.0099905,48.0540000,93439.0000000,0.0000000,8185.0000000,8185.0000000,26303562.172,-10473707.597,28312116.377,0.6798
1.0000000,92.6070000,-142.5205600,-6.5754610,208.2325280,-0.6877260,0.0373830,0.2911630,22.6406783,114.0099905,48.0350000,93546.0000000,0.0000000,8194.0000000,8194.0000000,26303562.161,-10473707.597,28312116.367,0.6887
1.0000000,92.7140000,-142.5183200,-6.5758730,208.2316480,-0.6967430,0.0376850,0.2924860,22.6406782,114.0099906,48.0150000,93653.0000000,0.0000000,8203.0000000,8203.0000000,26303562.150,-10473707.606,28312116.360,0.6978
1.0000000,92.8210000,-142.5030240,-6.5569670,208.2292480,-0.6513530,0.0353710,0.2889540,22.6406795,114.0099905,48.0670000,93760.0000000,0.0000000,8212.0000000,8212.0000000,26303562.294,-10473707.597,28312116.491,0.6523
1.0000000,92.9280000,-142.5047520,-6.5599850,208.2300960,-0.6607940,0.0357590,0.2896690,22.6406794,114.0099905,48.0470000,93867.0000000,0.0000000,8221.0000000,8221.0000000,26303562.283,-10473707.597,28312116.480,0.6618
1.0000000,93.0350000,-142.5108160,-6.5662690,208.2318080,-0.6697440,0.0359760,0.2906040,22.6406794,114.0099906,48.0280000,93974.0000000,0.0000000,8230.0000000,8230.0000000,26303562.283,-10473707.606,28312116.484,0.6707
1.0000000,93.1420000,-142.5135200,-6.5688650,208.2312480,-0.6784720,0.0362100,0.2918090,22.6406793,114.0099906,48.0090000,94081.0000000,0.0000000,8239.0000000,8239.0000000,26303562.272,-10473707.606,28312116.473,0.6794
1.0000000,93.2490000,-142.5000800,-6.5495520,208.2305760,-0.6347420,0.0338850,0.2884050,22.6406806,114.0099906,48.0600000,94188.0000000,0.0000000,8248.0000000,8249.0000000,26303562.416,-10473707.606,28312116.607,0.6356
1.0000000,93.3560000,-142.5019200,-6.5528280,208.2321440,-0.6440850,0.0344450,0.2891880,22.6406805,114.0099906,48.0410000,94295.0000000,0.0000000,8258.0000000,8259.0000000,26303562.405,-10473707.606,28312116.597,0.6450
1.0000000,93.4620000,-142.5074880,-6.5583260,208.2334080,-0.6528860,0.0348490,0.2899170,22.6406804,114.0099906,48.0220000,94401.0000000,0.0000000,8268.0000000,8268.0000000,26303562.394,-10473707.606,28312116.587,0.6538
1.0000000,93.5670000,-142.5120320,-6.5636200,208.2359840,-0.6613520,0.0350670,0.2911330,22.6406803,114.0099907,48.0030000,94506.0000000,0.0000000,8277.0000000,8278.0000000,26303562.383,-10473707.615,28312116.580,0.6623
1.0000000,93.6720000,-142.5103840,-6.5636960,208.2349280,-0.6701180,0.0353560,0.2923830,22.6406801,114.0099907,47.9840000,94612.0000000,0.0000000,8287.0000000,8288.0000000,26303562.361,-10473707.615,28312116.559,0.6711
1.0000000,93.7770000,-142.4976480,-6.5449210,208.2332480,-0.6274980,0.0330110,0.2889270,22.6406813,114.0099906,48.0350000,94717.0000000,0.0000000,8296.0000000,8297.0000000,26303562.494,-10473707.606,28312116.680,0.6284
1.0000000,93.8830000,-142.4996320,-6.5477550,208.2330400,-0.6366990,0.0335060,0.2896550,22.6406812,114.0099907,48.0170000,94823.0000000,0.0000000,8306.0000000,8307.0000000,26303562.483,-10473707.615,28312116.673,0.6376
1.0000000,93.9890000,-142.5052000,-6.5538760,208.2347520,-0.6454080,0.0339610,0.2903400,22.6406812,114.0099907,47.9980000,94929.0000000,0.0000000,8316.0000000,8316.0000000,26303562.483,-10473707.615,28312116.673,0.6463
1.0000000,94.0940000,-142.5077600,-6.5584030,208.2366400,-0.6538110,0.0340620,0.2915480,22.6406812,114.0099907,47.9790000,95034.0000000,0.0000000,8325.0000000,8326.0000000,26303562.483,-10473707.615,28312116.673,0.6547
1.0000000,94.1990000,-142.5069440,-6.5603550,208.2390720,-0.6623070,0.0343210,0.2927230,22.6406813,114.0099908,47.9610000,95139.0000000,0.0000000,8334.0000000,8335.0000000,26303562.494,-10473707.624,28312116.686,0.6632
1.0000000,94.3040000,-142.4955520,-6.5429970,208.2393440,-0.6207750,0.0320070,0.2893020,22.6406827,114.0099907,48.0110000,95244.0000000,0.0000000,8343.0000000,8343.0000000,26303562.649,-10473707.615,28312116.827,0.6216
1.0000000,94.4090000,-142.4943360,-6.5426460,208.2372640,-0.6296060,0.0326340,0.2901840,22.6406824,114.0099908,47.9920000,95349.0000000,0.0000000,8351.0000000,8352.0000000,26303562.616,-10473707.624,28312116.800,0.6305
1.0000000,94.5150000,-142.4981600,-6.5480560,208.2363520,-0.6383580,0.0330740,0.2908390,22.6406821,114.0099908,47.9730000,95455.0000000,0.0000000,8360.0000000,8361.0000000,26303562.583,-10473707.624,28312116.769,0.6392
1.0000000,94.6220000,-142.5042880,-6.5528530,208.2364960,-0.6468080,0.0331270,0.2918490,22.6406818,114.0099908,47.9540000,95562.0000000,0.0000000,8369.0000000,8370.0000000,26303562.549,-10473707.624,28312116.738,0.6477
1.0000000,94.7270000,-142.4961120,-6.5382120,208.2340800,-0.6061570,0.0306260,0.2887040,22.6406831,114.0099908,48.0040000,95667.0000000,0.0000000,8378.0000000,8379.0000000,26303562.694,-10473707.624,28312116.872,0.6069
1.0000000,94.8340000,-142.4919040,-6.5379170,208.2333760,-0.6148450,0.0311270,0.2899120,22.6406829,114.0099908,47.9850000,95774.0000000,0.0000000,8387.0000000,8388.0000000,26303562.671,-10473707.624,28312116.851,0.6156
1.0000000,94.9400000,-142.4916000,-6.5389280,208.2324480,-0.6238390,0.0316920,0.2904780,22.6406827,114.0099908,47.9660000,95880.0000000,0.0000000,8396.0000000,8397.0000000,26303562.649,-10473707.624,28312116.831,0.6246
1.0000000,95.0460000,-142.4978560,-6.5453410,208.2336960,-0.6324590,0.0320480,0.2911490,22.6406825,114.0099909,47.9480000,95986.0000000,0.0000000,8406.0000000,8407.0000000,26303562.627,-10473707.633,28312116.813,0.6333
1.0000000,95.1520000,-142.5030400,-6.5499110,208.2362240,-0.6406750,0.0321230,0.2922540,22.6406823,114.0099909,47.9290000,96092.0000000,0.0000000,8416.0000000,8416.0000000,26303562.605,-10473707.633,28312116.793,0.6415
1.0000000,95.2570000,-142.4931360,-6.5361410,208.2372160,-0.6009230,0.0299720,0.2892680,22.6406837,114.0099908,47.9780000,96197.0000000,0.0000000,8425.0000000,8426.0000000,26303562.760,-10473707.624,28312116.934,0.6017
1.0000000,95.3630000,-142.4897440,-6.5357060,208.2373120,-0.6095890,0.0303340,0.2902990,22.6406838,114.0099909,47.9590000,96303.0000000,0.0000000,8435.0000000,8435.0000000,26303562.771,-10473707.633,28312116.947,0.6103
1.0000000,95.4680000,-142.4907840,-6.5374810,208.2371840,-0.6183770,0.0307660,0.2909720,22.6406837,114.0099909,47.9410000,96408.0000000,0.0000000,8444.0000000,8445.0000000,26303562.760,-10473707.633,28312116.937,0.6191
1.0000000,95.5730000,-142.4962080,-6.5434730,208.2389920,-0.6269540,0.0310260,0.2917390,22.6406837,114.0099909,47.9220000,96514.0000000,0.0000000,8454.0000000,8455.0000000,26303562.760,-10473707.633,28312116.937,0.6277
1.0000000,95.6790000,-142.5008480,-6.5504980,208.2427200,-0.6352280,0.0310990,0.2927240,22.6406836,114.0099910,47.9040000,96620.0000000,0.0000000,8464.0000000,8464.0000000,26303562.749,-10473707.643,28312116.930,0.6360
1.0000000,95.7840000,-142.4936000,-6.5363400,208.2416320,-0.5963790,0.0288560,0.2897100,22.6406849,114.0099909,47.9520000,96725.0000000,0.0000000,8473.0000000,8474.0000000,26303562.893,-10473707.633,28312117.061,0.5971
1.0000000,95.8900000,-142.4915680,-6.5358280,208.2403360,-0.6049990,0.0292100,0.2906370,22.6406848,114.0099909,47.9330000,96831.0000000,0.0000000,8483.0000000,8483.0000000,26303562.882,-10473707.633,28312117.050,0.6057
1.0000000,95.9950000,-142.4924480,-6.5370610,208.2396640,-0.6137150,0.0296280,0.2914270,22.6406846,114.0099910,47.9150000,96936.0000000,0.0000000,8492.0000000,8493.0000000,26303562.860,-10473707.643,28312117.033,0.6144
1.0000000,96.1000000,-142.4958080,-6.5411000,208.2411680,-0.6222840,0.0300560,0.2921040,22.6406845,114.0099910,47.8960000,97041.0000000,0.0000000,8501.0000000,8501.0000000,26303562.849,-10473707.643,28312117.023,0.6230
1.0000000,96.2050000,-142.5012160,-6.5478330,208.2412320,-0.6306870,0.0301500,0.2930110,22.6406842,114.0099910,47.8790000,97146.0000000,0.0000000,8509.0000000,8510.0000000,26303562.816,-10473707.643,28312116.992,0.6314
1.0000000,96.3110000,-142.4938560,-6.5354310,208.2400960,-0.5925240,0.0280830,0.2899130,22.6406855,114.0099910,47.9260000,97252.0000000,0.0000000,8518.0000000,8519.0000000,26303562.960,-10473707.643,28312117.126,0.5932
1.0000000,96.4170000,-142.4929120,-6.5352440,208.2400160,-0.6009980,0.0284780,0.2910200,22.6406854,114.0099910,47.9080000,97358.0000000,0.0000000,8527.0000000,8528.0000000,26303562.949,-10473707.643,28312117.116,0.6017
1.0000000,96.5240000,-142.4909920,-6.5345110,208.2403360,-0.6099860,0.0290840,0.2917810,22.6406855,114.0099910,47.8890000,97465.0000000,0.0000000,8536.0000000,8537.0000000,26303562.960,-10473707.643,28312117.126,0.6107
1.0000000,96.6290000,-142.4952640,-6.5375140,208.2415520,-0.6184260,0.0295200,0.2924200,22.6406855,114.0099911,47.8710000,97570.0000000,0.0000000,8545.0000000,8546.0000000,26303562.960,-10473707.652,28312117.129,0.6191
1.0000000,96.7350000,-142.4908000,-6.5265340,208.2419520,-0.5811470,0.0274330,0.2893450,22.6406868,114.0099910,47.9180000,97676.0000000,0.0000000,8554.0000000,8555.0000000,26303563.104,-10473707.643,28312117.260,0.5818
1.0000000,96.8410000,-142.4913600,-6.5288030,208.2427680,-0.5890560,0.0275830,0.2904420,22.6406869,114.0099911,47.9000000,97782.0000000,0.0000000,8563.0000000,8564.0000000,26303563.115,-10473707.652,28312117.274,0.5897
1.0000000,96.9480000,-142.4871520,-6.5282200,208.2442080,-0.5976670,0.0280690,0.2915080,22.6406867,114.0099911,47.8810000,97889.0000000,0.0000000,8572.0000000,8573.0000000,26303563.093,-10473707.652,28312117.253,0.5983
1.0000000,97.0540000,-142.4893120,-6.5301040,208.2461920,-0.6065240,0.0285470,0.2920340,22.6406867,114.0099911,47.8630000,97995.0000000,0.0000000,8582.0000000,8583.0000000,26303563.093,-10473707.652,28312117.253,0.6072
1.0000000,97.1600000,-142.4948800,-6.5363930,208.2476320,-0.6148410,0.0289070,0.2926190,22.6406866,114.0099911,47.8450000,98101.0000000,0.0000000,8592.0000000,8592.0000000,26303563.082,-10473707.652,28312117.243,0.6155
1.0000000,97.2650000,-142.4882400,-6.5251510,208.2469280,-0.5779090,0.0269700,0.2897570,22.6406879,114.0099911,47.8910000,98206.0000000,0.0000000,8601.0000000,8602.0000000,26303563.226,-10473707.652,28312117.377,0.5785
1.0000000,97.3710000,-142.4864160,-6.5265910,208.2475680,-0.5859140,0.0271280,0.2909110,22.6406879,114.0099911,47.8730000,98312.0000000,0.0000000,8611.0000000,8611.0000000,26303563.226,-10473707.652,28312117.377,0.5865
1.0000000,97.4760000,-142.4845440,-6.5266690,208.2477120,-0.5943140,0.0274400,0.2917480,22.6406878,114.0099911,47.8550000,98417.0000000,0.0000000,8620.0000000,8621.0000000,26303563.215,-10473707.652,28312117.366,0.5949
1.0000000,97.5810000,-142.4852320,-6.5277650,208.2482560,-0.6030750,0.0278010,0.2922470,22.6406878,114.0099912,47.8370000,98523.0000000,0.0000000,8630.0000000,8631.0000000,26303563.215,-10473707.661,28312117.370,0.6037
1.0000000,97.6870000,-142.4914560,-6.5339110,208.2500480,-0.6113840,0.0280910,0.2934450,22.6406878,114.0099912,47.8060000,98629.0000000,0.0000000,8640.0000000,8640.0000000,26303563.215,-10473707.661,28312117.370,0.6120
1.0000000,97.7930000,-142.4871040,-6.5230390,208.2502880,-0.5751200,0.0262260,0.2905050,22.6406892,114.0099912,47.8520000,98735.0000000,0.0000000,8649.0000000,8650.0000000,26303563.370,-10473707.661,28312117.514,0.5757
1.0000000,97.8990000,-142.4866400,-6.5247530,208.2513920,-0.5829750,0.0263990,0.2916300,22.6406892,114.0099912,47.8340000,98841.0000000,0.0000000,8659.0000000,8660.0000000,26303563.370,-10473707.661,28312117.514,0.5836
1.0000000,98.0040000,-142.4848960,-6.5246090,208.2531680,-0.5913100,0.0267340,0.2925380,22.6406892,114.0099912,47.8160000,98946.0000000,0.0000000,8668.0000000,8669.0000000,26303563.370,-10473707.661,28312117.514,0.5919
1.0000000,98.1090000,-142.4845440,-6.5250870,208.2543360,-0.5998360,0.0271300,0.2931650,22.6406892,114.0099912,47.7980000,99051.0000000,0.0000000,8677.0000000,8678.0000000,26303563.370,-10473707.661,28312117.514,0.6004
1.0000000,98.2140000,-142.4874560,-6.5300830,208.2577280,-0.6081170,0.0274810,0.2937670,22.6406894,114.0099913,47.7800000,99156.0000000,0.0000000,8686.0000000,8686.0000000,26303563.392,-10473707.670,28312117.538,0.6087
1.0000000,98.3190000,-142.4847680,-6.5191790,208.2581280,-0.5725050,0.0257150,0.2908530,22.6406909,114.0099912,47.8270000,99261.0000000,0.0000000,8694.0000000,8695.0000000,26303563.559,-10473707.661,28312117.689,0.5731
1.0000000,98.4250000,-142.4871200,-6.5225290,208.2604480,-0.5803280,0.0258270,0.2917780,22.6406910,114.0099912,47.8090000,99367.0000000,0.0000000,8703.0000000,8704.0000000,26303563.570,-10473707.661,28312117.700,0.5809
1.0000000,98.5320000,-142.4839040,-6.5212990,208.2596960,-0.5885030,0.0261200,0.2929360,22.6406910,114.0099913,47.7900000,99474.0000000,0.0000000,8712.0000000,8713.0000000,26303563.570,-10473707.670,28312117.703,0.5891
1.0000000,98.6370000,-142.4818720,-6.5226480,208.2614240,-0.5968550,0.0265540,0.2936960,22.6406909,114.0099913,47.7720000,99579.0000000,0.0000000,8721.0000000,8722.0000000,26303563.559,-10473707.670,28312117.693,0.5974
1.0000000,98.7430000,-142.4754720,-6.5124530,208.2606240,-0.5622810,0.0251620,0.2903850,22.6406922,114.0099913,47.8180000,99685.0000000,0.0000000,8730.0000000,8731.0000000,26303563.703,-10473707.670,28312117.827,0.5628
1.0000000,98.8490000,-142.4798080,-6.5184630,208.2599680,-0.5699660,0.0251850,0.2913630,22.6406920,114.0099913,47.8000000,99791.0000000,0.0000000,8739.0000000,8740.0000000,26303563.681,-10473707.670,28312117.806,0.5705
1.0000000,98.9560000,-142.4801280,-6.5188720,208.2582240,-0.5776220,0.0251530,0.2924660,22.6406918,114.0099913,47.7820000,99898.0000000,0.0000000,8749.0000000,8749.0000000,26303563.659,-10473707.670,28312117.786,0.5782
1.0000000,99.0610000,-142.4781760,-6.5191470,208.2580640,-0.5857200,0.0252280,0.2932890,22.6406917,114.0099913,47.7630000,100003.0000000,0.0000000,8758.0000000,8759.0000000,26303563.648,-10473707.670,28312117.775,0.5863
1.0000000,99.1670000,-142.4768480,-6.5203900,208.2604320,-0.5941850,0.0256210,0.2939230,22.6406916,114.0099914,47.7450000,100109.0000000,0.0000000,8768.0000000,8769.0000000,26303563.636,-10473707.679,28312117.768,0.5947
1.0000000,99.2720000,-142.4706720,-6.5115390,208.2608000,-0.5597410,0.0240600,0.2906480,22.6406928,114.0099913,47.7910000,100214.0000000,0.0000000,8777.0000000,8778.0000000,26303563.770,-10473707.670,28312117.889,0.5603
1.0000000,99.3780000,-142.4757280,-6.5176460,208.2644320,-0.5673550,0.0239220,0.2916100,22.6406928,114.0099913,47.7730000,100320.0000000,0.0000000,8787.0000000,8788.0000000,26303563.770,-10473707.670,28312117.889,0.5679
1.0000000,99.4830000,-142.4773440,-6.5201060,208.2641280,-0.5750060,0.0238510,0.2926570,22.6406927,114.0099914,47.7550000,100426.0000000,0.0000000,8797.0000000,8797.0000000,26303563.758,-10473707.679,28312117.882,0.5755
1.0000000,99.5880000,-142.4754240,-6.5203840,208.2634080,-0.5830980,0.0240780,0.2934920,22.6406926,114.0099914,47.7370000,100531.0000000,0.0000000,8806.0000000,8807.0000000,26303563.747,-10473707.679,28312117.871,0.5836
1.0000000,99.6940000,-142.4725280,-6.5196450,208.2648320,-0.5914900,0.0243860,0.2942530,22.6406926,114.0099914,47.7190000,100637.0000000,0.0000000,8816.0000000,8817.0000000,26303563.747,-10473707.679,28312117.871,0.5920
1.0000000,99.7990000,-142.4679840,-6.5090100,208.2660960,-0.5575190,0.0228700,0.2909530,22.6406941,114.0099914,47.7640000,100742.0000000,0.0000000,8825.0000000,8826.0000000,26303563.914,-10473707.679,28312118.026,0.5580
1.0000000,99.9050000,-142.4731040,-6.5158460,208.2682720,-0.5651620,0.0228050,0.2918960,22.6406942,114.0099914,47.7460000,100848.0000000,0.0000000,8835.0000000,8835.0000000,26303563.925,-10473707.679,28312118.036,0.5656
1.0000000,100.0110000,-142.4756640,-6.5188880,208.2697920,-0.5728040,0.0226710,0.2928220,22.6406942,114.0099914,47.7290000,100954.0000000,0.0000000,8844.0000000,8844.0000000,26303563.925,-10473707.679,28312118.036,0.5733
1.0000000,100.1160000,-142.4736480,-6.5184100,208.2691360,-0.5807770,0.0228500,0.2936000,22.6406941,114.0099914,47.7110000,101059.0000000,0.0000000,8852.0000000,8853.0000000,26303563.914,-10473707.679,28312118.026,0.5812
1.0000000,100.2220000,-142.4717760,-6.5193370,208.2702240,-0.5891690,0.0231310,0.2943190,22.6406940,114.0099915,47.6930000,101165.0000000,0.0000000,8861.0000000,8862.0000000,26303563.903,-10473707.688,28312118.019,0.5896
1.0000000,100.3290000,-142.4679840,-6.5110420,208.2734080,-0.5555750,0.0217570,0.2911500,22.6406954,114.0099914,47.7370000,101272.0000000,0.0000000,8870.0000000,8871.0000000,26303564.058,-10473707.679,28312118.160,0.5560
1.0000000,100.4350000,-142.4728000,-6.5176280,208.2756480,-0.5630800,0.0217340,0.2921830,22.6406955,114.0099914,47.7190000,101378.0000000,0.0000000,8879.0000000,8880.0000000,26303564.069,-10473707.679,28312118.170,0.5635
1.0000000,100.5420000,-142.4715840,-6.5182460,208.2764800,-0.5708530,0.0216150,0.2932100,22.6406955,114.0099915,47.7010000,101485.0000000,0.0000000,8888.0000000,8889.0000000,26303564.069,-10473707.688,28312118.174,0.5713
1.0000000,100.6470000,-142.4686880,-6.5177740,208.2780000,-0.5789200,0.0217190,0.2940510,22.6406955,114.0099915,47.6840000,101590.0000000,0.0000000,8897.0000000,8898.0000000,26303564.069,-10473707.688,28312118.174,0.5793
1.0000000,100.7540000,-142.4615040,-6.5056990,208.2779360,-0.5463190,0.0204610,0.2908110,22.6406969,114.0099914,47.7280000,101697.0000000,0.0000000,8906.0000000,8907.0000000,26303564.224,-10473707.679,28312118.315,0.5467
1.0000000,100.8600000,-142.4685280,-6.5118840,208.2788960,-0.5539760,0.0204490,0.2914540,22.6406969,114.0099915,47.7100000,101803.0000000,0.0000000,8915.0000000,8916.0000000,26303564.224,-10473707.688,28312118.318,0.5544
1.0000000,100.9660000,-142.4713120,-6.5139810,208.2792000,-0.5614200,0.0203220,0.2923500,22.6406968,114.0099915,47.6920000,101909.0000000,0.0000000,8925.0000000,8926.0000000,26303564.213,-10473707.688,28312118.308,0.5618
1.0000000,101.0710000,-142.4695840,-6.5129530,208.2775040,-0.5690610,0.0204100,0.2933560,22.6406966,114.0099915,47.6750000,102014.0000000,0.0000000,8934.0000000,8935.0000000,26303564.191,-10473707.688,28312118.287,0.5694
1.0000000,101.1770000,-142.4660640,-6.5115450,208.2793760,-0.5771340,0.0205760,0.2940760,22.6406966,114.0099915,47.6570000,102120.0000000,0.0000000,8944.0000000,8945.0000000,26303564.191,-10473707.688,28312118.287,0.5775
1.0000000,101.2830000,-142.4573920,-6.4985510,208.2784640,-0.5448460,0.0194910,0.2908240,22.6406979,114.0099915,47.7010000,102226.0000000,0.0000000,8954.0000000,8954.0000000,26303564.335,-10473707.688,28312118.421,0.5452
1.0000000,101.3880000,-142.4655040,-6.5055630,208.2802400,-0.5521550,0.0194360,0.2913470,22.6406979,114.0099915,47.6840000,102331.0000000,0.0000000,8963.0000000,8964.0000000,26303564.335,-10473707.688,28312118.421,0.5525
1.0000000,101.4930000,-142.4688160,-6.5099840,208.2829920,-0.5595120,0.0192440,0.2923490,22.6406979,114.0099915,47.6660000,102437.0000000,0.0000000,8973.0000000,8974.0000000,26303564.335,-10473707.688,28312118.421,0.5598
1.0000000,101.5980000,-142.4682880,-6.5094540,208.2838560,-0.5669400,0.0192170,0.2935230,22.6406980,114.0099916,47.6490000,102542.0000000,0.0000000,8982.0000000,8983.0000000,26303564.346,-10473707.698,28312118.435,0.5673
1.0000000,101.7040000,-142.4651360,-6.5087280,208.2862720,-0.5749040,0.0193680,0.2944610,22.6406981,114.0099916,47.6320000,102648.0000000,0.0000000,8992.0000000,8993.0000000,26303564.357,-10473707.698,28312118.445,0.5752
1.0000000,101.8090000,-142.4566400,-6.4971450,208.2872960,-0.5427070,0.0182730,0.2911990,22.6406995,114.0099915,47.6760000,102753.0000000,0.0000000,9001.0000000,9002.0000000,26303564.513,-10473707.688,28312118.586,0.5430
1.0000000,101.9150000,-142.4639840,-6.5047870,208.2918560,-0.5502510,0.0183500,0.2916090,22.6406996,114.0099916,47.6580000,102859.0000000,0.0000000,9011.0000000,9012.0000000,26303564.524,-10473707.698,28312118.600,0.5506
1.0000000,102.0200000,-142.4690880,-6.5087030,208.2931840,-0.5576290,0.0181300,0.2924950,22.6406995,114.0099916,47.6410000,102964.0000000,0.0000000,9020.0000000,9020.0000000,26303564.513,-10473707.698,28312118.589,0.5579
1.0000000,102.1250000,-142.4702880,-6.5109580,208.2939840,-0.5652270,0.0179280,0.2934270,22.6406994,114.0099916,47.6240000,103069.0000000,0.0000000,9028.0000000,9029.0000000,26303564.502,-10473707.698,28312118.579,0.5655
1.0000000,102.2320000,-142.4585920,-6.4934580,208.2932160,-0.5332100,0.0169280,0.2907110,22.6407008,114.0099916,47.6670000,103176.0000000,0.0000000,9037.0000000,9038.0000000,26303564.657,-10473707.698,28312118.723,0.5335
1.0000000,102.3380000,-142.4576000,-6.4952400,208.2952640,-0.5412280,0.0171400,0.2910790,22.6407008,114.0099916,47.6500000,103282.0000000,0.0000000,9046.0000000,9047.0000000,26303564.657,-10473707.698,28312118.723,0.5415
1.0000000,102.4440000,-142.4642560,-6.5018480,208.2969600,-0.5487830,0.0171670,0.2916170,22.6407008,114.0099916,47.6330000,103388.0000000,0.0000000,9055.0000000,9056.0000000,26303564.657,-10473707.698,28312118.723,0.5491
1.0000000,102.5500000,-142.4670240,-6.5057240,208.2977600,-0.5559410,0.0170450,0.2925780,22.6407007,114.0099916,47.6150000,103494.0000000,0.0000000,9064.0000000,9065.0000000,26303564.646,-10473707.698,28312118.713,0.5562
1.0000000,102.6560000,-142.4658560,-6.5053040,208.2996800,-0.5634060,0.0169480,0.2936810,22.6407007,114.0099916,47.5980000,103600.0000000,0.0000000,9073.0000000,9074.0000000,26303564.646,-10473707.698,28312118.713,0.5637
1.0000000,102.7610000,-142.4541120,-6.4906300,208.3014560,-0.5316610,0.0159510,0.2913730,22.6407021,114.0099916,47.6270000,103705.0000000,0.0000000,9082.0000000,9082.0000000,26303564.801,-10473707.698,28312118.857,0.5319
1.0000000,102.8680000,-142.4555200,-6.4941300,208.3018720,-0.5396070,0.0161920,0.2913630,22.6407020,114.0099916,47.6230000,103812.0000000,0.0000000,9091.0000000,9092.0000000,26303564.790,-10473707.698,28312118.847,0.5398
1.0000000,102.9740000,-142.4613760,-6.5003940,208.3035040,-0.5470740,0.0161310,0.2918620,22.6407019,114.0099916,47.6060000,103918.0000000,0.0000000,9101.0000000,9102.0000000,26303564.779,-10473707.698,28312118.837,0.5473
1.0000000,103.0790000,-142.4650080,-6.5045310,208.3048480,-0.5542250,0.0159930,0.2931400,22.6407019,114.0099916,47.5750000,104023.0000000,0.0000000,9110.0000000,9111.0000000,26303564.779,-10473707.698,28312118.837,0.5545
1.0000000,103.1860000,-142.4636960,-6.5042240,208.3049760,-0.5618000,0.0159350,0.2941640,22.6407019,114.0099917,47.5580000,104130.0000000,0.0000000,9120.0000000,9121.0000000,26303564.779,-10473707.707,28312118.840,0.5620
1.0000000,103.2920000,-142.4522080,-6.4896830,208.3054560,-0.5303380,0.0151840,0.2912130,22.6407032,114.0099916,47.6000000,104236.0000000,0.0000000,9130.0000000,9131.0000000,26303564.923,-10473707.698,28312118.971,0.5306
1.0000000,103.3960000,-142.4537440,-6.4923620,208.3054560,-0.5379700,0.0151410,0.2918220,22.6407031,114.0099916,47.5830000,104341.0000000,0.0000000,9139.0000000,9140.0000000,26303564.912,-10473707.698,28312118.960,0.5382
1.0000000,103.5020000,-142.4591200,-6.4985000,208.3081280,-0.5453100,0.0149800,0.2924560,22.6407031,114.0099917,47.5650000,104447.0000000,0.0000000,9149.0000000,9150.0000000,26303564.912,-10473707.707,28312118.964,0.5455
1.0000000,103.6080000,-142.4609280,-6.5008730,208.3082080,-0.5524350,0.0148580,0.2932410,22.6407029,114.0099917,47.5470000,104553.0000000,0.0000000,9159.0000000,9159.0000000,26303564.890,-10473707.707,28312118.943,0.5526
1.0000000,103.7130000,-142.4564640,-6.4991780,208.3067520,-0.5598080,0.0148700,0.2942550,22.6407027,114.0099917,47.5310000,104658.0000000,0.0000000,9168.0000000,9169.0000000,26303564.868,-10473707.707,28312118.922,0.5600
1.0000000,103.8200000,-142.4472320,-6.4841070,208.3059840,-0.5287540,0.0140030,0.2913610,22.6407040,114.0099917,47.5720000,104765.0000000,0.0000000,9178.0000000,9178.0000000,26303565.012,-10473707.707,28312119.056,0.5289
1.0000000,103.9250000,-142.4493920,-6.4870330,208.3053280,-0.5361410,0.0141240,0.2917850,22.6407039,114.0099917,47.5560000,104870.0000000,0.0000000,9186.0000000,9187.0000000,26303565.001,-10473707.707,28312119.046,0.5363
1.0000000,104.0310000,-142.4544960,-6.4931670,208.3075520,-0.5432810,0.0138860,0.2925490,22.6407037,114.0099917,47.5380000,104976.0000000,0.0000000,9195.0000000,9196.0000000,26303564.979,-10473707.707,28312119.026,0.5435
1.0000000,104.1380000,-142.4547840,-6.4955910,208.3087360,-0.5503900,0.0137420,0.2935240,22.6407035,114.0099917,47.5210000,105083.0000000,0.0000000,9204.0000000,9205.0000000,26303564.956,-10473707.707,28312119.005,0.5506
1.0000000,104.2430000,-142.4445440,-6.4808010,208.3072320,-0.5194090,0.0127920,0.2907560,22.6407048,114.0099917,47.5630000,105188.0000000,0.0000000,9213.0000000,9214.0000000,26303565.101,-10473707.707,28312119.139,0.5196
1.0000000,104.3500000,-142.4425280,-6.4815220,208.3066400,-0.5272130,0.0129620,0.2912030,22.6407046,114.0099917,47.5460000,105295.0000000,0.0000000,9222.0000000,9223.0000000,26303565.079,-10473707.707,28312119.118,0.5274
1.0000000,104.4550000,-142.4471040,-6.4863050,208.3074880,-0.5343640,0.0129300,0.2918450,22.6407044,114.0099917,47.5280000,105400.0000000,0.0000000,9231.0000000,9232.0000000,26303565.056,-10473707.707,28312119.098,0.5345
1.0000000,104.5610000,-142.4532160,-6.4911150,208.3086400,-0.5412130,0.0127680,0.2926500,22.6407043,114.0099917,47.5120000,105506.0000000,0.0000000,9240.0000000,9241.0000000,26303565.045,-10473707.707,28312119.087,0.5414
1.0000000,104.6670000,-142.4528000,-6.4920680,208.3092320,-0.5482790,0.0125660,0.2936480,22.6407041,114.0099917,47.4940000,105612.0000000,0.0000000,9249.0000000,9250.0000000,26303565.023,-10473707.707,28312119.067,0.5484
1.0000000,104.7740000,-142.4401600,-6.4758830,208.3069920,-0.5177240,0.0118250,0.2908270,22.6407053,114.0099917,47.5360000,105719.0000000,0.0000000,9258.0000000,9259.0000000,26303565.156,-10473707.707,28312119.190,0.5179
1.0000000,104.8790000,-142.4406720,-6.4781940,208.3081440,-0.5252170,0.0116980,0.2912170,22.6407053,114.0099917,47.5190000,105824.0000000,0.0000000,9267.0000000,9268.0000000,26303565.156,-10473707.707,28312119.190,0.5253
1.0000000,104.9850000,-142.4464640,-6.4839040,208.3107360,-0.5323070,0.0117590,0.2916320,22.6407053,114.0099917,47.5030000,105930.0000000,0.0000000,9277.0000000,9278.0000000,26303565.156,-10473707.707,28312119.190,0.5324
1.0000000,105.0910000,-142.4522240,-6.4875810,208.3121760,-0.5391200,0.0114710,0.2925570,22.6407053,114.0099917,47.4860000,106036.0000000,0.0000000,9287.0000000,9287.0000000,26303565.156,-10473707.707,28312119.190,0.5392
1.0000000,105.1960000,-142.4505600,-6.4874660,208.3142720,-0.5460820,0.0113070,0.2934850,22.6407054,114.0099918,47.4700000,106141.0000000,0.0000000,9296.0000000,9297.0000000,26303565.167,-10473707.716,28312119.204,0.5462
1.0000000,105.3020000,-142.4403360,-6.4735080,208.3153280,-0.5155930,0.0105670,0.2907080,22.6407068,114.0099917,47.5110000,106247.0000000,0.0000000,9306.0000000,9307.0000000,26303565.323,-10473707.707,28312119.345,0.5157
1.0000000,105.4060000,-142.4410240,-6.4768180,208.3173280,-0.5230120,0.0107090,0.2909880,22.6407068,114.0099917,47.4950000,106352.0000000,0.0000000,9315.0000000,9316.0000000,26303565.323,-10473707.707,28312119.345,0.5231
1.0000000,105.5120000,-142.4462400,-6.4833950,208.3205920,-0.5302100,0.0106700,0.2914800,22.6407068,114.0099917,47.4780000,106458.0000000,0.0000000,9325.0000000,9326.0000000,26303565.323,-10473707.707,28312119.345,0.5303
1.0000000,105.6180000,-142.4505920,-6.4866460,208.3213440,-0.5370400,0.0104720,0.2923410,22.6407069,114.0099918,47.4610000,106564.0000000,0.0000000,9335.0000000,9335.0000000,26303565.334,-10473707.716,28312119.359,0.5371
1.0000000,105.7230000,-142.4506240,-6.4884300,208.3250560,-0.5440180,0.0102390,0.2932200,22.6407071,114.0099918,47.4450000,106669.0000000,0.0000000,9344.0000000,9345.0000000,26303565.356,-10473707.716,28312119.379,0.5441
1.0000000,105.8290000,-142.4397920,-6.4742900,208.3272640,-0.5136720,0.0095050,0.2905020,22.6407087,114.0099917,47.4860000,106775.0000000,0.0000000,9354.0000000,9354.0000000,26303565.533,-10473707.707,28312119.541,0.5138
1.0000000,105.9340000,-142.4398880,-6.4770060,208.3276160,-0.5211130,0.0096300,0.2909120,22.6407086,114.0099918,47.4690000,106880.0000000,0.0000000,9362.0000000,9363.0000000,26303565.522,-10473707.716,28312119.534,0.5212
1.0000000,106.0400000,-142.4448640,-6.4813240,208.3295360,-0.5283180,0.0095960,0.2913930,22.6407086,114.0099918,47.4530000,106986.0000000,0.0000000,9371.0000000,9372.0000000,26303565.522,-10473707.716,28312119.534,0.5284
1.0000000,106.1470000,-142.4507040,-6.4868050,208.3328320,-0.5351530,0.0093920,0.2921210,22.6407086,114.0099918,47.4370000,107093.0000000,0.0000000,9380.0000000,9381.0000000,26303565.522,-10473707.716,28312119.534,0.5352
1.0000000,106.2530000,-142.4420960,-6.4736640,208.3326720,-0.5047540,0.0085160,0.2896440,22.6407099,114.0099918,47.4770000,107199.0000000,0.0000000,9389.0000000,9390.0000000,26303565.666,-10473707.716,28312119.668,0.5048
1.0000000,106.3580000,-142.4393600,-6.4726550,208.3325120,-0.5119350,0.0084830,0.2902770,22.6407100,114.0099918,47.4610000,107304.0000000,0.0000000,9398.0000000,9399.0000000,26303565.678,-10473707.716,28312119.678,0.5120
1.0000000,106.4640000,-142.4373280,-6.4744930,208.3344960,-0.5194830,0.0085420,0.2905780,22.6407100,114.0099918,47.4450000,107410.0000000,0.0000000,9407.0000000,9408.0000000,26303565.678,-10473707.716,28312119.678,0.5196
1.0000000,106.5700000,-142.4409600,-6.4795450,208.3400800,-0.5264410,0.0085610,0.2910140,22.6407102,114.0099918,47.4290000,107516.0000000,0.0000000,9416.0000000,9417.0000000,26303565.700,-10473707.716,28312119.699,0.5265
1.0000000,106.6780000,-142.4450400,-6.4835240,208.3427520,-0.5332130,0.0080530,0.2917670,22.6407103,114.0099918,47.4120000,107624.0000000,0.0000000,9425.0000000,9426.0000000,26303565.711,-10473707.716,28312119.709,0.5333
1.0000000,106.7830000,-142.4368960,-6.4690840,208.3434720,-0.5030440,0.0073140,0.2893990,22.6407119,114.0099918,47.4530000,107729.0000000,0.0000000,9434.0000000,9435.0000000,26303565.888,-10473707.716,28312119.874,0.5031
1.0000000,106.8890000,-142.4348960,-6.4674870,208.3446400,-0.5102350,0.0074800,0.2898850,22.6407119,114.0099918,47.4370000,107835.0000000,0.0000000,9444.0000000,9445.0000000,26303565.888,-10473707.716,28312119.874,0.5103
1.0000000,106.9940000,-142.4363360,-6.4702170,208.3481440,-0.5174140,0.0074060,0.2904580,22.6407119,114.0099918,47.4210000,107940.0000000,0.0000000,9453.0000000,9454.0000000,26303565.888,-10473707.716,28312119.874,0.5175
1.0000000,107.1000000,-142.4422400,-6.4759540,208.3498720,-0.5241750,0.0071090,0.2908980,22.6407120,114.0099918,47.4050000,108046.0000000,0.0000000,9463.0000000,9464.0000000,26303565.899,-10473707.716,28312119.884,0.5242
1.0000000,107.2060000,-142.4461280,-6.4802830,208.3517600,-0.5308690,0.0067990,0.2915260,22.6407121,114.0099918,47.3890000,108152.0000000,0.0000000,9473.0000000,9473.0000000,26303565.911,-10473707.716,28312119.895,0.5309
1.0000000,107.3100000,-142.4364000,-6.4670160,208.3532640,-0.5010550,0.0062670,0.2890550,22.6407137,114.0099918,47.4290000,108257.0000000,0.0000000,9482.0000000,9483.0000000,26303566.088,-10473707.716,28312120.060,0.5011
1.0000000,107.4160000,-142.4318240,-6.4662100,208.3538560,-0.5081620,0.0065070,0.2895170,22.6407138,114.0099918,47.4130000,108363.0000000,0.0000000,9492.0000000,9493.0000000,26303566.099,-10473707.716,28312120.070,0.5082
1.0000000,107.5210000,-142.4329280,-6.4699070,208.3551200,-0.5152060,0.0064700,0.2899960,22.6407138,114.0099918,47.3980000,108468.0000000,0.0000000,9501.0000000,9502.0000000,26303566.099,-10473707.716,28312120.070,0.5152
1.0000000,107.6270000,-142.4392480,-6.4760380,208.3564640,-0.5220870,0.0061010,0.2905450,22.6407137,114.0099918,47.3820000,108574.0000000,0.0000000,9511.0000000,9512.0000000,26303566.088,-10473707.716,28312120.060,0.5221
1.0000000,107.7330000,-142.4413600,-6.4784030,208.3580000,-0.5287590,0.0057200,0.2911350,22.6407138,114.0099918,47.3660000,108680.0000000,0.0000000,9520.0000000,9521.0000000,26303566.099,-10473707.716,28312120.070,0.5288
1.0000000,107.8390000,-142.4324960,-6.4635180,208.3589600,-0.4991920,0.0052800,0.2885550,22.6407153,114.0099918,47.4050000,108786.0000000,0.0000000,9529.0000000,9530.0000000,26303566.265,-10473707.716,28312120.224,0.4992
1.0000000,107.9440000,-142.4295680,-6.4635230,208.3620160,-0.5061740,0.0052330,0.2896380,22.6407153,114.0099918,47.3750000,108891.0000000,0.0000000,9538.0000000,9538.0000000,26303566.265,-10473707.716,28312120.224,0.5062
1.0000000,108.0500000,-142.4336320,-6.4667440,208.3628800,-0.5132710,0.0053040,0.2900220,22.6407153,114.0099918,47.3590000,108997.0000000,0.0000000,9547.0000000,9547.0000000,26303566.265,-10473707.716,28312120.224,0.5133
1.0000000,108.1570000,-142.4403680,-6.4703600,208.3638720,-0.5198760,0.0049790,0.2906810,22.6407154,114.0099918,47.3430000,109104.0000000,0.0000000,9556.0000000,9556.0000000,26303566.277,-10473707.716,28312120.235,0.5199
1.0000000,108.2630000,-142.4328960,-6.4583950,208.3646400,-0.4903620,0.0043880,0.2882360,22.6407169,114.0099918,47.3830000,109210.0000000,0.0000000,9565.0000000,9565.0000000,26303566.443,-10473707.716,28312120.389,0.4904
1.0000000,108.3690000,-142.4291040,-6.4576410,208.3677600,-0.4973090,0.0041800,0.2889050,22.6407169,114.0099918,47.3660000,109316.0000000,0.0000000,9574.0000000,9574.0000000,26303566.443,-10473707.716,28312120.389,0.4973
1.0000000,108.4750000,-142.4306400,-6.4601590,208.3680000,-0.5045040,0.0041740,0.2892440,22.6407167,114.0099918,47.3510000,109422.0000000,0.0000000,9582.0000000,9583.0000000,26303566.421,-10473707.716,28312120.369,0.5045
1.0000000,108.5830000,-142.4356800,-6.4668770,208.3701600,-0.5112140,0.0040490,0.2897710,22.6407167,114.0099918,47.3340000,109530.0000000,0.0000000,9592.0000000,9592.0000000,26303566.421,-10473707.716,28312120.369,0.5112
1.0000000,108.6890000,-142.4368640,-6.4678450,208.3707520,-0.5177170,0.0036710,0.2904690,22.6407166,114.0099918,47.3190000,109636.0000000,0.0000000,9601.0000000,9602.0000000,26303566.410,-10473707.716,28312120.358,0.5177
1.0000000,108.7960000,-142.4264480,-6.4537320,208.3718400,-0.4888190,0.0033460,0.2879440,22.6407183,114.0099918,47.3580000,109743.0000000,0.0000000,9611.0000000,9612.0000000,26303566.598,-10473707.716,28312120.534,0.4888
1.0000000,108.9020000,-142.4259840,-6.4538970,208.3732960,-0.4959820,0.0033580,0.2882990,22.6407183,114.0099918,47.3420000,109849.0000000,0.0000000,9621.0000000,9621.0000000,26303566.598,-10473707.716,28312120.534,0.4960
1.0000000,109.0070000,-142.4301440,-6.4586170,208.3758880,-0.5025830,0.0033490,0.2888030,22.6407183,114.0099918,47.3270000,109954.0000000,0.0000000,9630.0000000,9631.0000000,26303566.598,-10473707.716,28312120.534,0.5026
1.0000000,109.1130000,-142.4357280,-6.4636220,208.3772480,-0.5089340,0.0031140,0.2894560,22.6407183,114.0099918,47.3110000,110060.0000000,0.0000000,9640.0000000,9641.0000000,26303566.598,-10473707.716,28312120.534,0.5089
1.0000000,109.2170000,-142.4359040,-6.4650450,208.3786240,-0.5153660,0.0028000,0.2902770,22.6407183,114.0099918,47.2950000,110165.0000000,0.0000000,9649.0000000,9650.0000000,26303566.598,-10473707.716,28312120.534,0.5154
1.0000000,109.3230000,-142.4268000,-6.4495870,208.3800960,-0.4867620,0.0025730,0.2878180,22.6407200,114.0099918,47.3350000,110271.0000000,0.0000000,9659.0000000,9660.0000000,26303566.787,-10473707.716,28312120.709,0.4868
1.0000000,109.4290000,-142.4278240,-6.4495820,208.3810560,-0.4937620,0.0026010,0.2880900,22.6407201,114.0099918,47.3190000,110377.0000000,0.0000000,9669.0000000,9669.0000000,26303566.798,-10473707.716,28312120.719,0.4938
1.0000000,109.5340000,-142.4335840,-6.4558910,208.3844960,-0.5002000,0.0026390,0.2883450,22.6407202,114.0099918,47.3040000,110482.0000000,0.0000000,9678.0000000,9679.0000000,26303566.809,-10473707.716,28312120.729,0.5002
1.0000000,109.6400000,-142.4371360,-6.4609640,208.3859040,-0.5065180,0.0023360,0.2891620,22.6407203,114.0099918,47.2890000,110588.0000000,0.0000000,9687.0000000,9688.0000000,26303566.820,-10473707.716,28312120.740,0.5065
1.0000000,109.7460000,-142.4280000,-6.4483840,208.3879040,-0.4778940,0.0019810,0.2868060,22.6407220,114.0099918,47.3280000,110694.0000000,0.0000000,9696.0000000,9697.0000000,26303567.009,-10473707.716,28312120.915,0.4779
1.0000000,109.8530000,-142.4244000,-6.4457890,208.3901280,-0.4848080,0.0021170,0.2872150,22.6407221,114.0099918,47.3130000,110801.0000000,0.0000000,9705.0000000,9706.0000000,26303567.020,-10473707.716,28312120.925,0.4848
1.0000000,109.9580000,-142.4262560,-6.4488910,208.3909920,-0.4916220,0.0020410,0.2876070,22.6407220,114.0099918,47.2980000,110906.0000000,0.0000000,9714.0000000,9715.0000000,26303567.009,-10473707.716,28312120.915,0.4916
1.0000000,110.0640000,-142.4313440,-6.4553000,208.3914560,-0.4979690,0.0017990,0.2880740,22.6407219,114.0099918,47.2820000,111012.0000000,0.0000000,9723.0000000,9724.0000000,26303566.998,-10473707.716,28312120.905,0.4980
1.0000000,110.1700000,-142.4336160,-6.4572480,208.3928960,-0.5041620,0.0014250,0.2885530,22.6407219,114.0099918,47.2670000,111118.0000000,0.0000000,9732.0000000,9733.0000000,26303566.998,-10473707.716,28312120.905,0.5042
1.0000000,110.2750000,-142.4248640,-6.4444630,208.3937440,-0.4758400,0.0012310,0.2860350,22.6407234,114.0099918,47.3060000,111223.0000000,0.0000000,9741.0000000,9742.0000000,26303567.164,-10473707.716,28312121.059,0.4758
1.0000000,110.3800000,-142.4235840,-6.4448630,208.3941920,-0.4824110,0.0013810,0.2864970,22.6407234,114.0099918,47.2900000,111328.0000000,0.0000000,9750.0000000,9751.0000000,26303567.164,-10473707.716,28312121.059,0.4824
1.0000000,110.4860000,-142.4270400,-6.4493230,208.3952800,-0.4891870,0.0013520,0.2869190,22.6407233,114.0099918,47.2750000,111434.0000000,0.0000000,9759.0000000,9759.0000000,26303567.153,-10473707.716,28312121.049,0.4892
1.0000000,110.5910000,-142.4338720,-6.4550000,208.3983840,-0.4954750,0.0010930,0.2874550,22.6407233,114.0099918,47.2610000,111539.0000000,0.0000000,9768.0000000,9769.0000000,26303567.153,-10473707.716,28312121.049,0.4955
1.0000000,110.6970000,-142.4366080,-6.4573410,208.4004000,-0.5017130,0.0008590,0.2880970,22.6407233,114.0099918,47.2460000,111645.0000000,0.0000000,9778.0000000,9779.0000000,26303567.153,-10473707.716,28312121.049,0.5017
1.0000000,110.8020000,-142.4286080,-6.4458940,208.4028640,-0.4736970,0.0008410,0.2855770,22.6407248,114.0099918,47.2850000,111750.0000000,0.0000000,9787.0000000,9788.0000000,26303567.319,-10473707.716,28312121.204,0.4737
1.0000000,110.9080000,-142.4268480,-6.4445230,208.4058880,-0.4804800,0.0010010,0.2861990,22.6407250,114.0099918,47.2690000,111856.0000000,0.0000000,9797.0000000,9798.0000000,26303567.342,-10473707.716,28312121.224,0.4805
1.0000000,111.0140000,-142.4314240,-6.4508790,208.4089280,-0.4871560,0.0010400,0.2864190,22.6407251,114.0099918,47.2540000,111962.0000000,0.0000000,9807.0000000,9807.0000000,26303567.353,-10473707.716,28312121.234,0.4872
1.0000000,111.1180000,-142.4362560,-6.4548520,208.4105920,-0.4934890,0.0008120,0.2870630,22.6407251,114.0099918,47.2390000,112067.0000000,0.0000000,9816.0000000,9817.0000000,26303567.353,-10473707.716,28312121.234,0.4935
1.0000000,111.2240000,-142.4377920,-6.4567380,208.4138240,-0.4997200,0.0005630,0.2877740,22.6407251,114.0099918,47.2240000,112173.0000000,0.0000000,9826.0000000,9827.0000000,26303567.353,-10473707.716,28312121.234,0.4997
1.0000000,111.3290000,-142.4303360,-6.4430950,208.4132160,-0.4719750,0.0005390,0.2852630,22.6407267,114.0099918,47.2620000,112278.0000000,0.0000000,9835.0000000,9836.0000000,26303567.530,-10473707.716,28312121.399,0.4720
1.0000000,111.4350000,-142.4292480,-6.4436280,208.4136000,-0.4787630,0.0006790,0.2856840,22.6407267,114.0099918,47.2470000,112384.0000000,0.0000000,9845.0000000,9846.0000000,26303567.530,-10473707.716,28312121.399,0.4788
1.0000000,111.5400000,-142.4326240,-6.4483620,208.4150560,-0.4852360,0.0007490,0.2859700,22.6407267,114.0099918,47.2330000,112489.0000000,0.0000000,9854.0000000,9854.0000000,26303567.530,-10473707.716,28312121.399,0.4852
1.0000000,111.6460000,-142.4359200,-6.4538180,208.4156800,-0.4915610,0.0005210,0.2865850,22.6407267,114.0099918,47.2180000,112595.0000000,0.0000000,9863.0000000,9863.0000000,26303567.530,-10473707.716,28312121.399,0.4916
1.0000000,111.7520000,-142.4289280,-6.4428420,208.4160320,-0.4638060,0.0002760,0.2842430,22.6407282,114.0099918,47.2560000,112701.0000000,0.0000000,9872.0000000,9872.0000000,26303567.696,-10473707.716,28312121.554,0.4638
1.0000000,111.8570000,-142.4267840,-6.4431090,208.4173600,-0.4703320,0.0001290,0.2848690,22.6407280,114.0099918,47.2420000,112806.0000000,0.0000000,9880.0000000,9881.0000000,26303567.674,-10473707.716,28312121.533,0.4703
1.0000000,111.9630000,-142.4265440,-6.4440160,208.4169280,-0.4772390,0.0003460,0.2851230,22.6407279,114.0099918,47.2270000,112912.0000000,0.0000000,9889.0000000,9890.0000000,26303567.663,-10473707.716,28312121.523,0.4772
1.0000000,112.0700000,-142.4316640,-6.4497470,208.4188800,-0.4837990,0.0003350,0.2854290,22.6407279,114.0099918,47.2110000,113019.0000000,0.0000000,9898.0000000,9899.0000000,26303567.663,-10473707.716,28312121.523,0.4838
1.0000000,112.1750000,-142.4367200,-6.4543520,208.4212640,-0.4899030,0.0001120,0.2861640,22.6407280,114.0099918,47.1960000,113124.0000000,0.0000000,9907.0000000,9908.0000000,26303567.674,-10473707.716,28312121.533,0.4899
1.0000000,112.2820000,-142.4268960,-6.4412400,208.4216480,-0.4625690,-0.0001130,0.2839550,22.6407295,114.0099918,47.2330000,113231.0000000,0.0000000,9916.0000000,9917.0000000,26303567.841,-10473707.716,28312121.688,0.4626
1.0000000,112.3890000,-142.4244000,-6.4408400,208.4227680,-0.4693840,-0.0000060,0.2844290,22.6407296,114.0099918,47.2190000,113338.0000000,0.0000000,9926.0000000,9926.0000000,26303567.852,-10473707.716,28312121.698,0.4694
1.0000000,112.4940000,-142.4274560,-6.4460840,208.4260960,-0.4759090,0.0000110,0.2846410,22.6407296,114.0099918,47.2040000,113443.0000000,0.0000000,9935.0000000,9936.0000000,26303567.852,-10473707.716,28312121.698,0.4759
1.0000000,112.6000000,-142.4323680,-6.4524740,208.4274400,-0.4821990,-0.0001820,0.2852830,22.6407296,114.0099918,47.1900000,113549.0000000,0.0000000,9945.0000000,9946.0000000,26303567.852,-10473707.716,28312121.698,0.4822
1.0000000,112.7050000,-142.4347200,-6.4532330,208.4280000,-0.4884650,-0.0005050,0.2858580,22.6407294,114.0099918,47.1760000,113654.0000000,0.0000000,9954.0000000,9955.0000000,26303567.830,-10473707.716,28312121.678,0.4885
1.0000000,112.8110000,-142.4248480,-6.4402190,208.4289280,-0.4614720,-0.0004590,0.2834840,22.6407310,114.0099918,47.2130000,113760.0000000,0.0000000,9964.0000000,9965.0000000,26303568.007,-10473707.716,28312121.843,0.4615
1.0000000,112.9160000,-142.4237760,-6.4400110,208.4288960,-0.4683130,-0.0004330,0.2837180,22.6407309,114.0099918,47.1980000,113866.0000000,0.0000000,9974.0000000,9974.0000000,26303567.996,-10473707.716,28312121.832,0.4683
1.0000000,113.0210000,-142.4280480,-6.4447960,208.4291680,-0.4746350,-0.0004720,0.2841390,22.6407306,114.0099918,47.1830000,113971.0000000,0.0000000,9983.0000000,9984.0000000,26303567.963,-10473707.716,28312121.801,0.4746
1.0000000,113.1280000,-142.4328800,-6.4486860,208.4290240,-0.4807620,-0.0007260,0.2847400,22.6407304,114.0099918,47.1690000,114078.0000000,0.0000000,9993.0000000,9994.0000000,26303567.941,-10473707.716,28312121.781,0.4808
1.0000000,113.2340000,-142.4329760,-6.4483730,208.4280320,-0.4870550,-0.0008380,0.2860360,22.6407303,114.0099918,47.1380000,114184.0000000,0.0000000,10002.0000000,10003.0000000,26303567.929,-10473707.716,28312121.770,0.4871
1.0000000,113.3410000,-142.4218880,-6.4348500,208.4275520,-0.4604860,-0.0005930,0.2834380,22.6407318,114.0099918,47.1750000,114291.0000000,0.0000000,10011.0000000,10012.0000000,26303568.096,-10473707.716,28312121.925,0.4605
1.0000000,113.4480000,-142.4247520,-6.4392310,208.4297760,-0.4671620,-0.0005830,0.2836530,22.6407317,114.0099918,47.1610000,114398.0000000,0.0000000,10020.0000000,10021.0000000,26303568.085,-10473707.716,28312121.915,0.4672
1.0000000,113.5550000,-142.4310400,-6.4436890,208.4327840,-0.4732560,-0.0006780,0.2842480,22.6407317,114.0099918,47.1460000,114505.0000000,0.0000000,10029.0000000,10030.0000000,26303568.085,-10473707.716,28312121.915,0.4733
1.0000000,113.6620000,-142.4303360,-6.4445010,208.4341760,-0.4793970,-0.0008730,0.2850130,22.6407317,114.0099918,47.1310000,114612.0000000,0.0000000,10038.0000000,10039.0000000,26303568.085,-10473707.716,28312121.915,0.4794
1.0000000,113.7690000,-142.4193760,-6.4316090,208.4360000,-0.4531690,-0.0006940,0.2825680,22.6407334,114.0099918,47.1670000,114719.0000000,0.0000000,10047.0000000,10048.0000000,26303568.273,-10473707.716,28312122.090,0.4532
1.0000000,113.8750000,-142.4214880,-6.4356580,208.4372000,-0.4598290,-0.0007100,0.2827930,22.6407333,114.0099918,47.1530000,114825.0000000,0.0000000,10056.0000000,10057.0000000,26303568.262,-10473707.716,28312122.080,0.4598
1.0000000,113.9820000,-142.4274560,-6.4410090,208.4386080,-0.4658440,-0.0010120,0.2831250,22.6407332,114.0099918,47.1380000,114932.0000000,0.0000000,10065.0000000,10066.0000000,26303568.251,-10473707.716,28312122.069,0.4658
1.0000000,114.0900000,-142.4269120,-6.4419830,208.4408000,-0.4718600,-0.0012700,0.2838860,22.6407332,114.0099918,47.1230000,115040.0000000,0.0000000,10074.0000000,10075.0000000,26303568.251,-10473707.716,28312122.069,0.4719
1.0000000,114.1970000,-142.4233600,-6.4394240,208.4415200,-0.4785890,-0.0011590,0.2840270,22.6407333,114.0099918,47.1240000,115147.0000000,0.0000000,10084.0000000,10085.0000000,26303568.262,-10473707.716,28312122.080,0.4786
1.0000000,114.3030000,-142.4195840,-6.4305420,208.4430720,-0.4524660,-0.0010000,0.2811950,22.6407350,114.0099918,47.1610000,115253.0000000,0.0000000,10094.0000000,10094.0000000,26303568.451,-10473707.716,28312122.255,0.4525
1.0000000,114.4080000,-142.4230880,-6.4352630,208.4457760,-0.4585160,-0.0012030,0.2814220,22.6407351,114.0099918,47.1470000,115358.0000000,0.0000000,10103.0000000,10104.0000000,26303568.462,-10473707.716,28312122.265,0.4585
1.0000000,114.5140000,-142.4280160,-6.4383170,208.4486880,-0.4643460,-0.0015460,0.2826060,22.6407352,114.0099918,47.1170000,115464.0000000,0.0000000,10113.0000000,10113.0000000,26303568.473,-10473707.716,28312122.275,0.4643
1.0000000,114.6210000,-142.4256800,-6.4368190,208.4506080,-0.4705730,-0.0015660,0.2831960,22.6407352,114.0099918,47.1030000,115571.0000000,0.0000000,10123.0000000,10123.0000000,26303568.473,-10473707.716,28312122.275,0.4706
1.0000000,114.7260000,-142.4232960,-6.4363920,208.4504640,-0.4771680,-0.0013200,0.2837200,22.6407352,114.0099918,47.0880000,115677.0000000,0.0000000,10132.0000000,10133.0000000,26303568.473,-10473707.716,28312122.275,0.4772
1.0000000,114.8320000,-142.4213280,-6.4288300,208.4514720,-0.4509490,-0.0011380,0.2809580,22.6407367,114.0099918,47.1250000,115783.0000000,0.0000000,10142.0000000,10142.0000000,26303568.639,-10473707.716,28312122.430,0.4510
1.0000000,114.9370000,-142.4257280,-6.4322300,208.4523840,-0.4567640,-0.0013630,0.2814230,22.6407366,114.0099918,47.1110000,115888.0000000,0.0000000,10151.0000000,10152.0000000,26303568.628,-10473707.716,28312122.420,0.4568
1.0000000,115.0430000,-142.4269440,-6.4352150,208.4554880,-0.4625860,-0.0016280,0.2820880,22.6407367,114.0099918,47.0970000,115994.0000000,0.0000000,10161.0000000,10162.0000000,26303568.639,-10473707.716,28312122.430,0.4626
1.0000000,115.1490000,-142.4233120,-6.4327750,208.4566880,-0.4690150,-0.0016060,0.2826920,22.6407367,114.0099918,47.0830000,116100.0000000,0.0000000,10170.0000000,10171.0000000,26303568.639,-10473707.716,28312122.430,0.4690
1.0000000,115.2540000,-142.4155040,-6.4202710,208.4561440,-0.4433420,-0.0013090,0.2800720,22.6407383,114.0099918,47.1190000,116205.0000000,0.0000000,10179.0000000,10179.0000000,26303568.817,-10473707.716,28312122.595,0.4433
1.0000000,115.3590000,-142.4188320,-6.4239050,208.4574560,-0.4493430,-0.0013510,0.2803320,22.6407382,114.0099918,47.1050000,116310.0000000,0.0000000,10187.0000000,10188.0000000,26303568.806,-10473707.716,28312122.585,0.4493
1.0000000,115.4650000,-142.4241120,-6.4289200,208.4598080,-0.4550840,-0.0016440,0.2808860,22.6407382,114.0099918,47.0910000,116416.0000000,0.0000000,10196.0000000,10197.0000000,26303568.806,-10473707.716,28312122.585,0.4551
1.0000000,115.5720000,-142.4229440,-6.4283460,208.4605600,-0.4608770,-0.0017930,0.2817010,22.6407382,114.0099918,47.0760000,116523.0000000,0.0000000,10205.0000000,10206.0000000,26303568.806,-10473707.716,28312122.585,0.4609
1.0000000,115.6770000,-142.4197760,-6.4260380,208.4592480,-0.4671580,-0.0016890,0.2822650,22.6407380,114.0099918,47.0630000,116628.0000000,0.0000000,10214.0000000,10215.0000000,26303568.784,-10473707.716,28312122.564,0.4672
1.0000000,115.7840000,-142.4155680,-6.4162800,208.4594400,-0.4417450,-0.0014020,0.2796080,22.6407395,114.0099918,47.0980000,116735.0000000,0.0000000,10223.0000000,10224.0000000,26303568.950,-10473707.716,28312122.719,0.4417
1.0000000,115.8900000,-142.4215360,-6.4223240,208.4596480,-0.4476010,-0.0015710,0.2799480,22.6407394,114.0099918,47.0840000,116841.0000000,0.0000000,10232.0000000,10233.0000000,26303568.939,-10473707.716,28312122.708,0.4476
1.0000000,115.9970000,-142.4245760,-6.4252390,208.4614880,-0.4531860,-0.0018810,0.2806550,22.6407393,114.0099918,47.0700000,116948.0000000,0.0000000,10242.0000000,10242.0000000,26303568.928,-10473707.716,28312122.698,0.4532
1.0000000,116.1020000,-142.4214400,-6.4250290,208.4627360,-0.4591060,-0.0019350,0.2811520,22.6407391,114.0099918,47.0560000,117053.0000000,0.0000000,10251.0000000,10252.0000000,26303568.906,-10473707.716,28312122.677,0.4591
1.0000000,116.2080000,-142.4205120,-6.4243100,208.4635200,-0.4656330,-0.0018690,0.2816190,22.6407390,114.0099918,47.0420000,117159.0000000,0.0000000,10261.0000000,10262.0000000,26303568.895,-10473707.716,28312122.667,0.4656
1.0000000,116.3140000,-142.4182400,-6.4183490,208.4648000,-0.4399880,-0.0016920,0.2789990,22.6407406,114.0099918,47.0780000,117265.0000000,0.0000000,10271.0000000,10271.0000000,26303569.072,-10473707.716,28312122.832,0.4400
1.0000000,116.4190000,-142.4241280,-6.4223910,208.4657760,-0.4455070,-0.0018260,0.2796040,22.6407405,114.0099918,47.0640000,117370.0000000,0.0000000,10280.0000000,10281.0000000,26303569.061,-10473707.716,28312122.822,0.4455
1.0000000,116.5240000,-142.4243200,-6.4236050,208.4668320,-0.4511810,-0.0020450,0.2801850,22.6407404,114.0099918,47.0500000,117476.0000000,0.0000000,10290.0000000,10290.0000000,26303569.050,-10473707.716,28312122.811,0.4512
1.0000000,116.6290000,-142.4224000,-6.4227550,208.4672480,-0.4574130,-0.0020190,0.2806860,22.6407403,114.0099918,47.0370000,117581.0000000,0.0000000,10299.0000000,10300.0000000,26303569.039,-10473707.716,28312122.801,0.4574
1.0000000,116.7350000,-142.4213920,-6.4225650,208.4679680,-0.4639430,-0.0017600,0.2808810,22.6407402,114.0099917,47.0230000,117687.0000000,0.0000000,10309.0000000,10310.0000000,26303569.028,-10473707.707,28312122.787,0.4639
1.0000000,116.8410000,-142.4196640,-6.4168600,208.4701760,-0.4382920,-0.0014980,0.2782680,22.6407419,114.0099918,47.0590000,117793.0000000,0.0000000,10319.0000000,10319.0000000,26303569.216,-10473707.716,28312122.966,0.4383
1.0000000,116.9460000,-142.4230880,-6.4213920,208.4717600,-0.4438540,-0.0017580,0.2788950,22.6407420,114.0099918,47.0460000,117898.0000000,0.0000000,10328.0000000,10329.0000000,26303569.227,-10473707.716,28312122.976,0.4439
1.0000000,117.0520000,-142.4227520,-6.4199370,208.4717280,-0.4494850,-0.0019260,0.2796310,22.6407419,114.0099917,47.0320000,118004.0000000,0.0000000,10337.0000000,10338.0000000,26303569.216,-10473707.707,28312122.962,0.4495
1.0000000,117.1570000,-142.4199040,-6.4178980,208.4725120,-0.4556630,-0.0017560,0.2801570,22.6407418,114.0099917,47.0180000,118109.0000000,0.0000000,10346.0000000,10347.0000000,26303569.205,-10473707.707,28312122.952,0.4557
1.0000000,117.2630000,-142.4149760,-6.4089970,208.4730240,-0.4308920,-0.0014660,0.2775050,22.6407434,114.0099917,47.0540000,118215.0000000,0.0000000,10355.0000000,10356.0000000,26303569.383,-10473707.707,28312123.117,0.4309
1.0000000,117.3690000,-142.4208000,-6.4156260,208.4748960,-0.4366960,-0.0015190,0.2776670,22.6407433,114.0099917,47.0400000,118321.0000000,0.0000000,10364.0000000,10365.0000000,26303569.372,-10473707.707,28312123.107,0.4367
1.0000000,117.4740000,-142.4236640,-6.4200170,208.4759200,-0.4421520,-0.0016560,0.2783340,22.6407433,114.0099917,47.0270000,118426.0000000,0.0000000,10373.0000000,10373.0000000,26303569.372,-10473707.707,28312123.107,0.4422
1.0000000,117.5790000,-142.4228800,-6.4205610,208.4773600,-0.4477210,-0.0016770,0.2790630,22.6407432,114.0099917,47.0130000,118531.0000000,0.0000000,10381.0000000,10382.0000000,26303569.360,-10473707.707,28312123.096,0.4477
1.0000000,117.6850000,-142.4183840,-6.4198270,208.4758560,-0.4540750,-0.0015390,0.2794950,22.6407430,114.0099917,47.0000000,118637.0000000,0.0000000,10390.0000000,10391.0000000,26303569.338,-10473707.707,28312123.076,0.4541
1.0000000,117.7920000,-142.4146240,-6.4120350,208.4776320,-0.4294740,-0.0012450,0.2768990,22.6407445,114.0099917,47.0350000,118744.0000000,0.0000000,10399.0000000,10400.0000000,26303569.505,-10473707.707,28312123.230,0.4295
1.0000000,117.8980000,-142.4212160,-6.4174680,208.4791680,-0.4350710,-0.0014480,0.2772610,22.6407445,114.0099917,47.0210000,118850.0000000,0.0000000,10408.0000000,10409.0000000,26303569.505,-10473707.707,28312123.230,0.4351
1.0000000,118.0050000,-142.4202880,-6.4192800,208.4800800,-0.4405920,-0.0016390,0.2779090,22.6407444,114.0099917,47.0080000,118957.0000000,0.0000000,10418.0000000,10419.0000000,26303569.494,-10473707.707,28312123.220,0.4406
1.0000000,118.1110000,-142.4172640,-6.4181310,208.4812160,-0.4466260,-0.0016800,0.2783860,22.6407443,114.0099917,46.9940000,119063.0000000,0.0000000,10428.0000000,10428.0000000,26303569.482,-10473707.707,28312123.210,0.4466
1.0000000,118.2160000,-142.4168800,-6.4198130,208.4824160,-0.4528760,-0.0015020,0.2786930,22.6407442,114.0099917,46.9810000,119168.0000000,0.0000000,10437.0000000,10438.0000000,26303569.471,-10473707.707,28312123.200,0.4529
1.0000000,118.3220000,-142.4153760,-6.4136290,208.4836960,-0.4280320,-0.0013240,0.2760980,22.6407458,114.0099917,47.0160000,119274.0000000,0.0000000,10447.0000000,10447.0000000,26303569.649,-10473707.707,28312123.364,0.4280
1.0000000,118.4270000,-142.4192480,-6.4182080,208.4846560,-0.4336300,-0.0015710,0.2765210,22.6407457,114.0099917,47.0030000,119379.0000000,0.0000000,10456.0000000,10457.0000000,26303569.638,-10473707.707,28312123.354,0.4336
1.0000000,118.5320000,-142.4211520,-6.4201610,208.4863040,-0.4392030,-0.0018180,0.2771830,22.6407458,114.0099917,46.9890000,119485.0000000,0.0000000,10466.0000000,10467.0000000,26303569.649,-10473707.707,28312123.364,0.4392
1.0000000,118.6390000,-142.4165440,-6.4185580,208.4884480,-0.4453920,-0.0017520,0.2777220,22.6407458,114.0099917,46.9750000,119592.0000000,0.0000000,10476.0000000,10476.0000000,26303569.649,-10473707.707,28312123.364,0.4454
1.0000000,118.7440000,-142.4152480,-6.4197140,208.4897920,-0.4516880,-0.0016330,0.2778020,22.6407457,114.0099917,46.9630000,119697.0000000,0.0000000,10485.0000000,10486.0000000,26303569.638,-10473707.707,28312123.354,0.4517
1.0000000,118.8500000,-142.4151040,-6.4124850,208.4901120,-0.4267620,-0.0014760,0.2752870,22.6407473,114.0099917,46.9970000,119803.0000000,0.0000000,10495.0000000,10495.0000000,26303569.815,-10473707.707,28312123.519,0.4268
1.0000000,118.9550000,-142.4177440,-6.4149830,208.4899520,-0.4322630,-0.0017070,0.2759530,22.6407472,114.0099917,46.9840000,119908.0000000,0.0000000,10504.0000000,10505.0000000,26303569.804,-10473707.707,28312123.509,0.4323
1.0000000,119.0610000,-142.4156480,-6.4157690,208.4897120,-0.4378260,-0.0018820,0.2765800,22.6407471,114.0099917,46.9710000,120014.0000000,0.0000000,10513.0000000,10514.0000000,26303569.793,-10473707.707,28312123.498,0.4378
1.0000000,119.1670000,-142.4119360,-6.4149640,208.4901280,-0.4439760,-0.0019290,0.2770220,22.6407470,114.0099917,46.9570000,120120.0000000,0.0000000,10522.0000000,10523.0000000,26303569.782,-10473707.707,28312123.488,0.4440
1.0000000,119.2720000,-142.4061600,-6.4047100,208.4886720,-0.4198620,-0.0018190,0.2744240,22.6407485,114.0099917,46.9920000,120225.0000000,0.0000000,10531.0000000,10531.0000000,26303569.948,-10473707.707,28312123.643,0.4199
1.0000000,119.3770000,-142.4112320,-6.4097430,208.4886400,-0.4254500,-0.0018970,0.2746770,22.6407483,114.0099917,46.9790000,120330.0000000,0.0000000,10539.0000000,10540.0000000,26303569.926,-10473707.707,28312123.622,0.4255
1.0000000,119.4830000,-142.4153280,-6.4133930,208.4883840,-0.4307460,-0.0021160,0.2752280,22.6407482,114.0099917,46.9660000,120436.0000000,0.0000000,10548.0000000,10549.0000000,26303569.915,-10473707.707,28312123.612,0.4308
1.0000000,119.5900000,-142.4136480,-6.4127600,208.4895040,-0.4363350,-0.0023380,0.2759030,22.6407482,114.0099917,46.9530000,120543.0000000,0.0000000,10557.0000000,10558.0000000,26303569.915,-10473707.707,28312123.612,0.4363
1.0000000,119.6950000,-142.4096000,-6.4109930,208.4924480,-0.4423320,-0.0022850,0.2763720,22.6407482,114.0099917,46.9400000,120648.0000000,0.0000000,10566.0000000,10567.0000000,26303569.915,-10473707.707,28312123.612,0.4423
1.0000000,119.8020000,-142.4060160,-6.4029770,208.4932160,-0.4183150,-0.0021160,0.2737890,22.6407498,114.0099917,46.9730000,120755.0000000,0.0000000,10575.0000000,10576.0000000,26303570.093,-10473707.707,28312123.777,0.4183
1.0000000,119.9090000,-142.4122560,-6.4097540,208.4970400,-0.4237660,-0.0023450,0.2742410,22.6407498,114.0099917,46.9600000,120862.0000000,0.0000000,10585.0000000,10586.0000000,26303570.093,-10473707.707,28312123.777,0.4238
1.0000000,120.0140000,-142.4145280,-6.4115520,208.4978080,-0.4292440,-0.0026150,0.2746170,22.6407497,114.0099917,46.9470000,120967.0000000,0.0000000,10594.0000000,10595.0000000,26303570.082,-10473707.707,28312123.766,0.4293
1.0000000,120.1200000,-142.4114720,-6.4094200,208.4970720,-0.4350050,-0.0026700,0.2751530,22.6407496,114.0099917,46.9340000,121073.0000000,0.0000000,10604.0000000,10605.0000000,26303570.070,-10473707.707,28312123.756,0.4350
1.0000000,120.2260000,-142.4087680,-6.4079560,208.4951040,-0.4410880,-0.0025540,0.2754170,22.6407494,114.0099917,46.9210000,121179.0000000,0.0000000,10614.0000000,10614.0000000,26303570.048,-10473707.707,28312123.735,0.4411
1.0000000,120.3310000,-142.4076640,-6.4006700,208.4947840,-0.4167770,-0.0024200,0.2729020,22.6407509,114.0099917,46.9550000,121284.0000000,0.0000000,10623.0000000,10624.0000000,26303570.215,-10473707.707,28312123.890,0.4168
1.0000000,120.4370000,-142.4122880,-6.4051440,208.4958400,-0.4220680,-0.0025840,0.2734040,22.6407508,114.0099917,46.9410000,121391.0000000,0.0000000,10633.0000000,10634.0000000,26303570.204,-10473707.707,28312123.880,0.4221
1.0000000,120.5430000,-142.4107840,-6.4054110,208.4972000,-0.4273650,-0.0027820,0.2745790,22.6407508,114.0099917,46.9120000,121497.0000000,0.0000000,10643.0000000,10643.0000000,26303570.204,-10473707.707,28312123.880,0.4274
1.0000000,120.6490000,-142.4065920,-6.4031290,208.4983200,-0.4332800,-0.0027770,0.2750080,22.6407507,114.0099917,46.8990000,121603.0000000,0.0000000,10652.0000000,10653.0000000,26303570.192,-10473707.707,28312123.869,0.4333
1.0000000,120.7550000,-142.4078400,-6.4052710,208.4987680,-0.4393660,-0.0028010,0.2751750,22.6407506,114.0099917,46.8860000,121709.0000000,0.0000000,10662.0000000,10663.0000000,26303570.181,-10473707.707,28312123.859,0.4394
1.0000000,120.8610000,-142.4077440,-6.3969380,208.4970720,-0.4150500,-0.0026850,0.2726440,22.6407520,114.0099917,46.9210000,121815.0000000,0.0000000,10671.0000000,10672.0000000,26303570.337,-10473707.707,28312124.003,0.4151
1.0000000,120.9670000,-142.4097600,-6.4015160,208.4981280,-0.4201310,-0.0028760,0.2730970,22.6407519,114.0099917,46.9080000,121921.0000000,0.0000000,10680.0000000,10681.0000000,26303570.326,-10473707.707,28312123.993,0.4201
1.0000000,121.0730000,-142.4071200,-6.3988320,208.4998560,-0.4255950,-0.0029990,0.2738020,22.6407519,114.0099917,46.8940000,122027.0000000,0.0000000,10689.0000000,10690.0000000,26303570.326,-10473707.707,28312123.993,0.4256
1.0000000,121.1800000,-142.4030720,-6.3994420,208.5006400,-0.4315650,-0.0029000,0.2740690,22.6407518,114.0099917,46.8810000,122134.0000000,0.0000000,10698.0000000,10699.0000000,26303570.314,-10473707.707,28312123.983,0.4316
1.0000000,121.2870000,-142.4036640,-6.3965020,208.5034080,-0.4078510,-0.0027410,0.2715320,22.6407534,114.0099917,46.9150000,122241.0000000,0.0000000,10707.0000000,10708.0000000,26303570.492,-10473707.707,28312124.148,0.4079
1.0000000,121.3930000,-142.4073760,-6.4016440,208.5048960,-0.4129560,-0.0029600,0.2720130,22.6407534,114.0099917,46.9010000,122347.0000000,0.0000000,10716.0000000,10717.0000000,26303570.492,-10473707.707,28312124.148,0.4130
1.0000000,121.5000000,-142.4060000,-6.4009750,208.5058240,-0.4182520,-0.0032100,0.2726140,22.6407533,114.0099917,46.8880000,122454.0000000,0.0000000,10725.0000000,10726.0000000,26303570.481,-10473707.707,28312124.137,0.4183
1.0000000,121.6070000,-142.4021120,-6.3992300,208.5085920,-0.4241670,-0.0031460,0.2728420,22.6407532,114.0099917,46.8750000,122561.0000000,0.0000000,10734.0000000,10735.0000000,26303570.470,-10473707.707,28312124.127,0.4242
1.0000000,121.7140000,-142.4066240,-6.4033630,208.5123040,-0.4300710,-0.0032380,0.2730120,22.6407532,114.0099917,46.8620000,122668.0000000,0.0000000,10743.0000000,10744.0000000,26303570.470,-10473707.707,28312124.127,0.4301
1.0000000,121.8210000,-142.4053920,-6.3991380,208.5145920,-0.4061830,-0.0032660,0.2709010,22.6407549,114.0099917,46.8950000,122775.0000000,0.0000000,10753.0000000,10753.0000000,26303570.658,-10473707.707,28312124.302,0.4062
1.0000000,121.9270000,-142.4058400,-6.3998830,208.5164800,-0.4112550,-0.0034860,0.2714550,22.6407549,114.0099917,46.8820000,122881.0000000,0.0000000,10762.0000000,10763.0000000,26303570.658,-10473707.707,28312124.302,0.4113
1.0000000,122.0330000,-142.4020480,-6.3972190,208.5171360,-0.4169060,-0.0035190,0.2718280,22.6407550,114.0099917,46.8690000,122987.0000000,0.0000000,10772.0000000,10773.0000000,26303570.669,-10473707.707,28312124.313,0.4169
1.0000000,122.1380000,-142.4024320,-6.3979760,208.5182720,-0.4228200,-0.0034310,0.2718950,22.6407550,114.0099917,46.8570000,123092.0000000,0.0000000,10781.0000000,10782.0000000,26303570.669,-10473707.707,28312124.313,0.4228
1.0000000,122.2440000,-142.4063200,-6.4029790,208.5202560,-0.4285390,-0.0036080,0.2719190,22.6407550,114.0099917,46.8440000,123198.0000000,0.0000000,10791.0000000,10792.0000000,26303570.669,-10473707.707,28312124.313,0.4286
1.0000000,122.3490000,-142.4055360,-6.3982320,208.5204640,-0.4045400,-0.0034740,0.2699980,22.6407566,114.0099917,46.8770000,123304.0000000,0.0000000,10801.0000000,10801.0000000,26303570.847,-10473707.707,28312124.477,0.4046
1.0000000,122.4540000,-142.4046400,-6.3983520,208.5213920,-0.4097080,-0.0036790,0.2705540,22.6407566,114.0099917,46.8650000,123409.0000000,0.0000000,10810.0000000,10811.0000000,26303570.847,-10473707.707,28312124.477,0.4097
1.0000000,122.5600000,-142.4013440,-6.3967970,208.5230080,-0.4153360,-0.0038400,0.2711450,22.6407567,114.0099917,46.8530000,123515.0000000,0.0000000,10820.0000000,10821.0000000,26303570.858,-10473707.707,28312124.488,0.4154
1.0000000,122.6650000,-142.4013440,-6.3970080,208.5241120,-0.4212220,-0.0037150,0.2711200,22.6407566,114.0099917,46.8400000,123620.0000000,0.0000000,10829.0000000,10830.0000000,26303570.847,-10473707.707,28312124.477,0.4212
1.0000000,122.7710000,-142.4003040,-6.3912960,208.5239040,-0.3980380,-0.0035490,0.2686600,22.6407581,114.0099917,46.8740000,123726.0000000,0.0000000,10838.0000000,10839.0000000,26303571.013,-10473707.707,28312124.632,0.3981
1.0000000,122.8780000,-142.4046400,-6.3960850,208.5248960,-0.4030250,-0.0039030,0.2692070,22.6407580,114.0099917,46.8610000,123833.0000000,0.0000000,10847.0000000,10848.0000000,26303571.002,-10473707.707,28312124.622,0.4030
1.0000000,122.9830000,-142.4042080,-6.3956440,208.5257440,-0.4081040,-0.0041710,0.2697100,22.6407580,114.0099917,46.8490000,123938.0000000,0.0000000,10856.0000000,10857.0000000,26303571.002,-10473707.707,28312124.622,0.4081
1.0000000,123.0890000,-142.3995840,-6.3948900,208.5251680,-0.4137770,-0.0041700,0.2700390,22.6407578,114.0099917,46.8370000,124044.0000000,0.0000000,10865.0000000,10866.0000000,26303570.980,-10473707.707,28312124.601,0.4138
1.0000000,123.1960000,-142.4001120,-6.3981100,208.5276800,-0.4197020,-0.0041210,0.2700900,22.6407577,114.0099917,46.8240000,124151.0000000,0.0000000,10874.0000000,10875.0000000,26303570.969,-10473707.707,28312124.591,0.4197
1.0000000,123.3020000,-142.3999680,-6.3936540,208.5296640,-0.3964950,-0.0041700,0.2678250,22.6407594,114.0099917,46.8580000,124257.0000000,0.0000000,10883.0000000,10884.0000000,26303571.158,-10473707.707,28312124.766,0.3965
1.0000000,123.4080000,-142.4020960,-6.3955600,208.5314400,-0.4014710,-0.0045680,0.2682550,22.6407594,114.0099917,46.8450000,124363.0000000,0.0000000,10892.0000000,10893.0000000,26303571.158,-10473707.707,28312124.766,0.4015
1.0000000,123.5140000,-142.4001120,-6.3938510,208.5336000,-0.4068530,-0.0045790,0.2687040,22.6407595,114.0099917,46.8330000,124469.0000000,0.0000000,10901.0000000,10902.0000000,26303571.169,-10473707.707,28312124.776,0.4069
1.0000000,123.6200000,-142.3983840,-6.3918150,208.5360320,-0.4126210,-0.0044920,0.2690110,22.6407595,114.0099917,46.8210000,124575.0000000,0.0000000,10910.0000000,10911.0000000,26303571.169,-10473707.707,28312124.776,0.4126
1.0000000,123.7260000,-142.4030080,-6.3945400,208.5393600,-0.4181010,-0.0046220,0.2691030,22.6407595,114.0099917,46.8090000,124681.0000000,0.0000000,10920.0000000,10921.0000000,26303571.169,-10473707.707,28312124.776,0.4181
1.0000000,123.8310000,-142.4016800,-6.3892210,208.5414720,-0.3948000,-0.0045310,0.2669360,22.6407612,114.0099917,46.8420000,124786.0000000,0.0000000,10929.0000000,10930.0000000,26303571.357,-10473707.707,28312124.952,0.3948
1.0000000,123.9370000,-142.4033760,-6.3905740,208.5441280,-0.3997710,-0.0047540,0.2674670,22.6407612,114.0099917,46.8300000,124892.0000000,0.0000000,10939.0000000,10940.0000000,26303571.357,-10473707.707,28312124.952,0.3998
1.0000000,124.0430000,-142.4000640,-6.3884810,208.5456320,-0.4053190,-0.0047360,0.2678240,22.6407612,114.0099917,46.8170000,124998.0000000,0.0000000,10949.0000000,10949.0000000,26303571.357,-10473707.707,28312124.952,0.4053
1.0000000,124.1470000,-142.3995040,-6.3886190,208.5466080,-0.4110950,-0.0046840,0.2677410,22.6407611,114.0099917,46.8060000,125103.0000000,0.0000000,10958.0000000,10959.0000000,26303571.346,-10473707.707,28312124.941,0.4111
1.0000000,124.2530000,-142.4030080,-6.3932290,208.5495040,-0.4164790,-0.0048570,0.2678340,22.6407612,114.0099916,46.7940000,125209.0000000,0.0000000,10968.0000000,10969.0000000,26303571.357,-10473707.698,28312124.948,0.4165
1.0000000,124.3600000,-142.4017600,-6.3878820,208.5529440,-0.3934550,-0.0047230,0.2657080,22.6407630,114.0099917,46.8270000,125316.0000000,0.0000000,10978.0000000,10978.0000000,26303571.557,-10473707.707,28312125.137,0.3935
1.0000000,124.4650000,-142.4009760,-6.3876230,208.5546240,-0.3984480,-0.0049430,0.2662940,22.6407631,114.0099917,46.8150000,125421.0000000,0.0000000,10987.0000000,10988.0000000,26303571.568,-10473707.707,28312125.147,0.3985
1.0000000,124.5700000,-142.3985760,-6.3872960,208.5554560,-0.4038900,-0.0050110,0.2665470,22.6407631,114.0099916,46.8030000,125526.0000000,0.0000000,10996.0000000,10996.0000000,26303571.568,-10473707.698,28312125.144,0.4039
1.0000000,124.6750000,-142.3978240,-6.3886620,208.5551360,-0.4095810,-0.0049050,0.2665260,22.6407629,114.0099916,46.7920000,125631.0000000,0.0000000,11004.0000000,11005.0000000,26303571.546,-10473707.698,28312125.123,0.4096
1.0000000,124.7810000,-142.3985600,-6.3839160,208.5560160,-0.3870880,-0.0045300,0.2642000,22.6407644,114.0099917,46.8240000,125737.0000000,0.0000000,11013.0000000,11014.0000000,26303571.712,-10473707.707,28312125.281,0.3871
1.0000000,124.8880000,-142.4029120,-6.3881990,208.5582240,-0.3919140,-0.0047600,0.2646850,22.6407643,114.0099917,46.8120000,125844.0000000,0.0000000,11022.0000000,11023.0000000,26303571.701,-10473707.707,28312125.271,0.3919
1.0000000,124.9930000,-142.4007680,-6.3872660,208.5584640,-0.3968540,-0.0049710,0.2651610,22.6407643,114.0099916,46.8010000,125949.0000000,0.0000000,11031.0000000,11032.0000000,26303571.701,-10473707.698,28312125.268,0.3969
1.0000000,125.0990000,-142.3961920,-6.3852400,208.5577760,-0.4024430,-0.0050180,0.2653830,22.6407642,114.0099916,46.7900000,126055.0000000,0.0000000,11040.0000000,11041.0000000,26303571.690,-10473707.698,28312125.257,0.4025
1.0000000,125.2060000,-142.3982880,-6.3864300,208.5593280,-0.4081650,-0.0050600,0.2653450,22.6407641,114.0099916,46.7780000,126162.0000000,0.0000000,11049.0000000,11050.0000000,26303571.679,-10473707.698,28312125.247,0.4082
1.0000000,125.3130000,-142.3996160,-6.3809840,208.5601440,-0.3856230,-0.0048400,0.2630360,22.6407655,114.0099916,46.8110000,126269.0000000,0.0000000,11058.0000000,11059.0000000,26303571.834,-10473707.698,28312125.391,0.3857
1.0000000,125.4200000,-142.4014400,-6.3812120,208.5596000,-0.3903940,-0.0050840,0.2636470,22.6407654,114.0099916,46.7990000,126376.0000000,0.0000000,11068.0000000,11069.0000000,26303571.823,-10473707.698,28312125.381,0.3904
1.0000000,125.5260000,-142.3992960,-6.3804100,208.5611360,-0.3957390,-0.0051660,0.2640240,22.6407654,114.0099916,46.7880000,126482.0000000,0.0000000,11078.0000000,11078.0000000,26303571.823,-10473707.698,28312125.381,0.3958
1.0000000,125.6310000,-142.3994080,-6.3809910,208.5625120,-0.4013050,-0.0049760,0.2640130,22.6407654,114.0099916,46.7770000,126587.0000000,0.0000000,11087.0000000,11088.0000000,26303571.823,-10473707.698,28312125.381,0.4013
1.0000000,125.7370000,-142.4041760,-6.3874970,208.5659360,-0.4065920,-0.0049690,0.2646970,22.6407654,114.0099916,46.7490000,126693.0000000,0.0000000,11097.0000000,11097.0000000,26303571.823,-10473707.698,28312125.381,0.4066
1.0000000,125.8420000,-142.4035840,-6.3813000,208.5672160,-0.3838910,-0.0047640,0.2625730,22.6407670,114.0099916,46.7820000,126799.0000000,0.0000000,11106.0000000,11107.0000000,26303572.001,-10473707.698,28312125.546,0.3839
1.0000000,125.9490000,-142.4035520,-6.3818110,208.5675360,-0.3888380,-0.0050010,0.2631870,22.6407670,114.0099916,46.7700000,126906.0000000,0.0000000,11116.0000000,11117.0000000,26303572.001,-10473707.698,28312125.546,0.3889
1.0000000,126.0550000,-142.3996640,-6.3793330,208.5675200,-0.3942980,-0.0047940,0.2635410,22.6407669,114.0099916,46.7590000,127012.0000000,0.0000000,11126.0000000,11126.0000000,26303571.990,-10473707.698,28312125.536,0.3943
1.0000000,126.1600000,-142.3994880,-6.3816600,208.5687840,-0.3998630,-0.0047810,0.2634780,22.6407669,114.0099916,46.7470000,127117.0000000,0.0000000,11135.0000000,11136.0000000,26303571.990,-10473707.698,28312125.536,0.3999
1.0000000,126.2670000,-142.3999200,-6.3773030,208.5708800,-0.3778590,-0.0045820,0.2611080,22.6407684,114.0099916,46.7800000,127224.0000000,0.0000000,11145.0000000,11145.0000000,26303572.156,-10473707.698,28312125.690,0.3779
1.0000000,126.3720000,-142.4024160,-6.3796380,208.5713600,-0.3825130,-0.0047410,0.2615870,22.6407683,114.0099916,46.7680000,127329.0000000,0.0000000,11154.0000000,11154.0000000,26303572.145,-10473707.698,28312125.680,0.3825
1.0000000,126.4780000,-142.4012480,-6.3794750,208.5729440,-0.3873740,-0.0047990,0.2621240,22.6407682,114.0099916,46.7570000,127435.0000000,0.0000000,11163.0000000,11163.0000000,26303572.134,-10473707.698,28312125.670,0.3874
1.0000000,126.5830000,-142.3973280,-6.3784750,208.5730560,-0.3927210,-0.0047460,0.2624610,22.6407681,114.0099916,46.7460000,127540.0000000,0.0000000,11171.0000000,11172.0000000,26303572.123,-10473707.698,28312125.659,0.3927
1.0000000,126.6890000,-142.3982880,-6.3817390,208.5747360,-0.3983590,-0.0046970,0.2624450,22.6407681,114.0099916,46.7360000,127646.0000000,0.0000000,11180.0000000,11181.0000000,26303572.123,-10473707.698,28312125.659,0.3984
1.0000000,126.7950000,-142.3988160,-6.3778380,208.5772320,-0.3765320,-0.0044190,0.2600360,22.6407698,114.0099916,46.7680000,127752.0000000,0.0000000,11189.0000000,11190.0000000,26303572.311,-10473707.698,28312125.834,0.3766
1.0000000,126.9020000,-142.4021440,-6.3807680,208.5801920,-0.3812340,-0.0047550,0.2604870,22.6407698,114.0099916,46.7560000,127859.0000000,0.0000000,11198.0000000,11199.0000000,26303572.311,-10473707.698,28312125.834,0.3813
1.0000000,127.0070000,-142.3996800,-6.3805320,208.5811520,-0.3861240,-0.0048520,0.2611700,22.6407698,114.0099916,46.7460000,127964.0000000,0.0000000,11207.0000000,11208.0000000,26303572.311,-10473707.698,28312125.834,0.3862
1.0000000,127.1140000,-142.3955840,-6.3796950,208.5818400,-0.3917360,-0.0047020,0.2613020,22.6407697,114.0099916,46.7340000,128071.0000000,0.0000000,11216.0000000,11217.0000000,26303572.300,-10473707.698,28312125.824,0.3918
1.0000000,127.2210000,-142.4000640,-6.3856680,208.5855360,-0.3970780,-0.0047200,0.2612880,22.6407697,114.0099916,46.7230000,128178.0000000,0.0000000,11225.0000000,11226.0000000,26303572.300,-10473707.698,28312125.824,0.3971
1.0000000,127.3270000,-142.4004000,-6.3803920,208.5871200,-0.3751700,-0.0046090,0.2591950,22.6407713,114.0099916,46.7560000,128284.0000000,0.0000000,11235.0000000,11236.0000000,26303572.478,-10473707.698,28312125.989,0.3752
1.0000000,127.4330000,-142.4006560,-6.3823680,208.5882400,-0.3799420,-0.0047870,0.2597640,22.6407713,114.0099916,46.7440000,128390.0000000,0.0000000,11245.0000000,11245.0000000,26303572.478,-10473707.698,28312125.989,0.3800
1.0000000,127.5380000,-142.3967680,-6.3815130,208.5883680,-0.3853340,-0.0048190,0.2601380,22.6407713,114.0099916,46.7340000,128495.0000000,0.0000000,11254.0000000,11255.0000000,26303572.478,-10473707.698,28312125.989,0.3854
1.0000000,127.6440000,-142.3975360,-6.3825310,208.5912320,-0.3910630,-0.0046790,0.2600400,22.6407715,114.0099916,46.7230000,128601.0000000,0.0000000,11264.0000000,11264.0000000,26303572.500,-10473707.698,28312126.010,0.3911
1.0000000,127.7500000,-142.4028960,-6.3892970,208.5959200,-0.3963500,-0.0048000,0.2601190,22.6407716,114.0099916,46.7120000,128708.0000000,0.0000000,11274.0000000,11274.0000000,26303572.511,-10473707.698,28312126.020,0.3964
1.0000000,127.8550000,-142.4012320,-6.3833680,208.5979680,-0.3744810,-0.0047020,0.2582240,22.6407732,114.0099916,46.7440000,128813.0000000,0.0000000,11283.0000000,11284.0000000,26303572.688,-10473707.698,28312126.185,0.3745
1.0000000,127.9610000,-142.4005920,-6.3833950,208.6004960,-0.3794240,-0.0047780,0.2587320,22.6407731,114.0099916,46.7330000,128919.0000000,0.0000000,11293.0000000,11293.0000000,26303572.677,-10473707.698,28312126.175,0.3795
1.0000000,128.0660000,-142.3961600,-6.3828660,208.6020960,-0.3848660,-0.0047780,0.2589730,22.6407732,114.0099916,46.7220000,129024.0000000,0.0000000,11302.0000000,11303.0000000,26303572.688,-10473707.698,28312126.185,0.3849
1.0000000,128.1720000,-142.3983680,-6.3846600,208.6044800,-0.3905820,-0.0048460,0.2589380,22.6407732,114.0099916,46.7120000,129130.0000000,0.0000000,11312.0000000,11313.0000000,26303572.688,-10473707.698,28312126.185,0.3906
1.0000000,128.2770000,-142.3993600,-6.3809340,208.6072960,-0.3692520,-0.0044820,0.2565310,22.6407747,114.0099916,46.7440000,129235.0000000,0.0000000,11321.0000000,11321.0000000,26303572.855,-10473707.698,28312126.339,0.3693
1.0000000,128.3830000,-142.4031040,-6.3841660,208.6075520,-0.3739680,-0.0047460,0.2570090,22.6407746,114.0099916,46.7330000,129341.0000000,0.0000000,11330.0000000,11330.0000000,26303572.844,-10473707.698,28312126.329,0.3740
1.0000000,128.4880000,-142.4020960,-6.3828930,208.6076960,-0.3788530,-0.0049060,0.2576800,22.6407745,114.0099916,46.7230000,129446.0000000,0.0000000,11338.0000000,11339.0000000,26303572.833,-10473707.698,28312126.319,0.3789
1.0000000,128.5940000,-142.3979680,-6.3820400,208.6084000,-0.3843650,-0.0047040,0.2579970,22.6407744,114.0099916,46.7120000,129552.0000000,0.0000000,11347.0000000,11348.0000000,26303572.822,-10473707.698,28312126.309,0.3844
1.0000000,128.7010000,-142.3994240,-6.3847760,208.6072320,-0.3899480,-0.0046510,0.2579210,22.6407742,114.0099916,46.7010000,129659.0000000,0.0000000,11356.0000000,11357.0000000,26303572.799,-10473707.698,28312126.288,0.3900
1.0000000,128.8070000,-142.4001920,-6.3808310,208.6075040,-0.3686750,-0.0045380,0.2558380,22.6407758,114.0099916,46.7330000,129765.0000000,0.0000000,11365.0000000,11366.0000000,26303572.977,-10473707.698,28312126.453,0.3687
1.0000000,128.9140000,-142.4033440,-6.3830640,208.6088000,-0.3734040,-0.0047640,0.2562660,22.6407757,114.0099916,46.7220000,129872.0000000,0.0000000,11374.0000000,11375.0000000,26303572.966,-10473707.698,28312126.443,0.3734
1.0000000,129.0190000,-142.3998560,-6.3823180,208.6091680,-0.3786390,-0.0047560,0.2565190,22.6407757,114.0099916,46.7120000,129977.0000000,0.0000000,11383.0000000,11384.0000000,26303572.966,-10473707.698,28312126.443,0.3787
1.0000000,129.1260000,-142.3977920,-6.3816600,208.6090080,-0.3843110,-0.0045220,0.2565640,22.6407756,114.0099916,46.7010000,130084.0000000,0.0000000,11393.0000000,11393.0000000,26303572.955,-10473707.698,28312126.432,0.3843
1.0000000,129.2320000,-142.4024800,-6.3865760,208.6098400,-0.3895440,-0.0046830,0.2566300,22.6407754,114.0099916,46.6910000,130190.0000000,0.0000000,11402.0000000,11403.0000000,26303572.932,-10473707.698,28312126.412,0.3896
1.0000000,129.3380000,-142.4012640,-6.3829870,208.6105280,-0.3681970,-0.0046420,0.2546420,22.6407769,114.0099916,46.7230000,130296.0000000,0.0000000,11412.0000000,11412.0000000,26303573.099,-10473707.698,28312126.566,0.3682
1.0000000,129.4430000,-142.4011840,-6.3829870,208.6105280,-0.3729940,-0.0049210,0.2550450,22.6407769,114.0099916,46.7130000,130401.0000000,0.0000000,11421.0000000,11422.0000000,26303573.099,-10473707.698,28312126.566,0.3730
1.0000000,129.5490000,-142.3975520,-6.3818190,208.6116160,-0.3783610,-0.0048940,0.2552990,22.6407768,114.0099916,46.7020000,130507.0000000,0.0000000,11431.0000000,11432.0000000,26303573.088,-10473707.698,28312126.556,0.3784
1.0000000,129.6540000,-142.3981760,-6.3835150,208.6109760,-0.3840430,-0.0048470,0.2551650,22.6407766,114.0099916,46.6920000,130613.0000000,0.0000000,11441.0000000,11441.0000000,26303573.066,-10473707.698,28312126.535,0.3841
1.0000000,129.7590000,-142.4037920,-6.3890960,208.6101920,-0.3892530,-0.0048540,0.2551480,22.6407763,114.0099916,46.6820000,130718.0000000,0.0000000,11450.0000000,11451.0000000,26303573.032,-10473707.698,28312126.504,0.3893
1.0000000,129.8650000,-142.4039200,-6.3833160,208.6108480,-0.3678850,-0.0048890,0.2531890,22.6407779,114.0099916,46.7140000,130824.0000000,0.0000000,11460.0000000,11460.0000000,26303573.210,-10473707.698,28312126.669,0.3679
1.0000000,129.9700000,-142.4022880,-6.3825120,208.6099520,-0.3727190,-0.0050420,0.2536190,22.6407778,114.0099916,46.7040000,130929.0000000,0.0000000,11469.0000000,11470.0000000,26303573.199,-10473707.698,28312126.659,0.3728
1.0000000,130.0760000,-142.3993760,-6.3811730,208.6117760,-0.3781990,-0.0050840,0.2538910,22.6407777,114.0099916,46.6940000,131035.0000000,0.0000000,11479.0000000,11479.0000000,26303573.188,-10473707.698,28312126.649,0.3782
1.0000000,130.1820000,-142.3986240,-6.3822060,208.6140000,-0.3838850,-0.0050160,0.2537560,22.6407777,114.0099916,46.6830000,131141.0000000,0.0000000,11488.0000000,11488.0000000,26303573.188,-10473707.698,28312126.649,0.3839
1.0000000,130.2880000,-142.3996000,-6.3780120,208.6150240,-0.3630360,-0.0047560,0.2514340,22.6407792,114.0099916,46.7150000,131247.0000000,0.0000000,11497.0000000,11497.0000000,26303573.354,-10473707.698,28312126.803,0.3631
1.0000000,130.3930000,-142.4020480,-6.3802070,208.6156640,-0.3677100,-0.0050300,0.2518820,22.6407791,114.0099916,46.7050000,131352.0000000,0.0000000,11505.0000000,11506.0000000,26303573.343,-10473707.698,28312126.793,0.3677
1.0000000,130.4990000,-142.4006240,-6.3808880,208.6158560,-0.3726750,-0.0051800,0.2523580,22.6407789,114.0099916,46.6960000,131458.0000000,0.0000000,11514.0000000,11515.0000000,26303573.321,-10473707.698,28312126.772,0.3727
1.0000000,130.6060000,-142.3966080,-6.3795890,208.6146720,-0.3782550,-0.0049930,0.2524630,22.6407788,114.0099916,46.6860000,131565.0000000,0.0000000,11523.0000000,11524.0000000,26303573.310,-10473707.698,28312126.762,0.3783
1.0000000,130.7110000,-142.3987680,-6.3824980,208.6169120,-0.3837760,-0.0051070,0.2524880,22.6407787,114.0099916,46.6760000,131670.0000000,0.0000000,11532.0000000,11533.0000000,26303573.299,-10473707.698,28312126.752,0.3838
1.0000000,130.8170000,-142.4011200,-6.3777530,208.6163200,-0.3629700,-0.0048950,0.2502260,22.6407802,114.0099916,46.7070000,131776.0000000,0.0000000,11541.0000000,11542.0000000,26303573.465,-10473707.698,28312126.906,0.3630
1.0000000,130.9230000,-142.4032640,-6.3792330,208.6160160,-0.3677180,-0.0052090,0.2505400,22.6407801,114.0099916,46.6970000,131882.0000000,0.0000000,11550.0000000,11551.0000000,26303573.454,-10473707.698,28312126.896,0.3678
1.0000000,131.0300000,-142.4007520,-6.3778380,208.6171200,-0.3728060,-0.0051670,0.2510600,22.6407801,114.0099916,46.6870000,131989.0000000,0.0000000,11559.0000000,11560.0000000,26303573.454,-10473707.698,28312126.896,0.3728
1.0000000,131.1370000,-142.3968960,-6.3768020,208.6193280,-0.3784380,-0.0049090,0.2512110,22.6407801,114.0099916,46.6770000,132096.0000000,0.0000000,11569.0000000,11570.0000000,26303573.454,-10473707.698,28312126.896,0.3785
1.0000000,131.2430000,-142.4018080,-6.3810880,208.6204160,-0.3836480,-0.0049410,0.2511940,22.6407801,114.0099915,46.6680000,132202.0000000,0.0000000,11579.0000000,11579.0000000,26303573.454,-10473707.688,28312126.893,0.3837
1.0000000,131.3480000,-142.4001280,-6.3773380,208.6226720,-0.3626270,-0.0047250,0.2492040,22.6407817,114.0099916,46.6990000,132307.0000000,0.0000000,11588.0000000,11589.0000000,26303573.631,-10473707.698,28312127.061,0.3627
1.0000000,131.4540000,-142.4004480,-6.3793050,208.6229280,-0.3673710,-0.0050480,0.2495950,22.6407816,114.0099916,46.6890000,132413.0000000,0.0000000,11598.0000000,11599.0000000,26303573.620,-10473707.698,28312127.051,0.3674
1.0000000,131.5580000,-142.3965280,-6.3786290,208.6228000,-0.3725930,-0.0051280,0.2497470,22.6407815,114.0099916,46.6800000,132518.0000000,0.0000000,11607.0000000,11608.0000000,26303573.609,-10473707.698,28312127.040,0.3726
1.0000000,131.6640000,-142.3945600,-6.3781400,208.6226880,-0.3780120,-0.0049480,0.2497640,22.6407813,114.0099915,46.6710000,132624.0000000,0.0000000,11617.0000000,11618.0000000,26303573.587,-10473707.688,28312127.016,0.3780
1.0000000,131.7700000,-142.3992000,-6.3837950,208.6233120,-0.3832720,-0.0051280,0.2497680,22.6407812,114.0099915,46.6610000,132730.0000000,0.0000000,11627.0000000,11627.0000000,26303573.576,-10473707.688,28312127.006,0.3833
1.0000000,131.8760000,-142.3979040,-6.3784630,208.6230720,-0.3623790,-0.0049850,0.2478280,22.6407827,114.0099916,46.6920000,132836.0000000,0.0000000,11636.0000000,11637.0000000,26303573.742,-10473707.698,28312127.164,0.3624
1.0000000,131.9820000,-142.3983040,-6.3787360,208.6231520,-0.3671910,-0.0052310,0.2483030,22.6407826,114.0099915,46.6830000,132942.0000000,0.0000000,11646.0000000,11646.0000000,26303573.731,-10473707.688,28312127.150,0.3672
1.0000000,132.0870000,-142.3950080,-6.3775760,208.6243040,-0.3724820,-0.0053640,0.2485680,22.6407826,114.0099915,46.6730000,133047.0000000,0.0000000,11654.0000000,11655.0000000,26303573.731,-10473707.688,28312127.150,0.3725
1.0000000,132.1930000,-142.3978240,-6.3792200,208.6249760,-0.3781060,-0.0053590,0.2484790,22.6407824,114.0099915,46.6640000,133153.0000000,0.0000000,11663.0000000,11664.0000000,26303573.709,-10473707.688,28312127.130,0.3781
1.0000000,132.2990000,-142.3994560,-6.3751160,208.6249760,-0.3577360,-0.0049620,0.2462460,22.6407838,114.0099916,46.6940000,133259.0000000,0.0000000,11672.0000000,11673.0000000,26303573.864,-10473707.698,28312127.277,0.3578
1.0000000,132.4050000,-142.4048800,-6.3788300,208.6254560,-0.3624220,-0.0053860,0.2466060,22.6407838,114.0099915,46.6850000,133365.0000000,0.0000000,11681.0000000,11682.0000000,26303573.864,-10473707.688,28312127.274,0.3625
1.0000000,132.5110000,-142.4028640,-6.3785440,208.6276960,-0.3673240,-0.0054850,0.2469820,22.6407838,114.0099915,46.6750000,133471.0000000,0.0000000,11690.0000000,11691.0000000,26303573.864,-10473707.688,28312127.274,0.3674
1.0000000,132.6170000,-142.3996000,-6.3779740,208.6290880,-0.3727410,-0.0053540,0.2471030,22.6407837,114.0099915,46.6660000,133577.0000000,0.0000000,11699.0000000,11700.0000000,26303573.853,-10473707.688,28312127.264,0.3728
1.0000000,132.7230000,-142.4016960,-6.3813400,208.6312640,-0.3782970,-0.0052850,0.2470730,22.6407836,114.0099915,46.6570000,133683.0000000,0.0000000,11708.0000000,11709.0000000,26303573.842,-10473707.688,28312127.253,0.3783
1.0000000,132.8290000,-142.4021120,-6.3769530,208.6311680,-0.3578590,-0.0050810,0.2450610,22.6407851,114.0099915,46.6870000,133789.0000000,0.0000000,11717.0000000,11718.0000000,26303574.008,-10473707.688,28312127.408,0.3579
1.0000000,132.9350000,-142.4041280,-6.3791150,208.6307040,-0.3626870,-0.0053740,0.2453610,22.6407849,114.0099915,46.6770000,133895.0000000,0.0000000,11726.0000000,11727.0000000,26303573.986,-10473707.688,28312127.387,0.3627
1.0000000,133.0410000,-142.4016800,-6.3779810,208.6312160,-0.3679810,-0.0053660,0.2457290,22.6407848,114.0099915,46.6680000,134001.0000000,0.0000000,11736.0000000,11737.0000000,26303573.975,-10473707.688,28312127.377,0.3680
1.0000000,133.1470000,-142.3999040,-6.3777390,208.6345920,-0.3735030,-0.0051480,0.2462280,22.6407849,114.0099915,46.6420000,134107.0000000,0.0000000,11746.0000000,11746.0000000,26303573.986,-10473707.688,28312127.387,0.3735
1.0000000,133.2530000,-142.4038240,-6.3822780,208.6363200,-0.3786960,-0.0051280,0.2461600,22.6407848,114.0099915,46.6330000,134213.0000000,0.0000000,11755.0000000,11756.0000000,26303573.975,-10473707.688,28312127.377,0.3787
1.0000000,133.3600000,-142.4039680,-6.3772790,208.6371840,-0.3581230,-0.0050020,0.2442280,22.6407863,114.0099915,46.6630000,134320.0000000,0.0000000,11765.0000000,11766.0000000,26303574.142,-10473707.688,28312127.532,0.3582
1.0000000,133.4650000,-142.4033280,-6.3764520,208.6377280,-0.3629950,-0.0051250,0.2446810,22.6407861,114.0099915,46.6540000,134426.0000000,0.0000000,11775.0000000,11775.0000000,26303574.119,-10473707.688,28312127.511,0.3630
1.0000000,133.5700000,-142.4006400,-6.3754920,208.6378080,-0.3682590,-0.0050400,0.2448680,22.6407860,114.0099915,46.6450000,134531.0000000,0.0000000,11784.0000000,11785.0000000,26303574.108,-10473707.688,28312127.501,0.3683
1.0000000,133.6760000,-142.4008000,-6.3773790,208.6391360,-0.3738110,-0.0049530,0.2447590,22.6407859,114.0099915,46.6360000,134637.0000000,0.0000000,11794.0000000,11795.0000000,26303574.097,-10473707.688,28312127.490,0.3738
1.0000000,133.7810000,-142.4005760,-6.3725750,208.6389440,-0.3536830,-0.0046380,0.2425400,22.6407874,114.0099915,46.6660000,134742.0000000,0.0000000,11803.0000000,11804.0000000,26303574.264,-10473707.688,28312127.645,0.3537
1.0000000,133.8870000,-142.4058720,-6.3762490,208.6412640,-0.3583720,-0.0048080,0.2429180,22.6407873,114.0099915,46.6570000,134848.0000000,0.0000000,11812.0000000,11813.0000000,26303574.253,-10473707.688,28312127.635,0.3584
1.0000000,133.9930000,-142.4045920,-6.3767780,208.6424160,-0.3632160,-0.0048470,0.2434770,22.6407872,114.0099915,46.6480000,134954.0000000,0.0000000,11821.0000000,11822.0000000,26303574.241,-10473707.688,28312127.624,0.3632
1.0000000,134.1000000,-142.4010080,-6.3751270,208.6433280,-0.3687060,-0.0045980,0.2435140,22.6407872,114.0099915,46.6380000,135061.0000000,0.0000000,11830.0000000,11831.0000000,26303574.241,-10473707.688,28312127.624,0.3687
1.0000000,134.2050000,-142.4014400,-6.3765680,208.6440480,-0.3741390,-0.0046520,0.2435510,22.6407870,114.0099915,46.6300000,135166.0000000,0.0000000,11839.0000000,11840.0000000,26303574.219,-10473707.688,28312127.604,0.3742
1.0000000,134.3110000,-142.4018720,-6.3717180,208.6419520,-0.3539260,-0.0044010,0.2412900,22.6407883,114.0099915,46.6590000,135272.0000000,0.0000000,11848.0000000,11849.0000000,26303574.363,-10473707.688,28312127.738,0.3540
1.0000000,134.4170000,-142.4044480,-6.3730340,208.6401120,-0.3585540,-0.0044550,0.2414530,22.6407881,114.0099915,46.6500000,135378.0000000,0.0000000,11857.0000000,11858.0000000,26303574.341,-10473707.688,28312127.717,0.3586
1.0000000,134.5240000,-142.4008960,-6.3710850,208.6398880,-0.3636190,-0.0043680,0.2419080,22.6407880,114.0099915,46.6410000,135485.0000000,0.0000000,11866.0000000,11867.0000000,26303574.330,-10473707.688,28312127.707,0.3636
1.0000000,134.6290000,-142.3988480,-6.3706390,208.6398240,-0.3688240,-0.0043700,0.2420270,22.6407879,114.0099915,46.6330000,135590.0000000,0.0000000,11875.0000000,11876.0000000,26303574.319,-10473707.688,28312127.696,0.3688
1.0000000,134.7350000,-142.4004960,-6.3744940,208.6416320,-0.3741180,-0.0043070,0.2419990,22.6407878,114.0099915,46.6240000,135696.0000000,0.0000000,11884.0000000,11884.0000000,26303574.308,-10473707.688,28312127.686,0.3741
1.0000000,134.8420000,-142.4021920,-6.3706790,208.6411200,-0.3538270,-0.0040990,0.2401180,22.6407892,114.0099915,46.6540000,135803.0000000,0.0000000,11893.0000000,11894.0000000,26303574.463,-10473707.688,28312127.830,0.3539
1.0000000,134.9480000,-142.4026400,-6.3702460,208.6406400,-0.3584870,-0.0043180,0.2404480,22.6407890,114.0099915,46.6450000,135909.0000000,0.0000000,11903.0000000,11904.0000000,26303574.441,-10473707.688,28312127.810,0.3585
1.0000000,135.0540000,-142.3999680,-6.3693330,208.6421600,-0.3637170,-0.0043620,0.2406650,22.6407889,114.0099915,46.6360000,136015.0000000,0.0000000,11913.0000000,11913.0000000,26303574.430,-10473707.688,28312127.800,0.3637
1.0000000,135.1590000,-142.4003520,-6.3699880,208.6437120,-0.3689770,-0.0041700,0.2404600,22.6407888,114.0099915,46.6280000,136120.0000000,0.0000000,11922.0000000,11923.0000000,26303574.419,-10473707.688,28312127.789,0.3690
1.0000000,135.2650000,-142.4052320,-6.3745510,208.6431520,-0.3740230,-0.0041060,0.2404750,22.6407887,114.0099915,46.6200000,136226.0000000,0.0000000,11932.0000000,11932.0000000,26303574.408,-10473707.688,28312127.779,0.3740
1.0000000,135.3690000,-142.4043200,-6.3697140,208.6441280,-0.3537270,-0.0038880,0.2386220,22.6407903,114.0099915,46.6500000,136331.0000000,0.0000000,11941.0000000,11942.0000000,26303574.585,-10473707.688,28312127.944,0.3537
1.0000000,135.4750000,-142.4036640,-6.3714890,208.6457920,-0.3584580,-0.0039690,0.2390470,22.6407902,114.0099915,46.6410000,136437.0000000,0.0000000,11951.0000000,11952.0000000,26303574.574,-10473707.688,28312127.934,0.3585
1.0000000,135.5810000,-142.3995520,-6.3675210,208.6452800,-0.3636480,-0.0038790,0.2392800,22.6407901,114.0099915,46.6330000,136543.0000000,0.0000000,11961.0000000,11961.0000000,26303574.563,-10473707.688,28312127.923,0.3637
1.0000000,135.6860000,-142.3999840,-6.3690020,208.6465280,-0.3690670,-0.0038060,0.2390620,22.6407901,114.0099915,46.6250000,136648.0000000,0.0000000,11970.0000000,11971.0000000,26303574.563,-10473707.688,28312127.923,0.3691
1.0000000,135.7930000,-142.3999200,-6.3651990,208.6503360,-0.3492180,-0.0035130,0.2369310,22.6407917,114.0099915,46.6550000,136755.0000000,0.0000000,11980.0000000,11980.0000000,26303574.741,-10473707.688,28312128.088,0.3492
1.0000000,135.8980000,-142.4042240,-6.3684300,208.6518880,-0.3537090,-0.0036710,0.2372400,22.6407917,114.0099915,46.6470000,136860.0000000,0.0000000,11988.0000000,11989.0000000,26303574.741,-10473707.688,28312128.088,0.3537
1.0000000,136.0040000,-142.4020800,-6.3687770,208.6528960,-0.3584400,-0.0036380,0.2376480,22.6407918,114.0099915,46.6390000,136966.0000000,0.0000000,11997.0000000,11998.0000000,26303574.752,-10473707.688,28312128.098,0.3585
1.0000000,136.1110000,-142.3984800,-6.3672030,208.6540480,-0.3638120,-0.0033510,0.2376980,22.6407917,114.0099915,46.6300000,137073.0000000,0.0000000,12006.0000000,12007.0000000,26303574.741,-10473707.688,28312128.088,0.3638
1.0000000,136.2160000,-142.4013440,-6.3716250,208.6562240,-0.3690250,-0.0032580,0.2377400,22.6407915,114.0099915,46.6230000,137178.0000000,0.0000000,12015.0000000,12016.0000000,26303574.718,-10473707.688,28312128.068,0.3690
1.0000000,136.3220000,-142.4013440,-6.3674560,208.6578400,-0.3490660,-0.0031190,0.2357810,22.6407930,114.0099915,46.6520000,137284.0000000,0.0000000,12024.0000000,12025.0000000,26303574.885,-10473707.688,28312128.222,0.3491
1.0000000,136.4280000,-142.4014880,-6.3699320,208.6581600,-0.3536250,-0.0032750,0.2360000,22.6407929,114.0099915,46.6450000,137390.0000000,0.0000000,12033.0000000,12034.0000000,26303574.874,-10473707.688,28312128.212,0.3536
1.0000000,136.5340000,-142.3965600,-6.3675350,208.6594400,-0.3585380,-0.0032360,0.2362010,22.6407929,114.0099915,46.6360000,137496.0000000,0.0000000,12042.0000000,12043.0000000,26303574.874,-10473707.688,28312128.212,0.3586
1.0000000,136.6420000,-142.3966080,-6.3675360,208.6617280,-0.3640500,-0.0030840,0.2361730,22.6407928,114.0099915,46.6280000,137604.0000000,0.0000000,12051.0000000,12052.0000000,26303574.863,-10473707.688,28312128.201,0.3641
1.0000000,136.7480000,-142.4030080,-6.3748260,208.6648960,-0.3690350,-0.0031180,0.2358880,22.6407927,114.0099915,46.6200000,137710.0000000,0.0000000,12060.0000000,12061.0000000,26303574.852,-10473707.688,28312128.191,0.3690
1.0000000,136.8550000,-142.4007360,-6.3693620,208.6654880,-0.3489610,-0.0031400,0.2341800,22.6407942,114.0099915,46.6500000,137817.0000000,0.0000000,12070.0000000,12070.0000000,26303575.018,-10473707.688,28312128.346,0.3490
1.0000000,136.9600000,-142.3990720,-6.3672680,208.6662720,-0.3537270,-0.0031460,0.2347140,22.6407942,114.0099915,46.6420000,137922.0000000,0.0000000,12079.0000000,12080.0000000,26303575.018,-10473707.688,28312128.346,0.3537
1.0000000,137.0670000,-142.3958560,-6.3654600,208.6678240,-0.3590140,-0.0029870,0.2348520,22.6407942,114.0099915,46.6340000,138029.0000000,0.0000000,12089.0000000,12090.0000000,26303575.018,-10473707.688,28312128.346,0.3590
1.0000000,137.1730000,-142.3983200,-6.3696900,208.6700320,-0.3641410,-0.0028870,0.2347560,22.6407941,114.0099915,46.6260000,138135.0000000,0.0000000,12099.0000000,12099.0000000,26303575.007,-10473707.688,28312128.335,0.3642
1.0000000,137.2780000,-142.4029760,-6.3749910,208.6721120,-0.3689420,-0.0031590,0.2349800,22.6407941,114.0099915,46.6190000,138240.0000000,0.0000000,12108.0000000,12109.0000000,26303575.007,-10473707.688,28312128.335,0.3690
1.0000000,137.3840000,-142.4001280,-6.3662540,208.6722400,-0.3488890,-0.0031680,0.2332070,22.6407957,114.0099915,46.6480000,138347.0000000,0.0000000,12118.0000000,12119.0000000,26303575.184,-10473707.688,28312128.500,0.3489
1.0000000,137.4910000,-142.3953920,-6.3650570,208.6728160,-0.3540550,-0.0031620,0.2334570,22.6407957,114.0099915,46.6400000,138454.0000000,0.0000000,12128.0000000,12128.0000000,26303575.184,-10473707.688,28312128.500,0.3541
1.0000000,137.5960000,-142.3953120,-6.3651880,208.6739840,-0.3592820,-0.0030450,0.2332100,22.6407957,114.0099915,46.6320000,138559.0000000,0.0000000,12137.0000000,12138.0000000,26303575.184,-10473707.688,28312128.500,0.3593
1.0000000,137.7020000,-142.3991360,-6.3700840,208.6760480,-0.3642160,-0.0030190,0.2336050,22.6407957,114.0099915,46.6080000,138665.0000000,0.0000000,12147.0000000,12147.0000000,26303575.184,-10473707.688,28312128.500,0.3642
1.0000000,137.8080000,-142.3976000,-6.3641920,208.6766560,-0.3442810,-0.0030800,0.2313340,22.6407972,114.0099915,46.6540000,138771.0000000,0.0000000,12156.0000000,12157.0000000,26303575.351,-10473707.688,28312128.655,0.3443
1.0000000,137.9140000,-142.3951040,-6.3629920,208.6776640,-0.3488850,-0.0031850,0.2317400,22.6407972,114.0099915,46.6470000,138877.0000000,0.0000000,12165.0000000,12166.0000000,26303575.351,-10473707.688,28312128.655,0.3489
1.0000000,138.0190000,-142.3921920,-6.3608510,208.6774560,-0.3538950,-0.0031630,0.2324720,22.6407971,114.0099915,46.6220000,138982.0000000,0.0000000,12174.0000000,12174.0000000,26303575.340,-10473707.688,28312128.645,0.3539
1.0000000,138.1250000,-142.3922080,-6.3624000,208.6776160,-0.3591460,-0.0030830,0.2323080,22.6407969,114.0099915,46.6140000,139088.0000000,0.0000000,12183.0000000,12183.0000000,26303575.317,-10473707.688,28312128.624,0.3592
1.0000000,138.2320000,-142.3973600,-6.3673530,208.6776160,-0.3638990,-0.0032430,0.2323050,22.6407967,114.0099915,46.6070000,139195.0000000,0.0000000,12192.0000000,12192.0000000,26303575.295,-10473707.688,28312128.603,0.3639
1.0000000,138.3380000,-142.3960640,-6.3617450,208.6786720,-0.3440710,-0.0032330,0.2304570,22.6407982,114.0099915,46.6360000,139301.0000000,0.0000000,12201.0000000,12201.0000000,26303575.462,-10473707.688,28312128.758,0.3441
1.0000000,138.4450000,-142.3917440,-6.3596020,208.6771040,-0.3488400,-0.0032650,0.2308800,22.6407980,114.0099915,46.6290000,139408.0000000,0.0000000,12210.0000000,12210.0000000,26303575.439,-10473707.688,28312128.737,0.3489
1.0000000,138.5510000,-142.3906560,-6.3592260,208.6788000,-0.3540180,-0.0031370,0.2309000,22.6407979,114.0099915,46.6210000,139514.0000000,0.0000000,12218.0000000,12219.0000000,26303575.428,-10473707.688,28312128.727,0.3540
1.0000000,138.6590000,-142.3979520,-6.3643330,208.6807200,-0.3589510,-0.0032500,0.2301560,22.6407977,114.0099915,46.6310000,139622.0000000,0.0000000,12228.0000000,12229.0000000,26303575.406,-10473707.688,28312128.706,0.3590
1.0000000,138.7650000,-142.4034720,-6.3676070,208.6811200,-0.3634130,-0.0034780,0.2310490,22.6407975,114.0099915,46.6060000,139728.0000000,0.0000000,12238.0000000,12238.0000000,26303575.384,-10473707.688,28312128.686,0.3634
1.0000000,138.8720000,-142.3965760,-6.3579930,208.6798560,-0.3438020,-0.0032610,0.2293890,22.6407988,114.0099915,46.6350000,139835.0000000,0.0000000,12247.0000000,12248.0000000,26303575.528,-10473707.688,28312128.820,0.3438
1.0000000,138.9780000,-142.3922080,-6.3582430,208.6800960,-0.3489310,-0.0029680,0.2293930,22.6407987,114.0099915,46.6270000,139941.0000000,0.0000000,12257.0000000,12258.0000000,26303575.517,-10473707.688,28312128.810,0.3489
1.0000000,139.0830000,-142.3947360,-6.3627240,208.6825920,-0.3539860,-0.0029100,0.2293630,22.6407986,114.0099915,46.6200000,140046.0000000,0.0000000,12266.0000000,12267.0000000,26303575.506,-10473707.688,28312128.799,0.3540
1.0000000,139.1890000,-142.4008800,-6.3681330,208.6843840,-0.3586870,-0.0031920,0.2294090,22.6407985,114.0099915,46.6130000,140153.0000000,0.0000000,12276.0000000,12277.0000000,26303575.495,-10473707.688,28312128.789,0.3587
1.0000000,139.2950000,-142.3987200,-6.3624630,208.6843040,-0.3391310,-0.0031510,0.2277160,22.6407999,114.0099915,46.6420000,140259.0000000,0.0000000,12286.0000000,12286.0000000,26303575.650,-10473707.688,28312128.933,0.3391
1.0000000,139.4000000,-142.3960480,-6.3614950,208.6855840,-0.3440380,-0.0031330,0.2278580,22.6407998,114.0099915,46.6350000,140364.0000000,0.0000000,12295.0000000,12296.0000000,26303575.639,-10473707.688,28312128.923,0.3441
1.0000000,139.5060000,-142.3932160,-6.3626480,208.6870560,-0.3492240,-0.0029250,0.2278630,22.6407998,114.0099915,46.6280000,140470.0000000,0.0000000,12305.0000000,12306.0000000,26303575.639,-10473707.688,28312128.923,0.3492
1.0000000,139.6120000,-142.3986720,-6.3681920,208.6904960,-0.3541430,-0.0029550,0.2277600,22.6407997,114.0099915,46.6210000,140576.0000000,0.0000000,12314.0000000,12315.0000000,26303575.628,-10473707.688,28312128.913,0.3542
1.0000000,139.7170000,-142.4020480,-6.3709440,208.6903040,-0.3587610,-0.0029930,0.2278790,22.6407995,114.0099915,46.6140000,140681.0000000,0.0000000,12323.0000000,12324.0000000,26303575.606,-10473707.688,28312128.892,0.3588
1.0000000,139.8230000,-142.3975840,-6.3623130,208.6900960,-0.3393110,-0.0028150,0.2263400,22.6408011,114.0099915,46.6430000,140787.0000000,0.0000000,12332.0000000,12333.0000000,26303575.783,-10473707.688,28312129.057,0.3393
1.0000000,139.9290000,-142.3931680,-6.3614080,208.6927840,-0.3443460,-0.0028160,0.2266290,22.6408010,114.0099915,46.6360000,140893.0000000,0.0000000,12341.0000000,12342.0000000,26303575.772,-10473707.688,28312129.047,0.3444
1.0000000,140.0350000,-142.3923680,-6.3630610,208.6936160,-0.3495380,-0.0027480,0.2264160,22.6408010,114.0099915,46.6290000,140999.0000000,0.0000000,12350.0000000,12351.0000000,26303575.772,-10473707.688,28312129.047,0.3495
1.0000000,140.1400000,-142.3981120,-6.3695630,208.6966240,-0.3543440,-0.0026970,0.2262950,22.6408009,114.0099915,46.6220000,141104.0000000,0.0000000,12359.0000000,12360.0000000,26303575.761,-10473707.688,28312129.036,0.3544
1.0000000,140.2460000,-142.4032160,-6.3744250,208.6995360,-0.3589680,-0.0029470,0.2265370,22.6408009,114.0099914,46.6150000,141210.0000000,0.0000000,12368.0000000,12369.0000000,26303575.761,-10473707.679,28312129.033,0.3590
1.0000000,140.3510000,-142.3987360,-6.3668890,208.7015840,-0.3397110,-0.0027510,0.2249520,22.6408025,114.0099915,46.6440000,141315.0000000,0.0000000,12377.0000000,12377.0000000,26303575.939,-10473707.688,28312129.201,0.3397
1.0000000,140.4570000,-142.3939840,-6.3632910,208.7011520,-0.3448350,-0.0027170,0.2251020,22.6408024,114.0099915,46.6370000,141421.0000000,0.0000000,12385.0000000,12386.0000000,26303575.928,-10473707.688,28312129.191,0.3448
1.0000000,140.5630000,-142.3944960,-6.3642170,208.7018240,-0.3502180,-0.0026970,0.2249340,22.6408023,114.0099914,46.6310000,141527.0000000,0.0000000,12394.0000000,12395.0000000,26303575.916,-10473707.679,28312129.177,0.3502
1.0000000,140.6690000,-142.3992640,-6.3690050,208.7029600,-0.3550120,-0.0026880,0.2247660,22.6408021,114.0099914,46.6240000,141633.0000000,0.0000000,12404.0000000,12405.0000000,26303575.894,-10473707.679,28312129.157,0.3550
1.0000000,140.7750000,-142.4024960,-6.3731420,208.7039520,-0.3596640,-0.0029000,0.2250070,22.6408019,114.0099914,46.6170000,141739.0000000,0.0000000,12414.0000000,12414.0000000,26303575.872,-10473707.679,28312129.136,0.3597
1.0000000,140.8800000,-142.3954240,-6.3642340,208.7027520,-0.3402880,-0.0028310,0.2234520,22.6408034,114.0099914,46.6460000,141844.0000000,0.0000000,12423.0000000,12424.0000000,26303576.039,-10473707.679,28312129.291,0.3403
1.0000000,140.9860000,-142.3919520,-6.3629740,208.7044480,-0.3453710,-0.0027290,0.2234640,22.6408033,114.0099914,46.6390000,141950.0000000,0.0000000,12433.0000000,12434.0000000,26303576.027,-10473707.679,28312129.280,0.3454
1.0000000,141.0910000,-142.3925600,-6.3655440,208.7069600,-0.3506030,-0.0027880,0.2233840,22.6408034,114.0099914,46.6330000,142055.0000000,0.0000000,12442.0000000,12443.0000000,26303576.039,-10473707.679,28312129.291,0.3506
1.0000000,141.1960000,-142.3988000,-6.3702800,208.7100160,-0.3554290,-0.0028400,0.2230800,22.6408034,114.0099914,46.6260000,142161.0000000,0.0000000,12452.0000000,12453.0000000,26303576.039,-10473707.679,28312129.291,0.3554
1.0000000,141.3030000,-142.3969920,-6.3630720,208.7114880,-0.3360780,-0.0028640,0.2214130,22.6408050,114.0099914,46.6540000,142268.0000000,0.0000000,12462.0000000,12462.0000000,26303576.216,-10473707.679,28312129.455,0.3361
1.0000000,141.4080000,-142.3937120,-6.3631160,208.7117440,-0.3406850,-0.0029020,0.2218810,22.6408049,114.0099914,46.6470000,142373.0000000,0.0000000,12471.0000000,12472.0000000,26303576.205,-10473707.679,28312129.445,0.3407
1.0000000,141.5140000,-142.3879040,-6.3623250,208.7129920,-0.3457820,-0.0027870,0.2218250,22.6408048,114.0099914,46.6410000,142479.0000000,0.0000000,12481.0000000,12482.0000000,26303576.194,-10473707.679,28312129.435,0.3458
1.0000000,141.6190000,-142.3894400,-6.3657430,208.7139360,-0.3509310,-0.0028530,0.2218370,22.6408048,114.0099914,46.6340000,142584.0000000,0.0000000,12490.0000000,12491.0000000,26303576.194,-10473707.679,28312129.435,0.3509
1.0000000,141.7240000,-142.3937920,-6.3700440,208.7156960,-0.3557600,-0.0030030,0.2216790,22.6408046,114.0099914,46.6280000,142689.0000000,0.0000000,12499.0000000,12499.0000000,26303576.172,-10473707.679,28312129.414,0.3558
1.0000000,141.8300000,-142.3926080,-6.3650170,208.7148960,-0.3364130,-0.0031750,0.2200400,22.6408059,114.0099914,46.6560000,142795.0000000,0.0000000,12508.0000000,12508.0000000,26303576.316,-10473707.679,28312129.548,0.3364
1.0000000,141.9350000,-142.3921120,-6.3647120,208.7161600,-0.3409540,-0.0033420,0.2203410,22.6408058,114.0099914,46.6500000,142900.0000000,0.0000000,12516.0000000,12517.0000000,26303576.305,-10473707.679,28312129.538,0.3410
1.0000000,142.0410000,-142.3881920,-6.3624650,208.7159040,-0.3461010,-0.0033500,0.2205640,22.6408057,114.0099914,46.6430000,143006.0000000,0.0000000,12525.0000000,12526.0000000,26303576.294,-10473707.679,28312129.528,0.3461
1.0000000,142.1480000,-142.3897280,-6.3643860,208.7173440,-0.3513670,-0.0033360,0.2203290,22.6408056,114.0099914,46.6370000,143113.0000000,0.0000000,12534.0000000,12535.0000000,26303576.283,-10473707.679,28312129.517,0.3514
1.0000000,142.2550000,-142.3951360,-6.3709110,208.7198880,-0.3561560,-0.0035790,0.2203870,22.6408056,114.0099914,46.6300000,143220.0000000,0.0000000,12543.0000000,12544.0000000,26303576.283,-10473707.679,28312129.517,0.3562
1.0000000,142.3600000,-142.3923680,-6.3646960,208.7201120,-0.3368830,-0.0036810,0.2184450,22.6408071,114.0099914,46.6580000,143325.0000000,0.0000000,12552.0000000,12553.0000000,26303576.449,-10473707.679,28312129.672,0.3369
1.0000000,142.4660000,-142.3897440,-6.3640020,208.7212000,-0.3416060,-0.0038130,0.2188050,22.6408070,114.0099914,46.6520000,143431.0000000,0.0000000,12561.0000000,12562.0000000,26303576.438,-10473707.679,28312129.662,0.3416
1.0000000,142.5730000,-142.3866080,-6.3633630,208.7230560,-0.3468170,-0.0037500,0.2188770,22.6408070,114.0099914,46.6460000,143538.0000000,0.0000000,12571.0000000,12571.0000000,26303576.438,-10473707.679,28312129.662,0.3468
1.0000000,142.6780000,-142.3892640,-6.3673390,208.7244640,-0.3516980,-0.0038030,0.2186900,22.6408069,114.0099914,46.6400000,143643.0000000,0.0000000,12580.0000000,12581.0000000,26303576.427,-10473707.679,28312129.651,0.3517
1.0000000,142.7850000,-142.3946240,-6.3723320,208.7254720,-0.3563120,-0.0041470,0.2188040,22.6408068,114.0099914,46.6330000,143750.0000000,0.0000000,12590.0000000,12591.0000000,26303576.416,-10473707.679,28312129.641,0.3563
1.0000000,142.8920000,-142.3898080,-6.3645080,208.7247840,-0.3371030,-0.0040940,0.2173500,22.6408083,114.0099914,46.6610000,143857.0000000,0.0000000,12600.0000000,12600.0000000,26303576.582,-10473707.679,28312129.796,0.3371
1.0000000,142.9970000,-142.3850240,-6.3626900,208.7239520,-0.3420860,-0.0042370,0.2173700,22.6408081,114.0099914,46.6550000,143962.0000000,0.0000000,12609.0000000,12610.0000000,26303576.560,-10473707.679,28312129.775,0.3421
1.0000000,143.1020000,-142.3851520,-6.3632760,208.7248320,-0.3473550,-0.0042610,0.2171730,22.6408080,114.0099914,46.6490000,144068.0000000,0.0000000,12619.0000000,12620.0000000,26303576.549,-10473707.679,28312129.765,0.3474
1.0000000,143.2080000,-142.3902560,-6.3693000,208.7260160,-0.3521200,-0.0042990,0.2170660,22.6408078,114.0099914,46.6430000,144174.0000000,0.0000000,12629.0000000,12629.0000000,26303576.527,-10473707.679,28312129.744,0.3521
1.0000000,143.3130000,-142.3882720,-6.3644860,208.7270880,-0.3329920,-0.0043500,0.2156040,22.6408092,114.0099914,46.6710000,144279.0000000,0.0000000,12638.0000000,12639.0000000,26303576.682,-10473707.679,28312129.888,0.3330
1.0000000,143.4190000,-142.3856480,-6.3641500,208.7295680,-0.3374920,-0.0047130,0.2165160,22.6408092,114.0099914,46.6480000,144385.0000000,0.0000000,12648.0000000,12648.0000000,26303576.682,-10473707.679,28312129.888,0.3375
1.0000000,143.5250000,-142.3802400,-6.3621280,208.7307360,-0.3425370,-0.0047550,0.2165030,22.6408091,114.0099914,46.6420000,144491.0000000,0.0000000,12657.0000000,12657.0000000,26303576.671,-10473707.679,28312129.878,0.3426
1.0000000,143.6320000,-142.3827520,-6.3645320,208.7325120,-0.3477210,-0.0049570,0.2162720,22.6408091,114.0099914,46.6350000,144598.0000000,0.0000000,12666.0000000,12666.0000000,26303576.671,-10473707.679,28312129.878,0.3478
1.0000000,143.7390000,-142.3876160,-6.3699590,208.7338080,-0.3522060,-0.0053910,0.2163570,22.6408089,114.0099914,46.6290000,144705.0000000,0.0000000,12675.0000000,12675.0000000,26303576.649,-10473707.679,28312129.857,0.3522
1.0000000,143.8450000,-142.3849280,-6.3616650,208.7320640,-0.3330970,-0.0054320,0.2146680,22.6408104,114.0099914,46.6570000,144811.0000000,0.0000000,12684.0000000,12684.0000000,26303576.815,-10473707.679,28312130.012,0.3331
1.0000000,143.9520000,-142.3796480,-6.3576430,208.7306400,-0.3380830,-0.0054920,0.2149060,22.6408102,114.0099914,46.6510000,144918.0000000,0.0000000,12693.0000000,12693.0000000,26303576.793,-10473707.679,28312129.991,0.3381
1.0000000,144.0590000,-142.3811040,-6.3609790,208.7319840,-0.3430840,-0.0056120,0.2145940,22.6408100,114.0099914,46.6450000,145025.0000000,0.0000000,12702.0000000,12702.0000000,26303576.771,-10473707.679,28312129.971,0.3431
1.0000000,144.1660000,-142.3876800,-6.3665370,208.7320480,-0.3476570,-0.0059800,0.2146380,22.6408098,114.0099914,46.6390000,145132.0000000,0.0000000,12711.0000000,12711.0000000,26303576.748,-10473707.679,28312129.950,0.3477
1.0000000,144.2720000,-142.3886240,-6.3680300,208.7317920,-0.3521290,-0.0064370,0.2149220,22.6408096,114.0099914,46.6330000,145238.0000000,0.0000000,12719.0000000,12720.0000000,26303576.726,-10473707.679,28312129.930,0.3522
1.0000000,144.3800000,-142.3786880,-6.3563680,208.7311360,-0.3335590,-0.0061720,0.2132950,22.6408110,114.0099914,46.6600000,145346.0000000,0.0000000,12729.0000000,12729.0000000,26303576.882,-10473707.679,28312130.074,0.3336
1.0000000,144.4870000,-142.3799680,-6.3591530,208.7330240,-0.3386650,-0.0061800,0.2130130,22.6408109,114.0099914,46.6540000,145453.0000000,0.0000000,12738.0000000,12739.0000000,26303576.870,-10473707.679,28312130.063,0.3387
1.0000000,144.5940000,-142.3858880,-6.3638350,208.7359680,-0.3432580,-0.0065820,0.2130600,22.6408108,114.0099914,46.6480000,145560.0000000,0.0000000,12748.0000000,12749.0000000,26303576.859,-10473707.679,28312130.053,0.3433
1.0000000,144.7000000,-142.3859680,-6.3646500,208.7372000,-0.3475990,-0.0070020,0.2132760,22.6408107,114.0099914,46.6420000,145666.0000000,0.0000000,12758.0000000,12758.0000000,26303576.848,-10473707.679,28312130.043,0.3477
1.0000000,144.8050000,-142.3794720,-6.3549190,208.7369920,-0.3289190,-0.0067340,0.2115180,22.6408122,114.0099914,46.6700000,145771.0000000,0.0000000,12767.0000000,12768.0000000,26303577.015,-10473707.679,28312130.197,0.3290
1.0000000,144.9110000,-142.3775200,-6.3537880,208.7376480,-0.3339450,-0.0067990,0.2115580,22.6408121,114.0099914,46.6640000,145877.0000000,0.0000000,12777.0000000,12778.0000000,26303577.004,-10473707.679,28312130.187,0.3340
1.0000000,145.0150000,-142.3814880,-6.3564820,208.7391520,-0.3385570,-0.0068820,0.2113070,22.6408120,114.0099914,46.6590000,145982.0000000,0.0000000,12786.0000000,12787.0000000,26303576.993,-10473707.679,28312130.177,0.3386
1.0000000,145.1210000,-142.3857760,-6.3620690,208.7425600,-0.3429220,-0.0073170,0.2114380,22.6408119,114.0099914,46.6540000,146088.0000000,0.0000000,12796.0000000,12797.0000000,26303576.981,-10473707.679,28312130.167,0.3430
1.0000000,145.2270000,-142.3858240,-6.3621190,208.7416480,-0.3473060,-0.0077690,0.2116280,22.6408119,114.0099914,46.6480000,146194.0000000,0.0000000,12806.0000000,12806.0000000,26303576.981,-10473707.679,28312130.167,0.3474
1.0000000,145.3320000,-142.3791680,-6.3538620,208.7409600,-0.3288350,-0.0074950,0.2098940,22.6408132,114.0099914,46.6750000,146299.0000000,0.0000000,12815.0000000,12816.0000000,26303577.126,-10473707.679,28312130.301,0.3289
1.0000000,145.4380000,-142.3776640,-6.3545500,208.7428000,-0.3337410,-0.0075860,0.2098050,22.6408131,114.0099914,46.6700000,146405.0000000,0.0000000,12824.0000000,12825.0000000,26303577.115,-10473707.679,28312130.290,0.3338
1.0000000,145.5440000,-142.3813120,-6.3589240,208.7431520,-0.3384060,-0.0078680,0.2096440,22.6408129,114.0099914,46.6640000,146511.0000000,0.0000000,12833.0000000,12834.0000000,26303577.092,-10473707.679,28312130.270,0.3385
1.0000000,145.6510000,-142.3854080,-6.3612900,208.7422720,-0.3427690,-0.0082460,0.2097300,22.6408128,114.0099914,46.6580000,146618.0000000,0.0000000,12842.0000000,12843.0000000,26303577.081,-10473707.679,28312130.259,0.3429
1.0000000,145.7560000,-142.3860640,-6.3627750,208.7447360,-0.3471070,-0.0085660,0.2099050,22.6408127,114.0099914,46.6530000,146723.0000000,0.0000000,12851.0000000,12852.0000000,26303577.070,-10473707.679,28312130.249,0.3472
1.0000000,145.8630000,-142.3764960,-6.3527630,208.7444320,-0.3289620,-0.0081140,0.2082350,22.6408141,114.0099914,46.6800000,146830.0000000,0.0000000,12860.0000000,12861.0000000,26303577.225,-10473707.679,28312130.393,0.3291
1.0000000,145.9680000,-142.3765120,-6.3544470,208.7452480,-0.3339840,-0.0082350,0.2079050,22.6408139,114.0099914,46.6750000,146935.0000000,0.0000000,12870.0000000,12870.0000000,26303577.203,-10473707.679,28312130.373,0.3341
1.0000000,146.0730000,-142.3820160,-6.3589670,208.7457280,-0.3385060,-0.0085070,0.2077920,22.6408137,114.0099914,46.6700000,147040.0000000,0.0000000,12878.0000000,12879.0000000,26303577.181,-10473707.679,28312130.352,0.3386
1.0000000,146.1790000,-142.3852800,-6.3628440,208.7472320,-0.3427260,-0.0088830,0.2080270,22.6408136,114.0099914,46.6640000,147146.0000000,0.0000000,12887.0000000,12888.0000000,26303577.170,-10473707.679,28312130.342,0.3428
1.0000000,146.2860000,-142.3825600,-6.3617540,208.7475040,-0.3472770,-0.0093230,0.2083090,22.6408135,114.0099914,46.6600000,147253.0000000,0.0000000,12896.0000000,12897.0000000,26303577.159,-10473707.679,28312130.331,0.3474
1.0000000,146.3930000,-142.3745280,-6.3522150,208.7492800,-0.3291300,-0.0087590,0.2063700,22.6408150,114.0099914,46.6860000,147360.0000000,0.0000000,12906.0000000,12906.0000000,26303577.325,-10473707.679,28312130.486,0.3292
1.0000000,146.4980000,-142.3760960,-6.3556230,208.7493600,-0.3339770,-0.0089960,0.2063290,22.6408148,114.0099914,46.6810000,147465.0000000,0.0000000,12915.0000000,12916.0000000,26303577.303,-10473707.679,28312130.465,0.3341
1.0000000,146.6040000,-142.3819520,-6.3602860,208.7510400,-0.3384550,-0.0094230,0.2062250,22.6408147,114.0099914,46.6760000,147571.0000000,0.0000000,12925.0000000,12926.0000000,26303577.292,-10473707.679,28312130.455,0.3386
1.0000000,146.7090000,-142.3827200,-6.3618040,208.7514560,-0.3427350,-0.0098780,0.2064180,22.6408145,114.0099914,46.6710000,147676.0000000,0.0000000,12934.0000000,12935.0000000,26303577.270,-10473707.679,28312130.435,0.3429
1.0000000,146.8150000,-142.3752160,-6.3523520,208.7515680,-0.3242730,-0.0095630,0.2049490,22.6408158,114.0099914,46.6980000,147782.0000000,0.0000000,12944.0000000,12945.0000000,26303577.414,-10473707.679,28312130.568,0.3244
1.0000000,146.9200000,-142.3713120,-6.3511210,208.7509920,-0.3289590,-0.0096020,0.2049550,22.6408156,114.0099914,46.6930000,147887.0000000,0.0000000,12953.0000000,12954.0000000,26303577.392,-10473707.679,28312130.548,0.3291
1.0000000,147.0250000,-142.3741120,-6.3556550,208.7527840,-0.3338720,-0.0098970,0.2046380,22.6408155,114.0099914,46.6870000,147993.0000000,0.0000000,12963.0000000,12964.0000000,26303577.381,-10473707.679,28312130.538,0.3340
1.0000000,147.1310000,-142.3791680,-6.3594760,208.7546240,-0.3383900,-0.0103240,0.2045670,22.6408154,114.0099914,46.6820000,148099.0000000,0.0000000,12973.0000000,12973.0000000,26303577.370,-10473707.679,28312130.527,0.3385
1.0000000,147.2360000,-142.3817600,-6.3613710,208.7540800,-0.3426490,-0.0107900,0.2046320,22.6408153,114.0099914,46.6780000,148204.0000000,0.0000000,12982.0000000,12983.0000000,26303577.359,-10473707.679,28312130.517,0.3428
1.0000000,147.3420000,-142.3743680,-6.3521680,208.7552800,-0.3241560,-0.0103870,0.2032560,22.6408167,114.0099914,46.7040000,148310.0000000,0.0000000,12992.0000000,12993.0000000,26303577.514,-10473707.679,28312130.661,0.3243
1.0000000,147.4480000,-142.3708320,-6.3502450,208.7546560,-0.3288540,-0.0105620,0.2031160,22.6408166,114.0099914,46.6990000,148416.0000000,0.0000000,13001.0000000,13002.0000000,26303577.503,-10473707.679,28312130.651,0.3290
1.0000000,147.5540000,-142.3742240,-6.3541990,208.7579520,-0.3336510,-0.0108530,0.2029940,22.6408164,114.0099914,46.6940000,148522.0000000,0.0000000,13010.0000000,13011.0000000,26303577.481,-10473707.679,28312130.630,0.3338
1.0000000,147.6590000,-142.3806240,-6.3596270,208.7605120,-0.3380290,-0.0113540,0.2030360,22.6408162,114.0099914,46.6900000,148627.0000000,0.0000000,13019.0000000,13019.0000000,26303577.458,-10473707.679,28312130.610,0.3382
1.0000000,147.7640000,-142.3825280,-6.3628830,208.7607040,-0.3422340,-0.0117660,0.2029380,22.6408160,114.0099913,46.6850000,148732.0000000,0.0000000,13027.0000000,13028.0000000,26303577.436,-10473707.670,28312130.586,0.3424
1.0000000,147.8700000,-142.3751680,-6.3528640,208.7590240,-0.3239250,-0.0113240,0.2015750,22.6408173,114.0099914,46.7110000,148838.0000000,0.0000000,13036.0000000,13037.0000000,26303577.580,-10473707.679,28312130.723,0.3241
1.0000000,147.9770000,-142.3712480,-6.3515350,208.7596640,-0.3288660,-0.0114150,0.2014740,22.6408171,114.0099914,46.7060000,148945.0000000,0.0000000,13045.0000000,13046.0000000,26303577.558,-10473707.679,28312130.702,0.3291
1.0000000,148.0840000,-142.3759040,-6.3556600,208.7591360,-0.3334430,-0.0116390,0.2010720,22.6408170,114.0099914,46.7010000,149052.0000000,0.0000000,13054.0000000,13055.0000000,26303577.547,-10473707.679,28312130.692,0.3336
1.0000000,148.1910000,-142.3791840,-6.3599430,208.7600160,-0.3376800,-0.0123430,0.2013010,22.6408168,114.0099913,46.6960000,149159.0000000,0.0000000,13063.0000000,13064.0000000,26303577.525,-10473707.670,28312130.668,0.3379
1.0000000,148.2970000,-142.3760320,-6.3577470,208.7593440,-0.3421470,-0.0127220,0.2015840,22.6408166,114.0099913,46.6910000,149265.0000000,0.0000000,13072.0000000,13073.0000000,26303577.503,-10473707.670,28312130.648,0.3424
1.0000000,148.4050000,-142.3690080,-6.3484290,208.7593440,-0.3245320,-0.0119710,0.1997600,22.6408180,114.0099914,46.7160000,149373.0000000,0.0000000,13082.0000000,13083.0000000,26303577.658,-10473707.679,28312130.795,0.3248
1.0000000,148.5100000,-142.3713760,-6.3515210,208.7595840,-0.3290330,-0.0121750,0.1995530,22.6408179,114.0099914,46.7120000,149478.0000000,0.0000000,13091.0000000,13092.0000000,26303577.647,-10473707.679,28312130.785,0.3293
1.0000000,148.6160000,-142.3763200,-6.3559300,208.7618720,-0.3331540,-0.0126180,0.1996950,22.6408177,114.0099914,46.7070000,149584.0000000,0.0000000,13101.0000000,13102.0000000,26303577.625,-10473707.679,28312130.764,0.3334
1.0000000,148.7220000,-142.3754400,-6.3557860,208.7633600,-0.3374290,-0.0131530,0.1999500,22.6408176,114.0099913,46.7030000,149690.0000000,0.0000000,13111.0000000,13111.0000000,26303577.614,-10473707.670,28312130.751,0.3377
1.0000000,148.8270000,-142.3677440,-6.3459620,208.7641280,-0.3194830,-0.0125390,0.1982880,22.6408191,114.0099914,46.7280000,149795.0000000,0.0000000,13120.0000000,13121.0000000,26303577.780,-10473707.679,28312130.909,0.3197
1.0000000,148.9320000,-142.3676320,-6.3473980,208.7654400,-0.3243090,-0.0127190,0.1980540,22.6408190,114.0099914,46.7240000,149901.0000000,0.0000000,13130.0000000,13131.0000000,26303577.769,-10473707.679,28312130.898,0.3246
1.0000000,149.0370000,-142.3723680,-6.3517480,208.7663040,-0.3285780,-0.0129680,0.1978410,22.6408188,114.0099914,46.7190000,150006.0000000,0.0000000,13139.0000000,13140.0000000,26303577.747,-10473707.679,28312130.878,0.3288
1.0000000,149.1430000,-142.3767360,-6.3548270,208.7649120,-0.3326490,-0.0134630,0.1980330,22.6408186,114.0099913,46.7150000,150112.0000000,0.0000000,13149.0000000,13150.0000000,26303577.725,-10473707.670,28312130.854,0.3329
1.0000000,149.2490000,-142.3760320,-6.3535300,208.7646400,-0.3368110,-0.0139110,0.1987690,22.6408185,114.0099913,46.6940000,150218.0000000,0.0000000,13159.0000000,13159.0000000,26303577.714,-10473707.670,28312130.843,0.3371
1.0000000,149.3560000,-142.3678880,-6.3431990,208.7656480,-0.3192110,-0.0129940,0.1965360,22.6408199,114.0099914,46.7360000,150325.0000000,0.0000000,13168.0000000,13169.0000000,26303577.869,-10473707.679,28312130.991,0.3195
1.0000000,149.4610000,-142.3685600,-6.3462760,208.7687040,-0.3238810,-0.0132360,0.1969180,22.6408198,114.0099914,46.7150000,150430.0000000,0.0000000,13177.0000000,13177.0000000,26303577.858,-10473707.679,28312130.981,0.3242
1.0000000,149.5670000,-142.3756320,-6.3517610,208.7706240,-0.3281670,-0.0137050,0.1967140,22.6408196,114.0099913,46.7100000,150536.0000000,0.0000000,13186.0000000,13186.0000000,26303577.836,-10473707.670,28312130.957,0.3285
1.0000000,149.6740000,-142.3763840,-6.3532260,208.7722880,-0.3321890,-0.0142070,0.1969200,22.6408196,114.0099913,46.7060000,150643.0000000,0.0000000,13195.0000000,13195.0000000,26303577.836,-10473707.670,28312130.957,0.3325
1.0000000,149.7810000,-142.3721120,-6.3505710,208.7721280,-0.3367250,-0.0143690,0.1971080,22.6408195,114.0099913,46.7010000,150750.0000000,0.0000000,13204.0000000,13204.0000000,26303577.824,-10473707.670,28312130.946,0.3370
1.0000000,149.8880000,-142.3682080,-6.3445660,208.7736480,-0.3191930,-0.0135870,0.1951370,22.6408209,114.0099914,46.7260000,150857.0000000,0.0000000,13213.0000000,13213.0000000,26303577.980,-10473707.679,28312131.094,0.3195
1.0000000,149.9950000,-142.3750720,-6.3492020,208.7750720,-0.3235610,-0.0140350,0.1949480,22.6408207,114.0099913,46.7210000,150964.0000000,0.0000000,13222.0000000,13222.0000000,26303577.958,-10473707.670,28312131.070,0.3239
1.0000000,150.1020000,-142.3762880,-6.3509090,208.7764000,-0.3275520,-0.0145580,0.1950780,22.6408206,114.0099913,46.7170000,151071.0000000,0.0000000,13231.0000000,13231.0000000,26303577.947,-10473707.670,28312131.060,0.3279
1.0000000,150.2090000,-142.3717760,-6.3469320,208.7785440,-0.3320440,-0.0148510,0.1952340,22.6408207,114.0099913,46.7120000,151178.0000000,0.0000000,13240.0000000,13240.0000000,26303577.958,-10473707.670,28312131.070,0.3324
1.0000000,150.3160000,-142.3679680,-6.3391020,208.7792160,-0.3147580,-0.0140040,0.1929260,22.6408221,114.0099914,46.7530000,151285.0000000,0.0000000,13249.0000000,13250.0000000,26303578.113,-10473707.679,28312131.218,0.3151
1.0000000,150.4220000,-142.3730240,-6.3429850,208.7827680,-0.3188530,-0.0142170,0.1931750,22.6408221,114.0099914,46.7330000,151391.0000000,0.0000000,13259.0000000,13259.0000000,26303578.113,-10473707.679,28312131.218,0.3192
1.0000000,150.5280000,-142.3769440,-6.3453720,208.7828960,-0.3227200,-0.0146720,0.1933760,22.6408220,114.0099913,46.7280000,151497.0000000,0.0000000,13268.0000000,13269.0000000,26303578.102,-10473707.670,28312131.204,0.3231
1.0000000,150.6340000,-142.3738080,-6.3444280,208.7838560,-0.3269030,-0.0149740,0.1935920,22.6408219,114.0099913,46.7240000,151603.0000000,0.0000000,13278.0000000,13279.0000000,26303578.091,-10473707.670,28312131.194,0.3272
1.0000000,150.7410000,-142.3690560,-6.3428320,208.7856160,-0.3316660,-0.0150720,0.1934450,22.6408218,114.0099913,46.7190000,151710.0000000,0.0000000,13288.0000000,13288.0000000,26303578.080,-10473707.670,28312131.183,0.3320
1.0000000,150.8450000,-142.3683200,-6.3377990,208.7883360,-0.3140310,-0.0142370,0.1915960,22.6408232,114.0099914,46.7450000,151815.0000000,0.0000000,13297.0000000,13298.0000000,26303578.235,-10473707.679,28312131.331,0.3144
1.0000000,150.9510000,-142.3719840,-6.3423290,208.7906400,-0.3179990,-0.0147460,0.1916240,22.6408232,114.0099913,46.7400000,151921.0000000,0.0000000,13307.0000000,13307.0000000,26303578.235,-10473707.670,28312131.328,0.3183
1.0000000,151.0560000,-142.3735040,-6.3434330,208.7924480,-0.3219900,-0.0152040,0.1916920,22.6408232,114.0099913,46.7360000,152026.0000000,0.0000000,13316.0000000,13317.0000000,26303578.235,-10473707.670,28312131.328,0.3223
1.0000000,151.1620000,-142.3690400,-6.3409040,208.7946400,-0.3262970,-0.0153760,0.1918660,22.6408231,114.0099913,46.7320000,152132.0000000,0.0000000,13326.0000000,13327.0000000,26303578.224,-10473707.670,28312131.317,0.3267
1.0000000,151.2670000,-142.3667840,-6.3403920,208.7951840,-0.3308340,-0.0155530,0.1918210,22.6408230,114.0099913,46.7280000,152237.0000000,0.0000000,13335.0000000,13336.0000000,26303578.213,-10473707.670,28312131.307,0.3312
1.0000000,151.3730000,-142.3671200,-6.3371280,208.7959680,-0.3131760,-0.0146940,0.1898330,22.6408244,114.0099914,46.7530000,152343.0000000,0.0000000,13344.0000000,13345.0000000,26303578.368,-10473707.679,28312131.455,0.3135
1.0000000,151.4790000,-142.3725920,-6.3394900,208.7980960,-0.3170280,-0.0151500,0.1898760,22.6408243,114.0099913,46.7490000,152449.0000000,0.0000000,13353.0000000,13354.0000000,26303578.357,-10473707.670,28312131.441,0.3174
1.0000000,151.5850000,-142.3721440,-6.3384650,208.7989760,-0.3208670,-0.0155990,0.1900810,22.6408242,114.0099913,46.7440000,152555.0000000,0.0000000,13362.0000000,13363.0000000,26303578.346,-10473707.670,28312131.431,0.3212
1.0000000,151.6900000,-142.3694400,-6.3363800,208.7993760,-0.3252200,-0.0158140,0.1901600,22.6408242,114.0099913,46.7400000,152660.0000000,0.0000000,13371.0000000,13372.0000000,26303578.346,-10473707.670,28312131.431,0.3256
1.0000000,151.7960000,-142.3684000,-6.3381880,208.8022560,-0.3299650,-0.0159330,0.1897600,22.6408242,114.0099913,46.7370000,152766.0000000,0.0000000,13380.0000000,13381.0000000,26303578.346,-10473707.670,28312131.431,0.3303
1.0000000,151.9010000,-142.3690560,-6.3347710,208.8059520,-0.3121340,-0.0151230,0.1879900,22.6408258,114.0099913,46.7610000,152871.0000000,0.0000000,13389.0000000,13389.0000000,26303578.523,-10473707.670,28312131.596,0.3125
1.0000000,152.0070000,-142.3732320,-6.3387120,208.8097280,-0.3158690,-0.0155340,0.1882210,22.6408259,114.0099913,46.7570000,152977.0000000,0.0000000,13398.0000000,13398.0000000,26303578.534,-10473707.670,28312131.606,0.3163
1.0000000,152.1120000,-142.3714240,-6.3391250,208.8125920,-0.3197610,-0.0159310,0.1884470,22.6408259,114.0099913,46.7530000,153082.0000000,0.0000000,13406.0000000,13407.0000000,26303578.534,-10473707.670,28312131.606,0.3202
1.0000000,152.2190000,-142.3666720,-6.3358790,208.8133600,-0.3242450,-0.0160980,0.1885690,22.6408259,114.0099913,46.7480000,153189.0000000,0.0000000,13416.0000000,13416.0000000,26303578.534,-10473707.670,28312131.606,0.3246
1.0000000,152.3240000,-142.3637440,-6.3311120,208.8152640,-0.3072040,-0.0152890,0.1866500,22.6408273,114.0099913,46.7730000,153294.0000000,0.0000000,13425.0000000,13426.0000000,26303578.690,-10473707.670,28312131.750,0.3076
1.0000000,152.4300000,-142.3710720,-6.3374800,208.8178400,-0.3111630,-0.0156030,0.1864230,22.6408273,114.0099913,46.7680000,153400.0000000,0.0000000,13435.0000000,13436.0000000,26303578.690,-10473707.670,28312131.750,0.3116
1.0000000,152.5370000,-142.3735040,-6.3395280,208.8193280,-0.3149300,-0.0161060,0.1865380,22.6408274,114.0099913,46.7640000,153507.0000000,0.0000000,13445.0000000,13445.0000000,26303578.701,-10473707.670,28312131.761,0.3153
1.0000000,152.6420000,-142.3701440,-6.3374140,208.8208640,-0.3190700,-0.0163670,0.1866640,22.6408274,114.0099913,46.7610000,153612.0000000,0.0000000,13454.0000000,13455.0000000,26303578.701,-10473707.670,28312131.761,0.3195
1.0000000,152.7470000,-142.3669120,-6.3347470,208.8214240,-0.3236640,-0.0164630,0.1865780,22.6408273,114.0099913,46.7570000,153718.0000000,0.0000000,13464.0000000,13465.0000000,26303578.690,-10473707.670,28312131.750,0.3241
1.0000000,152.8520000,-142.3656160,-6.3308090,208.8230720,-0.3065230,-0.0154930,0.1848720,22.6408286,114.0099913,46.7810000,153823.0000000,0.0000000,13473.0000000,13474.0000000,26303578.834,-10473707.670,28312131.884,0.3069
1.0000000,152.9580000,-142.3719840,-6.3358100,208.8247680,-0.3103740,-0.0159570,0.1848890,22.6408286,114.0099913,46.7770000,153929.0000000,0.0000000,13483.0000000,13484.0000000,26303578.834,-10473707.670,28312131.884,0.3108
1.0000000,153.0640000,-142.3731840,-6.3376140,208.8271360,-0.3141890,-0.0164340,0.1850020,22.6408286,114.0099913,46.7730000,154035.0000000,0.0000000,13493.0000000,13493.0000000,26303578.834,-10473707.670,28312131.884,0.3146
1.0000000,153.1690000,-142.3700480,-6.3362800,208.8271680,-0.3184380,-0.0167050,0.1849530,22.6408284,114.0099913,46.7700000,154140.0000000,0.0000000,13502.0000000,13503.0000000,26303578.812,-10473707.670,28312131.864,0.3189
1.0000000,153.2740000,-142.3663840,-6.3351020,208.8280160,-0.3228370,-0.0167670,0.1847520,22.6408283,114.0099913,46.7660000,154245.0000000,0.0000000,13511.0000000,13512.0000000,26303578.801,-10473707.670,28312131.853,0.3233
1.0000000,153.3800000,-142.3647680,-6.3302850,208.8285120,-0.3057170,-0.0157910,0.1829970,22.6408297,114.0099913,46.7900000,154351.0000000,0.0000000,13520.0000000,13521.0000000,26303578.956,-10473707.670,28312131.998,0.3061
1.0000000,153.4850000,-142.3707840,-6.3331330,208.8306400,-0.3096330,-0.0162300,0.1829740,22.6408297,114.0099913,46.7870000,154456.0000000,0.0000000,13529.0000000,13529.0000000,26303578.956,-10473707.670,28312131.998,0.3101
1.0000000,153.5900000,-142.3731040,-6.3340550,208.8309760,-0.3134150,-0.0167470,0.1828220,22.6408295,114.0099913,46.7830000,154561.0000000,0.0000000,13537.0000000,13538.0000000,26303578.934,-10473707.670,28312131.977,0.3139
1.0000000,153.6960000,-142.3692480,-6.3311390,208.8310400,-0.3174670,-0.0169510,0.1830280,22.6408294,114.0099913,46.7800000,154667.0000000,0.0000000,13546.0000000,13547.0000000,26303578.923,-10473707.670,28312131.967,0.3179
1.0000000,153.8030000,-142.3666080,-6.3304430,208.8323520,-0.3220660,-0.0168930,0.1828810,22.6408292,114.0099913,46.7760000,154774.0000000,0.0000000,13555.0000000,13556.0000000,26303578.901,-10473707.670,28312131.946,0.3225
1.0000000,153.9100000,-142.3674080,-6.3283440,208.8334080,-0.3049490,-0.0159260,0.1810490,22.6408305,114.0099913,46.8000000,154881.0000000,0.0000000,13564.0000000,13565.0000000,26303579.045,-10473707.670,28312132.080,0.3054
1.0000000,154.0170000,-142.3723680,-6.3318650,208.8362080,-0.3086200,-0.0163240,0.1812250,22.6408304,114.0099913,46.7960000,154988.0000000,0.0000000,13573.0000000,13574.0000000,26303579.034,-10473707.670,28312132.070,0.3091
1.0000000,154.1230000,-142.3703840,-6.3306700,208.8366720,-0.3124360,-0.0166240,0.1814870,22.6408303,114.0099913,46.7920000,155094.0000000,0.0000000,13583.0000000,13583.0000000,26303579.023,-10473707.670,28312132.059,0.3129
1.0000000,154.2290000,-142.3670080,-6.3290610,208.8359040,-0.3168410,-0.0166470,0.1813630,22.6408301,114.0099913,46.7890000,155200.0000000,0.0000000,13592.0000000,13593.0000000,26303579.000,-10473707.670,28312132.039,0.3173
1.0000000,154.3360000,-142.3666080,-6.3265650,208.8383520,-0.3002640,-0.0157410,0.1796370,22.6408314,114.0099913,46.8120000,155307.0000000,0.0000000,13602.0000000,13603.0000000,26303579.145,-10473707.670,28312132.173,0.3007
1.0000000,154.4410000,-142.3702880,-6.3293130,208.8381280,-0.3039990,-0.0160470,0.1794370,22.6408313,114.0099913,46.8080000,155412.0000000,0.0000000,13611.0000000,13612.0000000,26303579.133,-10473707.670,28312132.163,0.3044
1.0000000,154.5470000,-142.3738560,-6.3333360,208.8401920,-0.3076550,-0.0165470,0.1794760,22.6408312,114.0099913,46.8040000,155518.0000000,0.0000000,13621.0000000,13622.0000000,26303579.122,-10473707.670,28312132.152,0.3081
1.0000000,154.6530000,-142.3704640,-6.3325430,208.8408320,-0.3119170,-0.0165900,0.1796240,22.6408311,114.0099913,46.8010000,155625.0000000,0.0000000,13631.0000000,13631.0000000,26303579.111,-10473707.670,28312132.142,0.3124
1.0000000,154.7580000,-142.3680960,-6.3332010,208.8394880,-0.3162020,-0.0166190,0.1794890,22.6408310,114.0099913,46.7980000,155730.0000000,0.0000000,13640.0000000,13641.0000000,26303579.100,-10473707.670,28312132.132,0.3166
1.0000000,154.8640000,-142.3656160,-6.3290730,208.8412960,-0.2995290,-0.0155380,0.1778730,22.6408324,114.0099913,46.8210000,155836.0000000,0.0000000,13650.0000000,13651.0000000,26303579.256,-10473707.670,28312132.276,0.2999
1.0000000,154.9690000,-142.3705920,-6.3335510,208.8440480,-0.3034760,-0.0160610,0.1781160,22.6408323,114.0099913,46.8020000,155941.0000000,0.0000000,13659.0000000,13660.0000000,26303579.244,-10473707.670,28312132.266,0.3039
1.0000000,155.0770000,-142.3722720,-6.3363450,208.8467360,-0.3073540,-0.0164590,0.1780140,22.6408323,114.0099913,46.8140000,156049.0000000,0.0000000,13669.0000000,13670.0000000,26303579.244,-10473707.670,28312132.266,0.3078
1.0000000,155.1820000,-142.3700000,-6.3347490,208.8473120,-0.3113410,-0.0167060,0.1784100,22.6408322,114.0099913,46.7950000,156154.0000000,0.0000000,13678.0000000,13678.0000000,26303579.233,-10473707.670,28312132.255,0.3118
1.0000000,155.2880000,-142.3684000,-6.3349750,208.8476640,-0.3158230,-0.0168020,0.1782760,22.6408321,114.0099912,46.7920000,156260.0000000,0.0000000,13687.0000000,13687.0000000,26303579.222,-10473707.661,28312132.242,0.3163
1.0000000,155.3940000,-142.3707840,-6.3318530,208.8489440,-0.2990760,-0.0157650,0.1759880,22.6408335,114.0099913,46.8310000,156366.0000000,0.0000000,13696.0000000,13697.0000000,26303579.378,-10473707.670,28312132.389,0.2995
1.0000000,155.5000000,-142.3736640,-6.3344720,208.8497120,-0.3029370,-0.0161810,0.1760710,22.6408334,114.0099913,46.8270000,156472.0000000,0.0000000,13705.0000000,13706.0000000,26303579.366,-10473707.670,28312132.379,0.3034
1.0000000,155.6060000,-142.3746080,-6.3359830,208.8522720,-0.3067620,-0.0165500,0.1761700,22.6408334,114.0099913,46.8250000,156578.0000000,0.0000000,13714.0000000,13715.0000000,26303579.366,-10473707.670,28312132.379,0.3072
1.0000000,155.7110000,-142.3747200,-6.3350530,208.8555680,-0.3110390,-0.0167150,0.1767170,22.6408334,114.0099913,46.8060000,156683.0000000,0.0000000,13723.0000000,13723.0000000,26303579.366,-10473707.670,28312132.379,0.3115
1.0000000,155.8170000,-142.3687200,-6.3285660,208.8573600,-0.2948910,-0.0154770,0.1749920,22.6408348,114.0099913,46.8290000,156789.0000000,0.0000000,13732.0000000,13732.0000000,26303579.522,-10473707.670,28312132.523,0.2953
1.0000000,155.9240000,-142.3738880,-6.3322190,208.8580800,-0.2989490,-0.0156010,0.1747280,22.6408348,114.0099913,46.8250000,156896.0000000,0.0000000,13741.0000000,13741.0000000,26303579.522,-10473707.670,28312132.523,0.2994
1.0000000,156.0310000,-142.3777280,-6.3340680,208.8591840,-0.3027690,-0.0159600,0.1744330,22.6408347,114.0099913,46.8370000,157003.0000000,0.0000000,13750.0000000,13751.0000000,26303579.511,-10473707.670,28312132.513,0.3032
1.0000000,156.1370000,-142.3751840,-6.3339720,208.8595840,-0.3066150,-0.0163420,0.1750520,22.6408347,114.0099913,46.8180000,157109.0000000,0.0000000,13760.0000000,13760.0000000,26303579.511,-10473707.670,28312132.513,0.3071
1.0000000,156.2430000,-142.3732640,-6.3340030,208.8600640,-0.3112080,-0.0160540,0.1747880,22.6408345,114.0099912,46.8150000,157215.0000000,0.0000000,13769.0000000,13770.0000000,26303579.488,-10473707.661,28312132.489,0.3116
1.0000000,156.3500000,-142.3710400,-6.3277780,208.8609440,-0.2947870,-0.0152000,0.1730600,22.6408357,114.0099913,46.8380000,157322.0000000,0.0000000,13779.0000000,13780.0000000,26303579.622,-10473707.670,28312132.616,0.2952
1.0000000,156.4560000,-142.3757440,-6.3350550,208.8631040,-0.2986730,-0.0155560,0.1732220,22.6408356,114.0099913,46.8340000,157428.0000000,0.0000000,13789.0000000,13789.0000000,26303579.610,-10473707.670,28312132.606,0.2991
1.0000000,156.5600000,-142.3756320,-6.3358380,208.8654720,-0.3024620,-0.0159880,0.1732600,22.6408355,114.0099913,46.8310000,157533.0000000,0.0000000,13798.0000000,13799.0000000,26303579.599,-10473707.670,28312132.595,0.3029
1.0000000,156.6660000,-142.3734400,-6.3346430,208.8638400,-0.3066240,-0.0161140,0.1732830,22.6408354,114.0099913,46.8280000,157639.0000000,0.0000000,13808.0000000,13809.0000000,26303579.588,-10473707.670,28312132.585,0.3070
1.0000000,156.7730000,-142.3721280,-6.3345730,208.8652000,-0.3113150,-0.0161410,0.1729360,22.6408353,114.0099912,46.8250000,157746.0000000,0.0000000,13818.0000000,13818.0000000,26303579.577,-10473707.661,28312132.571,0.3117
1.0000000,156.8780000,-142.3723680,-6.3306990,208.8668640,-0.2947650,-0.0152130,0.1712820,22.6408366,114.0099913,46.8470000,157851.0000000,0.0000000,13827.0000000,13828.0000000,26303579.721,-10473707.670,28312132.709,0.2952
1.0000000,156.9860000,-142.3753120,-6.3347790,208.8700640,-0.2985420,-0.0156210,0.1713710,22.6408365,114.0099913,46.8440000,157959.0000000,0.0000000,13837.0000000,13837.0000000,26303579.710,-10473707.670,28312132.698,0.2990
1.0000000,157.1970000,-142.3697440,-6.3297740,208.8939840,-0.3063500,-0.0160270,0.1717960,22.6408364,114.0099912,46.8380000,158170.0000000,0.0000000,13854.0000000,13855.0000000,26303579.699,-10473707.661,28312132.685,0.3068
1.0000000,157.3040000,-142.3672800,-6.3283590,208.8945440,-0.3112640,-0.0161780,0.1714880,22.6408362,114.0099912,46.8350000,158277.0000000,0.0000000,13863.0000000,13864.0000000,26303579.677,-10473707.661,28312132.664,0.3117
1.0000000,157.4090000,-142.3660160,-6.3294690,208.8970720,-0.3159890,-0.0161480,0.1712470,22.6408362,114.0099912,46.8320000,158382.0000000,0.0000000,13872.0000000,13873.0000000,26303579.677,-10473707.661,28312132.664,0.3164
1.0000000,157.5160000,-142.3739200,-6.3380370,208.9010720,-0.3196220,-0.0168690,0.1714920,22.6408361,114.0099912,46.8290000,158489.0000000,0.0000000,13881.0000000,13882.0000000,26303579.666,-10473707.661,28312132.654,0.3201
1.0000000,157.6220000,-142.3744480,-6.3403520,208.9024320,-0.3232770,-0.0175070,0.1715420,22.6408360,114.0099912,46.8260000,158595.0000000,0.0000000,13890.0000000,13891.0000000,26303579.655,-10473707.661,28312132.644,0.3238
1.0000000,157.7290000,-142.3708960,-6.3389920,208.8996960,-0.3277620,-0.0172240,0.1714020,22.6408359,114.0099912,46.8230000,158702.0000000,0.0000000,13899.0000000,13900.0000000,26303579.644,-10473707.661,28312132.633,0.3282
1.0000000,157.8360000,-142.3706400,-6.3402490,208.8987200,-0.3321940,-0.0173070,0.1710870,22.6408358,114.0099911,46.8200000,158809.0000000,0.0000000,13908.0000000,13909.0000000,26303579.633,-10473707.652,28312132.620,0.3326
1.0000000,157.9430000,-142.3719520,-6.3428490,208.8979840,-0.3367400,-0.0173760,0.1710220,22.6408357,114.0099911,46.8170000,158916.0000000,0.0000000,13918.0000000,13919.0000000,26303579.622,-10473707.652,28312132.609,0.3372
1.0000000,158.0490000,-142.3736800,-6.3447320,208.8986720,-0.3406100,-0.0177770,0.1711870,22.6408356,114.0099911,46.8140000,159022.0000000,0.0000000,13928.0000000,13928.0000000,26303579.610,-10473707.652,28312132.599,0.3411
1.0000000,158.1540000,-142.3721440,-6.3455350,208.9006080,-0.3450390,-0.0178780,0.1712090,22.6408354,114.0099911,46.8110000,159127.0000000,0.0000000,13937.0000000,13938.0000000,26303579.588,-10473707.652,28312132.578,0.3455
1.0000000,158.2600000,-142.3694720,-6.3446810,208.9039040,-0.3496750,-0.0178360,0.1708700,22.6408353,114.0099911,46.8080000,159233.0000000,0.0000000,13947.0000000,13947.0000000,26303579.577,-10473707.652,28312132.568,0.3501
1.0000000,158.3640000,-142.3700480,-6.3470740,208.9071680,-0.3540350,-0.0180840,0.1706360,22.6408352,114.0099910,46.8060000,159338.0000000,0.0000000,13956.0000000,13957.0000000,26303579.566,-10473707.643,28312132.554,0.3545
1.0000000,158.4700000,-142.3735200,-6.3507070,208.9095360,-0.3583360,-0.0183520,0.1704910,22.6408351,114.0099910,46.8030000,159444.0000000,0.0000000,13966.0000000,13967.0000000,26303579.555,-10473707.643,28312132.544,0.3588
1.0000000,158.5760000,-142.3765120,-6.3533990,208.9109920,-0.3624240,-0.0189390,0.1704710,22.6408350,114.0099910,46.8000000,159550.0000000,0.0000000,13976.0000000,13976.0000000,26303579.544,-10473707.643,28312132.534,0.3629
1.0000000,158.6810000,-142.3790240,-6.3554580,208.9138080,-0.3667690,-0.0192900,0.1705540,22.6408348,114.0099910,46.7980000,159655.0000000,0.0000000,13985.0000000,13986.0000000,26303579.522,-10473707.643,28312132.513,0.3673
1.0000000,158.7880000,-142.3753600,-6.3536530,208.9156640,-0.3710600,-0.0197020,0.1706030,22.6408347,114.0099910,46.7950000,159762.0000000,0.0000000,13995.0000000,13995.0000000,26303579.511,-10473707.643,28312132.503,0.3716
1.0000000,158.8930000,-142.3745120,-6.3559300,208.9179520,-0.3758330,-0.0196010,0.1702160,22.6408345,114.0099909,46.7930000,159867.0000000,0.0000000,14003.0000000,14004.0000000,26303579.488,-10473707.633,28312132.479,0.3763
1.0000000,158.9990000,-142.3668960,-6.3490770,208.9170240,-0.3807840,-0.0197420,0.1702320,22.6408343,114.0099909,46.7910000,159973.0000000,0.0000000,14012.0000000,14013.0000000,26303579.466,-10473707.633,28312132.458,0.3813
1.0000000,159.1060000,-142.3882560,-6.3654010,208.9240000,-0.3850650,-0.0203630,0.1699810,22.6408342,114.0099909,46.7880000,160080.0000000,0.0000000,14021.0000000,14022.0000000,26303579.455,-10473707.633,28312132.448,0.3856
1.0000000,159.2110000,-142.3827200,-6.3621530,208.9246080,-0.3893960,-0.0205540,0.1699690,22.6408340,114.0099909,46.7860000,160185.0000000,0.0000000,14030.0000000,14031.0000000,26303579.433,-10473707.633,28312132.427,0.3899
1.0000000,159.3170000,-142.3824480,-6.3624500,208.9250880,-0.3944960,-0.0203840,0.1699460,22.6408339,114.0099909,46.7830000,160291.0000000,0.0000000,14039.0000000,14040.0000000,26303579.422,-10473707.633,28312132.417,0.3950
1.0000000,159.4230000,-142.3824480,-6.3637530,208.9282560,-0.3989650,-0.0206790,0.1695330,22.6408337,114.0099908,46.7810000,160397.0000000,0.0000000,14048.0000000,14049.0000000,26303579.400,-10473707.624,28312132.393,0.3995
1.0000000,159.5300000,-142.3758080,-6.3594590,208.9259840,-0.4037730,-0.0209810,0.1692800,22.6408335,114.0099908,46.7780000,160504.0000000,0.0000000,14057.0000000,14058.0000000,26303579.378,-10473707.624,28312132.372,0.4043
1.0000000,159.6380000,-142.3914240,-6.3701970,208.9328800,-0.4079500,-0.0215980,0.1695420,22.6408333,114.0099908,46.7760000,160612.0000000,0.0000000,14066.0000000,14067.0000000,26303579.355,-10473707.624,28312132.352,0.4085
1.0000000,159.7450000,-142.3868800,-6.3678170,208.9344320,-0.4125920,-0.0216840,0.1695420,22.6408331,114.0099908,46.7740000,160719.0000000,0.0000000,14076.0000000,14076.0000000,26303579.333,-10473707.624,28312132.331,0.4132
1.0000000,159.8500000,-142.3851360,-6.3682470,208.9355680,-0.4171550,-0.0223530,0.1692870,22.6408329,114.0099907,46.7710000,160824.0000000,0.0000000,14085.0000000,14086.0000000,26303579.311,-10473707.615,28312132.307,0.4178
1.0000000,159.9560000,-142.3857920,-6.3697700,208.9368640,-0.4227630,-0.0217870,0.1687280,22.6408327,114.0099907,46.7690000,160930.0000000,0.0000000,14095.0000000,14096.0000000,26303579.289,-10473707.615,28312132.286,0.4233
1.0000000,160.0610000,-142.3910080,-6.3744320,208.9378880,-0.4295340,-0.0201870,0.1685990,22.6408324,114.0099907,46.7670000,161035.0000000,0.0000000,14104.0000000,14105.0000000,26303579.256,-10473707.615,28312132.256,0.4300
1.0000000,160.1670000,-142.3928320,-6.3776810,208.9404480,-0.4318290,-0.0225710,0.1689080,22.6408321,114.0099907,46.7650000,161141.0000000,0.0000000,14114.0000000,14115.0000000,26303579.222,-10473707.615,28312132.225,0.4324
1.0000000,160.2720000,-142.3780960,-6.3693840,208.9347040,-0.4349510,-0.0247510,0.1690110,22.6408319,114.0099907,46.7630000,161247.0000000,0.0000000,14124.0000000,14124.0000000,26303579.200,-10473707.615,28312132.204,0.4357
1.0000000,160.3770000,-142.3860160,-6.3756000,208.9419680,-0.4417310,-0.0229700,0.1686370,22.6408316,114.0099906,46.7610000,161352.0000000,0.0000000,14133.0000000,14134.0000000,26303579.167,-10473707.606,28312132.170,0.4423
1.0000000,160.4830000,-142.3852640,-6.3772730,208.9441920,-0.4469390,-0.0232290,0.1682990,22.6408314,114.0099906,46.7590000,161458.0000000,0.0000000,14143.0000000,14144.0000000,26303579.145,-10473707.606,28312132.149,0.4475
1.0000000,160.5880000,-142.3888480,-6.3798290,208.9453440,-0.4510000,-0.0240440,0.1683990,22.6408311,114.0099906,46.7570000,161563.0000000,0.0000000,14152.0000000,14153.0000000,26303579.111,-10473707.606,28312132.118,0.4516
1.0000000,160.6940000,-142.3909760,-6.3822440,208.9454080,-0.4563320,-0.0241260,0.1683060,22.6408308,114.0099906,46.7560000,161669.0000000,0.0000000,14161.0000000,14162.0000000,26303579.078,-10473707.606,28312132.087,0.4570
1.0000000,160.8000000,-142.3865920,-6.3814790,208.9406080,-0.4617940,-0.0240350,0.1682180,22.6408305,114.0099905,46.7540000,161775.0000000,0.0000000,14170.0000000,14171.0000000,26303579.045,-10473707.597,28312132.053,0.4624
1.0000000,160.9060000,-142.3898560,-6.3831460,208.9456000,-0.4664270,-0.0245640,0.1681180,22.6408302,114.0099905,46.7520000,161881.0000000,0.0000000,14179.0000000,14180.0000000,26303579.011,-10473707.597,28312132.022,0.4671
1.0000000,161.0120000,-142.3859520,-6.3820090,208.9459040,-0.4718710,-0.0246510,0.1676650,22.6408299,114.0099905,46.7500000,161987.0000000,0.0000000,14188.0000000,14189.0000000,26303578.978,-10473707.597,28312131.991,0.4725
1.0000000,161.1180000,-142.3849600,-6.3814220,208.9468000,-0.4763920,-0.0255710,0.1675380,22.6408296,114.0099905,46.7480000,162093.0000000,0.0000000,14197.0000000,14198.0000000,26303578.945,-10473707.597,28312131.960,0.4771
1.0000000,161.2240000,-142.3933280,-6.3890260,208.9496480,-0.4816730,-0.0257560,0.1675460,22.6408292,114.0099904,46.7460000,162199.0000000,0.0000000,14206.0000000,14207.0000000,26303578.901,-10473707.587,28312131.916,0.4824
1.0000000,161.3290000,-142.3855360,-6.3834370,208.9448160,-0.4899750,-0.0232040,0.1679960,22.6408289,114.0099904,46.7290000,162304.0000000,0.0000000,14215.0000000,14215.0000000,26303578.867,-10473707.587,28312131.885,0.4905
1.0000000,161.4360000,-142.3928160,-6.3894250,208.9491680,-0.4920830,-0.0260960,0.1679300,22.6408285,114.0099904,46.7270000,162411.0000000,0.0000000,14224.0000000,14224.0000000,26303578.823,-10473707.587,28312131.843,0.4928
1.0000000,161.5420000,-142.3991840,-6.3968120,208.9484800,-0.4956050,-0.0276460,0.1675540,22.6408282,114.0099903,46.7250000,162517.0000000,0.0000000,14233.0000000,14233.0000000,26303578.790,-10473707.578,28312131.809,0.4964
1.0000000,161.6490000,-142.3925920,-6.3910500,208.9504800,-0.5024920,-0.0266890,0.1674120,22.6408278,114.0099903,46.7240000,162624.0000000,0.0000000,14242.0000000,14243.0000000,26303578.745,-10473707.578,28312131.768,0.5032
1.0000000,161.7560000,-142.3966080,-6.3967960,208.9518240,-0.5074720,-0.0272670,0.1675570,22.6408275,114.0099903,46.7220000,162731.0000000,0.0000000,14252.0000000,14253.0000000,26303578.712,-10473707.578,28312131.737,0.5082
1.0000000,161.8620000,-142.3954880,-6.3978430,208.9524000,-0.5126980,-0.0275880,0.1677110,22.6408271,114.0099903,46.7200000,162837.0000000,0.0000000,14262.0000000,14262.0000000,26303578.668,-10473707.578,28312131.696,0.5134
1.0000000,161.9670000,-142.3944480,-6.3976840,208.9548480,-0.5180750,-0.0279430,0.1672250,22.6408267,114.0099902,46.7190000,162942.0000000,0.0000000,14271.0000000,14272.0000000,26303578.623,-10473707.569,28312131.651,0.5188
1.0000000,162.0730000,-142.3943200,-6.3982080,208.9516960,-0.5238890,-0.0278360,0.1666420,22.6408264,114.0099902,46.7180000,163048.0000000,0.0000000,14281.0000000,14282.0000000,26303578.590,-10473707.569,28312131.620,0.5246
1.0000000,162.1790000,-142.4008320,-6.4017860,208.9553760,-0.5292370,-0.0284070,0.1668200,22.6408260,114.0099902,46.7160000,163155.0000000,0.0000000,14291.0000000,14291.0000000,26303578.546,-10473707.569,28312131.579,0.5300
1.0000000,162.2840000,-142.4031680,-6.4030230,208.9553760,-0.5340440,-0.0289740,0.1668540,22.6408257,114.0099901,46.7150000,163260.0000000,0.0000000,14300.0000000,14301.0000000,26303578.512,-10473707.560,28312131.545,0.5348
1.0000000,162.3900000,-142.4023520,-6.4048070,208.9562400,-0.5392030,-0.0294150,0.1668910,22.6408253,114.0099901,46.7140000,163366.0000000,0.0000000,14310.0000000,14310.0000000,26303578.468,-10473707.560,28312131.503,0.5400
1.0000000,162.4950000,-142.3957120,-6.4008180,208.9557600,-0.5450690,-0.0295180,0.1664950,22.6408250,114.0099901,46.7130000,163471.0000000,0.0000000,14319.0000000,14320.0000000,26303578.435,-10473707.560,28312131.472,0.5459
1.0000000,162.6010000,-142.4001440,-6.4050380,208.9587040,-0.5504240,-0.0300040,0.1659180,22.6408247,114.0099901,46.7110000,163577.0000000,0.0000000,14328.0000000,14329.0000000,26303578.401,-10473707.560,28312131.442,0.5512
1.0000000,162.7060000,-142.4032000,-6.4062450,208.9599040,-0.5562280,-0.0300210,0.1660390,22.6408244,114.0099900,46.7100000,163682.0000000,0.0000000,14337.0000000,14338.0000000,26303578.368,-10473707.551,28312131.407,0.5570
1.0000000,162.8120000,-142.4073280,-6.4098460,208.9613760,-0.5612710,-0.0306120,0.1660700,22.6408241,114.0099900,46.7090000,163788.0000000,0.0000000,14346.0000000,14347.0000000,26303578.335,-10473707.551,28312131.376,0.5621
1.0000000,162.9170000,-142.4056480,-6.4098990,208.9610720,-0.5666480,-0.0310420,0.1660570,22.6408238,114.0099900,46.7080000,163893.0000000,0.0000000,14355.0000000,14355.0000000,26303578.301,-10473707.551,28312131.345,0.5675
1.0000000,163.0220000,-142.4026240,-6.4063510,208.9616960,-0.5722600,-0.0311820,0.1660070,22.6408234,114.0099899,46.7070000,163998.0000000,0.0000000,14363.0000000,14364.0000000,26303578.257,-10473707.541,28312131.301,0.5731
1.0000000,163.1280000,-142.4003200,-6.4067920,208.9640480,-0.5782580,-0.0310670,0.1654500,22.6408230,114.0099899,46.7060000,164104.0000000,0.0000000,14372.0000000,14373.0000000,26303578.213,-10473707.541,28312131.260,0.5791
1.0000000,163.2350000,-142.4057760,-6.4111350,208.9653600,-0.5838420,-0.0315020,0.1653420,22.6408226,114.0099899,46.7050000,164211.0000000,0.0000000,14381.0000000,14382.0000000,26303578.168,-10473707.541,28312131.218,0.5847
1.0000000,163.3410000,-142.4091680,-6.4163080,208.9668640,-0.5890460,-0.0320620,0.1654780,22.6408222,114.0099898,46.7040000,164317.0000000,0.0000000,14390.0000000,14391.0000000,26303578.124,-10473707.532,28312131.174,0.5899
1.0000000,163.4480000,-142.4056320,-6.4150520,208.9688640,-0.5946280,-0.0324420,0.1656300,22.6408218,114.0099898,46.7030000,164424.0000000,0.0000000,14400.0000000,14400.0000000,26303578.080,-10473707.532,28312131.132,0.5955
1.0000000,163.5530000,-142.4007520,-6.4134570,208.9688160,-0.6006430,-0.0326010,0.1651300,22.6408214,114.0099898,46.7020000,164529.0000000,0.0000000,14409.0000000,14410.0000000,26303578.035,-10473707.532,28312131.091,0.6015
1.0000000,163.6590000,-142.4013760,-6.4148980,208.9685280,-0.6066550,-0.0326980,0.1646560,22.6408209,114.0099897,46.7000000,164635.0000000,0.0000000,14419.0000000,14420.0000000,26303577.980,-10473707.523,28312131.036,0.6075
1.0000000,163.7640000,-142.4068800,-6.4185560,208.9678080,-0.6121930,-0.0331590,0.1646140,22.6408204,114.0099897,46.6990000,164740.0000000,0.0000000,14428.0000000,14429.0000000,26303577.924,-10473707.523,28312130.985,0.6131
1.0000000,163.8700000,-142.4116320,-6.4243270,208.9719200,-0.6174390,-0.0337850,0.1647590,22.6408200,114.0099897,46.6980000,164846.0000000,0.0000000,14438.0000000,14439.0000000,26303577.880,-10473707.523,28312130.944,0.6184
1.0000000,163.9750000,-142.4085920,-6.4216560,208.9722880,-0.6229980,-0.0341700,0.1648160,22.6408195,114.0099896,46.6970000,164952.0000000,0.0000000,14448.0000000,14448.0000000,26303577.824,-10473707.514,28312130.889,0.6239
1.0000000,164.0800000,-142.4027680,-6.4185510,208.9721120,-0.6291020,-0.0343400,0.1646140,22.6408191,114.0099896,46.6960000,165057.0000000,0.0000000,14457.0000000,14458.0000000,26303577.780,-10473707.514,28312130.847,0.6300
1.0000000,164.1860000,-142.4029760,-6.4195370,208.9741920,-0.6354120,-0.0343160,0.1641600,22.6408187,114.0099896,46.6940000,165163.0000000,0.0000000,14467.0000000,14468.0000000,26303577.736,-10473707.514,28312130.806,0.6363
1.0000000,164.2930000,-142.4104000,-6.4252040,208.9767840,-0.6410890,-0.0347670,0.1640360,22.6408183,114.0099895,46.6940000,165270.0000000,0.0000000,14477.0000000,14477.0000000,26303577.691,-10473707.505,28312130.762,0.6420
1.0000000,164.3980000,-142.4146400,-6.4276310,208.9807360,-0.6464320,-0.0354340,0.1641420,22.6408179,114.0099895,46.6930000,165375.0000000,0.0000000,14486.0000000,14486.0000000,26303577.647,-10473707.505,28312130.720,0.6474
1.0000000,164.5040000,-142.4106400,-6.4259720,208.9808160,-0.6521320,-0.0359300,0.1641820,22.6408175,114.0099894,46.6910000,165481.0000000,0.0000000,14495.0000000,14495.0000000,26303577.603,-10473707.496,28312130.676,0.6531
1.0000000,164.6090000,-142.4066240,-6.4222820,208.9812960,-0.6582690,-0.0359770,0.1640190,22.6408171,114.0099894,46.6900000,165586.0000000,0.0000000,14503.0000000,14504.0000000,26303577.558,-10473707.496,28312130.635,0.6593
1.0000000,164.7150000,-142.4063840,-6.4229920,208.9833600,-0.6646660,-0.0358070,0.1634130,22.6408167,114.0099894,46.6890000,165692.0000000,0.0000000,14512.0000000,14513.0000000,26303577.514,-10473707.496,28312130.593,0.6656
1.0000000,164.8220000,-142.4112960,-6.4289790,208.9872480,-0.6705640,-0.0363150,0.1633100,22.6408162,114.0099893,46.6880000,165799.0000000,0.0000000,14521.0000000,14522.0000000,26303577.458,-10473707.486,28312130.538,0.6715
1.0000000,164.9270000,-142.4136960,-6.4315860,208.9892960,-0.6760060,-0.0371510,0.1633730,22.6408158,114.0099893,46.6870000,165904.0000000,0.0000000,14530.0000000,14531.0000000,26303577.414,-10473707.486,28312130.497,0.6770
1.0000000,165.0330000,-142.4111680,-6.4308570,208.9907200,-0.6815900,-0.0376250,0.1633920,22.6408154,114.0099893,46.6860000,166010.0000000,0.0000000,14539.0000000,14540.0000000,26303577.370,-10473707.486,28312130.456,0.6826
1.0000000,165.1410000,-142.4045280,-6.4246650,208.9900000,-0.6881160,-0.0377050,0.1631560,22.6408149,114.0099892,46.6850000,166118.0000000,0.0000000,14548.0000000,14549.0000000,26303577.314,-10473707.477,28312130.401,0.6891
1.0000000,165.2480000,-142.4072480,-6.4282080,208.9924160,-0.6944830,-0.0379390,0.1626640,22.6408144,114.0099892,46.6840000,166225.0000000,0.0000000,14558.0000000,14558.0000000,26303577.259,-10473707.477,28312130.349,0.6955
1.0000000,165.3530000,-142.4128640,-6.4325560,208.9954240,-0.7001260,-0.0385390,0.1625900,22.6408139,114.0099891,46.6830000,166330.0000000,0.0000000,14567.0000000,14568.0000000,26303577.203,-10473707.468,28312130.295,0.7012
1.0000000,165.4590000,-142.4166240,-6.4366310,208.9957280,-0.7054790,-0.0392620,0.1628090,22.6408134,114.0099891,46.6820000,166436.0000000,0.0000000,14577.0000000,14578.0000000,26303577.148,-10473707.468,28312130.243,0.7066
1.0000000,165.5640000,-142.4141280,-6.4350410,208.9969600,-0.7113640,-0.0397770,0.1628290,22.6408129,114.0099891,46.6810000,166541.0000000,0.0000000,14586.0000000,14587.0000000,26303577.092,-10473707.468,28312130.191,0.7125
1.0000000,165.6700000,-142.4081280,-6.4324340,208.9982880,-0.7178190,-0.0398870,0.1625850,22.6408124,114.0099890,46.6800000,166647.0000000,0.0000000,14596.0000000,14597.0000000,26303577.037,-10473707.459,28312130.137,0.7189
1.0000000,165.7750000,-142.4087360,-6.4336250,209.0002240,-0.7242800,-0.0399810,0.1620950,22.6408119,114.0099890,46.6780000,166753.0000000,0.0000000,14606.0000000,14606.0000000,26303576.981,-10473707.459,28312130.085,0.7254
1.0000000,165.9870000,-142.3983840,-6.4022630,209.0008320,-0.6089350,-0.0342200,0.1602550,22.6408214,114.0099895,46.7060000,166965.0000000,0.0000000,14625.0000000,14626.0000000,26303578.035,-10473707.505,28312131.081,0.6099
1.0000000,166.0920000,-142.3977760,-6.4010110,209.0024800,-0.6139170,-0.0346650,0.1602430,22.6408210,114.0099895,46.7050000,167070.0000000,0.0000000,14634.0000000,14635.0000000,26303577.991,-10473707.505,28312131.040,0.6149
1.0000000,166.1980000,-142.3935840,-6.3986280,209.0023840,-0.6195310,-0.0347710,0.1602150,22.6408206,114.0099894,46.7040000,167176.0000000,0.0000000,14643.0000000,14644.0000000,26303577.947,-10473707.496,28312130.995,0.6205
1.0000000,166.3040000,-142.3929280,-6.3984550,209.0033440,-0.6253950,-0.0348360,0.1596850,22.6408201,114.0099894,46.7020000,167282.0000000,0.0000000,14652.0000000,14653.0000000,26303577.891,-10473707.496,28312130.944,0.6264
1.0000000,166.4100000,-142.3852000,-6.3743760,209.0033120,-0.5335160,-0.0298780,0.1578050,22.6408279,114.0099898,46.7290000,167388.0000000,0.0000000,14661.0000000,14662.0000000,26303578.756,-10473707.532,28312131.761,0.5344
1.0000000,166.5160000,-142.3912960,-6.3773580,209.0053600,-0.5380710,-0.0304010,0.1576270,22.6408275,114.0099898,46.7280000,167494.0000000,0.0000000,14670.0000000,14671.0000000,26303578.712,-10473707.532,28312131.720,0.5389
1.0000000,166.6210000,-142.3909760,-6.3760790,209.0057120,-0.5423400,-0.0310140,0.1583720,22.6408271,114.0099898,46.7110000,167599.0000000,0.0000000,14679.0000000,14679.0000000,26303578.668,-10473707.532,28312131.679,0.5432
1.0000000,166.7270000,-142.3853120,-6.3731600,209.0071680,-0.5473610,-0.0309650,0.1581970,22.6408267,114.0099897,46.7100000,167705.0000000,0.0000000,14688.0000000,14688.0000000,26303578.623,-10473707.523,28312131.634,0.5482
1.0000000,166.8330000,-142.3827200,-6.3746050,209.0086080,-0.5527900,-0.0310340,0.1578110,22.6408263,114.0099897,46.7090000,167811.0000000,0.0000000,14696.0000000,14697.0000000,26303578.579,-10473707.523,28312131.593,0.5537
1.0000000,166.9410000,-142.3759840,-6.3550150,209.0092800,-0.4797180,-0.0268160,0.1554640,22.6408327,114.0099901,46.7510000,167919.0000000,0.0000000,14706.0000000,14707.0000000,26303579.289,-10473707.560,28312132.266,0.4805
1.0000000,167.0470000,-142.3800320,-6.3596650,209.0123520,-0.4836090,-0.0275430,0.1558760,22.6408325,114.0099900,46.7340000,168025.0000000,0.0000000,14716.0000000,14716.0000000,26303579.267,-10473707.551,28312132.242,0.4844
1.0000000,167.1530000,-142.3790240,-6.3609220,209.0136480,-0.4878340,-0.0279090,0.1559580,22.6408323,114.0099900,46.7330000,168131.0000000,0.0000000,14725.0000000,14726.0000000,26303579.244,-10473707.551,28312132.221,0.4886
1.0000000,167.2600000,-142.3738720,-6.3550170,209.0131360,-0.4928540,-0.0278960,0.1555820,22.6408320,114.0099900,46.7320000,168238.0000000,0.0000000,14735.0000000,14736.0000000,26303579.211,-10473707.551,28312132.191,0.4936
1.0000000,167.3650000,-142.3753280,-6.3563700,209.0147520,-0.4976970,-0.0280850,0.1551580,22.6408317,114.0099900,46.7300000,168344.0000000,0.0000000,14745.0000000,14745.0000000,26303579.178,-10473707.551,28312132.160,0.4985
1.0000000,167.4700000,-142.3716320,-6.3406930,209.0155680,-0.4373720,-0.0247710,0.1534190,22.6408371,114.0099903,46.7560000,168449.0000000,0.0000000,14754.0000000,14755.0000000,26303579.777,-10473707.578,28312132.726,0.4381
1.0000000,167.5760000,-142.3776960,-6.3463530,209.0178240,-0.4410730,-0.0253690,0.1535430,22.6408369,114.0099902,46.7550000,168555.0000000,0.0000000,14764.0000000,14765.0000000,26303579.755,-10473707.569,28312132.702,0.4418
1.0000000,167.6810000,-142.3749600,-6.3449070,209.0191200,-0.4453270,-0.0254640,0.1535190,22.6408367,114.0099902,46.7540000,168660.0000000,0.0000000,14773.0000000,14774.0000000,26303579.733,-10473707.569,28312132.682,0.4461
1.0000000,167.7880000,-142.3723200,-6.3446080,209.0217920,-0.4498440,-0.0254840,0.1534140,22.6408364,114.0099902,46.7520000,168767.0000000,0.0000000,14783.0000000,14783.0000000,26303579.699,-10473707.569,28312132.651,0.4506
1.0000000,167.8930000,-142.3659360,-6.3308780,209.0270080,-0.3996490,-0.0224310,0.1515450,22.6408409,114.0099904,46.7770000,168872.0000000,0.0000000,14791.0000000,14792.0000000,26303580.198,-10473707.587,28312133.121,0.4003
1.0000000,167.9990000,-142.3543040,-6.3218300,209.0284320,-0.4051420,-0.0221740,0.1509330,22.6408406,114.0099904,46.7760000,168978.0000000,0.0000000,14800.0000000,14801.0000000,26303580.165,-10473707.587,28312133.090,0.4057
1.0000000,168.2110000,-142.3722720,-6.3353210,209.0335040,-0.4112900,-0.0236630,0.1513180,22.6408400,114.0099904,46.7730000,169190.0000000,0.0000000,14818.0000000,14819.0000000,26303580.099,-10473707.587,28312133.029,0.4120
1.0000000,168.3170000,-142.3672160,-6.3323690,209.0347040,-0.4154010,-0.0237330,0.1511020,22.6408397,114.0099903,46.7720000,169296.0000000,0.0000000,14827.0000000,14828.0000000,26303580.065,-10473707.578,28312132.994,0.4161
1.0000000,168.4230000,-142.3644160,-6.3321480,209.0356320,-0.4199430,-0.0237800,0.1506030,22.6408393,114.0099903,46.7710000,169402.0000000,0.0000000,14836.0000000,14837.0000000,26303580.021,-10473707.578,28312132.953,0.4206
1.0000000,168.5300000,-142.3713440,-6.3394580,209.0382240,-0.4238970,-0.0242280,0.1503040,22.6408390,114.0099903,46.7690000,169509.0000000,0.0000000,14845.0000000,14846.0000000,26303579.988,-10473707.578,28312132.922,0.4246
1.0000000,168.6370000,-142.3730720,-6.3394150,209.0372160,-0.4277320,-0.0248370,0.1502440,22.6408387,114.0099903,46.7680000,169616.0000000,0.0000000,14854.0000000,14855.0000000,26303579.954,-10473707.578,28312132.891,0.4285
1.0000000,168.7430000,-142.3700160,-6.3368520,209.0365760,-0.4318340,-0.0249580,0.1502200,22.6408383,114.0099902,46.7670000,169722.0000000,0.0000000,14864.0000000,14865.0000000,26303579.910,-10473707.569,28312132.847,0.4326
1.0000000,168.8490000,-142.3675520,-6.3348920,209.0360800,-0.4363530,-0.0250870,0.1501010,22.6408379,114.0099902,46.7660000,169828.0000000,0.0000000,14874.0000000,14874.0000000,26303579.866,-10473707.569,28312132.805,0.4371
1.0000000,168.9540000,-142.3684800,-6.3383480,209.0363200,-0.4406970,-0.0252140,0.1497770,22.6408375,114.0099902,46.7650000,169933.0000000,0.0000000,14883.0000000,14884.0000000,26303579.821,-10473707.569,28312132.764,0.4414
1.0000000,169.0600000,-142.3741920,-6.3428080,209.0358240,-0.4447520,-0.0255980,0.1494620,22.6408372,114.0099902,46.7640000,170039.0000000,0.0000000,14893.0000000,14894.0000000,26303579.788,-10473707.569,28312132.733,0.4455
1.0000000,169.1640000,-142.3761600,-6.3446730,209.0357440,-0.4485440,-0.0260740,0.1494520,22.6408368,114.0099901,46.7620000,170144.0000000,0.0000000,14902.0000000,14903.0000000,26303579.744,-10473707.560,28312132.689,0.4493
1.0000000,169.2700000,-142.3757920,-6.3458410,209.0360640,-0.4523830,-0.0264040,0.1496450,22.6408364,114.0099901,46.7610000,170250.0000000,0.0000000,14912.0000000,14913.0000000,26303579.699,-10473707.560,28312132.647,0.4532
1.0000000,169.3760000,-142.3686560,-6.3419750,209.0353760,-0.4570330,-0.0264980,0.1496130,22.6408361,114.0099901,46.7600000,170356.0000000,0.0000000,14922.0000000,14922.0000000,26303579.666,-10473707.560,28312132.616,0.4578
1.0000000,169.4810000,-142.3695520,-6.3431430,209.0357120,-0.4618480,-0.0266180,0.1490640,22.6408358,114.0099900,46.7590000,170461.0000000,0.0000000,14931.0000000,14932.0000000,26303579.633,-10473707.551,28312132.582,0.4626
1.0000000,169.5870000,-142.3750400,-6.3492780,209.0365120,-0.4661560,-0.0268390,0.1487280,22.6408354,114.0099900,46.7580000,170567.0000000,0.0000000,14941.0000000,14941.0000000,26303579.588,-10473707.551,28312132.541,0.4669
1.0000000,169.6920000,-142.3789120,-6.3540710,209.0386720,-0.4700210,-0.0273270,0.1487660,22.6408351,114.0099900,46.7580000,170672.0000000,0.0000000,14949.0000000,14950.0000000,26303579.555,-10473707.551,28312132.510,0.4708
1.0000000,169.7980000,-142.3788000,-6.3548080,209.0407360,-0.4741880,-0.0277780,0.1488830,22.6408348,114.0099900,46.7570000,170778.0000000,0.0000000,14958.0000000,14959.0000000,26303579.522,-10473707.551,28312132.479,0.4750
1.0000000,169.9050000,-142.3772960,-6.3529530,209.0407360,-0.4786270,-0.0281340,0.1488370,22.6408345,114.0099899,46.7560000,170885.0000000,0.0000000,14967.0000000,14968.0000000,26303579.488,-10473707.541,28312132.445,0.4795
1.0000000,170.0100000,-142.3740640,-6.3497520,209.0424480,-0.4834140,-0.0282530,0.1484000,22.6408342,114.0099899,46.7550000,170990.0000000,0.0000000,14976.0000000,14977.0000000,26303579.455,-10473707.541,28312132.414,0.4842
1.0000000,170.1160000,-142.3772800,-6.3539520,209.0438400,-0.4880970,-0.0284030,0.1480400,22.6408338,114.0099899,46.7540000,171096.0000000,0.0000000,14985.0000000,14986.0000000,26303579.411,-10473707.541,28312132.373,0.4889
1.0000000,170.2230000,-142.3836960,-6.3598500,209.0468320,-0.4921930,-0.0289990,0.1480010,22.6408335,114.0099898,46.7530000,171203.0000000,0.0000000,14994.0000000,14995.0000000,26303579.378,-10473707.532,28312132.338,0.4930
1.0000000,170.3290000,-142.3828480,-6.3591660,209.0483360,-0.4962580,-0.0293590,0.1483000,22.6408331,114.0099898,46.7520000,171309.0000000,0.0000000,15003.0000000,15004.0000000,26303579.333,-10473707.532,28312132.297,0.4971
1.0000000,170.4370000,-142.3757280,-6.3549470,209.0473600,-0.5012640,-0.0294070,0.1482020,22.6408327,114.0099898,46.7510000,171417.0000000,0.0000000,15012.0000000,15013.0000000,26303579.289,-10473707.532,28312132.256,0.5021
1.0000000,170.5440000,-142.3763360,-6.3566660,209.0476160,-0.5062990,-0.0294770,0.1477700,22.6408324,114.0099898,46.7490000,171524.0000000,0.0000000,15022.0000000,15022.0000000,26303579.256,-10473707.532,28312132.225,0.5072
1.0000000,170.6500000,-142.3844160,-6.3635930,209.0490720,-0.5106820,-0.0299110,0.1474750,22.6408320,114.0099897,46.7480000,171630.0000000,0.0000000,15031.0000000,15032.0000000,26303579.211,-10473707.523,28312132.180,0.5116
1.0000000,170.7560000,-142.3861440,-6.3664600,209.0506080,-0.5148950,-0.0304370,0.1473800,22.6408317,114.0099897,46.7470000,171736.0000000,0.0000000,15041.0000000,15041.0000000,26303579.178,-10473707.523,28312132.149,0.5158
1.0000000,170.8610000,-142.3847200,-6.3668140,209.0507840,-0.5192350,-0.0308570,0.1476020,22.6408313,114.0099897,46.7460000,171841.0000000,0.0000000,15050.0000000,15051.0000000,26303579.133,-10473707.523,28312132.108,0.5202
1.0000000,170.9670000,-142.3792160,-6.3633370,209.0504480,-0.5240060,-0.0309530,0.1475130,22.6408309,114.0099896,46.7450000,171947.0000000,0.0000000,15060.0000000,15061.0000000,26303579.089,-10473707.514,28312132.064,0.5249
1.0000000,171.0720000,-142.3786400,-6.3642370,209.0519520,-0.5288680,-0.0312990,0.1471930,22.6408305,114.0099896,46.7440000,172053.0000000,0.0000000,15070.0000000,15070.0000000,26303579.045,-10473707.514,28312132.022,0.5298
1.0000000,171.1770000,-142.3822720,-6.3677860,209.0530720,-0.5339440,-0.0314020,0.1466950,22.6408301,114.0099896,46.7440000,172158.0000000,0.0000000,15079.0000000,15080.0000000,26303579.000,-10473707.514,28312131.981,0.5349
1.0000000,171.2830000,-142.3873280,-6.3727120,209.0555040,-0.5384240,-0.0320080,0.1466880,22.6408298,114.0099895,46.7430000,172264.0000000,0.0000000,15089.0000000,15089.0000000,26303578.967,-10473707.505,28312131.947,0.5394
1.0000000,171.3880000,-142.3871840,-6.3738910,209.0556480,-0.5427720,-0.0325160,0.1468080,22.6408294,114.0099895,46.7420000,172369.0000000,0.0000000,15098.0000000,15099.0000000,26303578.923,-10473707.505,28312131.906,0.5437
1.0000000,171.4950000,-142.3851520,-6.3733540,209.0539360,-0.5475950,-0.0328250,0.1467620,22.6408291,114.0099895,46.7410000,172476.0000000,0.0000000,15108.0000000,15109.0000000,26303578.889,-10473707.505,28312131.875,0.5486
1.0000000,171.6000000,-142.3844480,-6.3740780,209.0549600,-0.5526670,-0.0330990,0.1468430,22.6408287,114.0099894,46.7260000,172581.0000000,0.0000000,15117.0000000,15117.0000000,26303578.845,-10473707.496,28312131.830,0.5537
1.0000000,171.7060000,-142.3849920,-6.3746650,209.0572160,-0.5577790,-0.0332320,0.1463610,22.6408284,114.0099894,46.7250000,172687.0000000,0.0000000,15126.0000000,15126.0000000,26303578.812,-10473707.496,28312131.799,0.5588
1.0000000,171.8130000,-142.3887360,-6.3788610,209.0596000,-0.5625460,-0.0338420,0.1463140,22.6408280,114.0099894,46.7250000,172794.0000000,0.0000000,15135.0000000,15135.0000000,26303578.767,-10473707.496,28312131.758,0.5636
1.0000000,171.9200000,-142.3889280,-6.3784290,209.0577600,-0.5672770,-0.0343010,0.1464380,22.6408276,114.0099893,46.7240000,172901.0000000,0.0000000,15144.0000000,15144.0000000,26303578.723,-10473707.486,28312131.713,0.5683
1.0000000,172.0270000,-142.3834240,-6.3757070,209.0575840,-0.5722020,-0.0344750,0.1462390,22.6408272,114.0099893,46.7230000,173008.0000000,0.0000000,15153.0000000,15153.0000000,26303578.679,-10473707.486,28312131.672,0.5732
1.0000000,172.1340000,-142.3816160,-6.3765050,209.0589440,-0.5774300,-0.0346760,0.1458450,22.6408267,114.0099893,46.7220000,173115.0000000,0.0000000,15162.0000000,15162.0000000,26303578.623,-10473707.486,28312131.620,0.5785
1.0000000,172.2410000,-142.3857600,-6.3807400,209.0611520,-0.5825090,-0.0350620,0.1455110,22.6408263,114.0099892,46.7220000,173222.0000000,0.0000000,15171.0000000,15171.0000000,26303578.579,-10473707.477,28312131.576,0.5836
1.0000000,172.3480000,-142.3922240,-6.3848670,209.0629280,-0.5869060,-0.0357240,0.1456440,22.6408259,114.0099892,46.7220000,173329.0000000,0.0000000,15180.0000000,15180.0000000,26303578.534,-10473707.477,28312131.535,0.5880
1.0000000,172.4540000,-142.3900960,-6.3837660,209.0632320,-0.5916280,-0.0363350,0.1456090,22.6408254,114.0099891,46.7220000,173435.0000000,0.0000000,15188.0000000,15189.0000000,26303578.479,-10473707.468,28312131.480,0.5927
1.0000000,172.5620000,-142.3841280,-6.3821430,209.0634080,-0.5974290,-0.0362250,0.1445890,22.6408249,114.0099891,46.7370000,173543.0000000,0.0000000,15198.0000000,15199.0000000,26303578.424,-10473707.468,28312131.428,0.5985
1.0000000,172.7790000,-142.3784160,-6.3611630,209.0627840,-0.5049430,-0.0312070,0.1427870,22.6408338,114.0099897,46.7630000,173760.0000000,0.0000000,15218.0000000,15218.0000000,26303579.411,-10473707.523,28312132.366,0.5059
1.0000000,172.8840000,-142.3748960,-6.3597420,209.0629280,-0.5092650,-0.0315510,0.1427250,22.6408334,114.0099896,46.7630000,173865.0000000,0.0000000,15227.0000000,15228.0000000,26303579.366,-10473707.514,28312132.321,0.5102
1.0000000,172.9900000,-142.3717120,-6.3588910,209.0636800,-0.5142150,-0.0317450,0.1426960,22.6408330,114.0099896,46.7480000,173971.0000000,0.0000000,15237.0000000,15237.0000000,26303579.322,-10473707.514,28312132.280,0.5152
1.0000000,173.0960000,-142.3768000,-6.3625460,209.0668800,-0.5189150,-0.0319830,0.1421410,22.6408327,114.0099896,46.7480000,174078.0000000,0.0000000,15247.0000000,15247.0000000,26303579.289,-10473707.514,28312132.249,0.5199
1.0000000,173.2010000,-142.3714240,-6.3439610,209.0655520,-0.4443550,-0.0276010,0.1406440,22.6408400,114.0099900,46.7750000,174183.0000000,0.0000000,15256.0000000,15257.0000000,26303580.099,-10473707.551,28312133.015,0.4452
1.0000000,173.3070000,-142.3728000,-6.3444430,209.0665920,-0.4480630,-0.0280900,0.1408310,22.6408398,114.0099900,46.7750000,174289.0000000,0.0000000,15266.0000000,15266.0000000,26303580.076,-10473707.551,28312132.994,0.4489
1.0000000,173.4120000,-142.3685600,-6.3424680,209.0664320,-0.4521440,-0.0284910,0.1407990,22.6408395,114.0099900,46.7750000,174394.0000000,0.0000000,15275.0000000,15276.0000000,26303580.043,-10473707.551,28312132.963,0.4530
1.0000000,173.5180000,-142.3629120,-6.3392000,209.0673440,-0.4568120,-0.0285590,0.1402460,22.6408392,114.0099899,46.7760000,174500.0000000,0.0000000,15285.0000000,15285.0000000,26303580.010,-10473707.541,28312132.929,0.4577
1.0000000,173.6240000,-142.3664960,-6.3412340,209.0699840,-0.4612700,-0.0287030,0.1397090,22.6408390,114.0099899,46.7760000,174606.0000000,0.0000000,15294.0000000,15294.0000000,26303579.988,-10473707.541,28312132.909,0.4622
1.0000000,173.7300000,-142.3660800,-6.3279130,209.0713760,-0.4017230,-0.0250700,0.1381110,22.6408449,114.0099903,46.8020000,174712.0000000,0.0000000,15303.0000000,15303.0000000,26303580.642,-10473707.578,28312133.530,0.4025
1.0000000,173.8350000,-142.3684160,-6.3289130,209.0716000,-0.4046180,-0.0261760,0.1381140,22.6408446,114.0099903,46.8030000,174817.0000000,0.0000000,15311.0000000,15312.0000000,26303580.609,-10473707.578,28312133.499,0.4055
1.0000000,173.9410000,-142.3661280,-6.3287680,209.0697280,-0.4089040,-0.0260790,0.1380740,22.6408444,114.0099902,46.8040000,174923.0000000,0.0000000,15320.0000000,15321.0000000,26303580.587,-10473707.569,28312133.475,0.4097
1.0000000,174.0480000,-142.3617920,-6.3274930,209.0699520,-0.4131590,-0.0260040,0.1377260,22.6408442,114.0099902,46.8040000,175030.0000000,0.0000000,15329.0000000,15330.0000000,26303580.564,-10473707.569,28312133.455,0.4140
1.0000000,174.1530000,-142.3651200,-6.3308020,209.0736320,-0.4176610,-0.0260020,0.1372280,22.6408440,114.0099902,46.8050000,175135.0000000,0.0000000,15338.0000000,15339.0000000,26303580.542,-10473707.569,28312133.434,0.4185
1.0000000,174.2590000,-142.3597760,-6.3186020,209.0768800,-0.3683120,-0.0230040,0.1357430,22.6408491,114.0099905,46.8300000,175241.0000000,0.0000000,15347.0000000,15348.0000000,26303581.108,-10473707.597,28312133.970,0.3690
1.0000000,174.3660000,-142.3636800,-6.3223660,209.0789120,-0.3714650,-0.0236200,0.1359030,22.6408489,114.0099905,46.8310000,175348.0000000,0.0000000,15356.0000000,15357.0000000,26303581.086,-10473707.597,28312133.949,0.3722
1.0000000,174.4730000,-142.3588640,-6.3180570,209.0796640,-0.3751670,-0.0237810,0.1358860,22.6408487,114.0099905,46.8320000,175455.0000000,0.0000000,15366.0000000,15366.0000000,26303581.064,-10473707.597,28312133.929,0.3759
1.0000000,174.5790000,-142.3547520,-6.3161380,209.0806400,-0.3794420,-0.0238570,0.1354390,22.6408486,114.0099904,46.8330000,175561.0000000,0.0000000,15375.0000000,15376.0000000,26303581.053,-10473707.587,28312133.915,0.3802
1.0000000,174.6850000,-142.3542880,-6.3072920,209.0839840,-0.3383930,-0.0211150,0.1335080,22.6408529,114.0099907,46.8580000,175667.0000000,0.0000000,15385.0000000,15385.0000000,26303581.530,-10473707.615,28312134.368,0.3391
1.0000000,174.7900000,-142.3578720,-6.3100030,209.0866400,-0.3417030,-0.0214690,0.1334610,22.6408528,114.0099907,46.8590000,175772.0000000,0.0000000,15394.0000000,15395.0000000,26303581.518,-10473707.615,28312134.358,0.3424
1.0000000,174.8960000,-142.3589440,-6.3113260,209.0859520,-0.3449050,-0.0218100,0.1334350,22.6408526,114.0099907,46.8610000,175878.0000000,0.0000000,15404.0000000,15405.0000000,26303581.496,-10473707.615,28312134.337,0.3456
1.0000000,175.0020000,-142.3541920,-6.3101440,209.0877280,-0.3485150,-0.0219500,0.1333580,22.6408525,114.0099906,46.8620000,175985.0000000,0.0000000,15414.0000000,15414.0000000,26303581.485,-10473707.606,28312134.324,0.3492
1.0000000,175.1070000,-142.3528960,-6.3112720,209.0892800,-0.3522800,-0.0222740,0.1330610,22.6408523,114.0099906,46.8630000,176090.0000000,0.0000000,15423.0000000,15424.0000000,26303581.463,-10473707.606,28312134.303,0.3530
1.0000000,175.2130000,-142.3498880,-6.3023000,209.0905280,-0.3172360,-0.0196120,0.1310500,22.6408560,114.0099908,46.8880000,176196.0000000,0.0000000,15433.0000000,15433.0000000,26303581.873,-10473707.624,28312134.691,0.3178
1.0000000,175.3180000,-142.3557280,-6.3064950,209.0946080,-0.3205030,-0.0199840,0.1309820,22.6408558,114.0099908,46.8900000,176301.0000000,0.0000000,15442.0000000,15443.0000000,26303581.851,-10473707.624,28312134.671,0.3211
1.0000000,175.4240000,-142.3567680,-6.3082660,209.0968480,-0.3233710,-0.0205940,0.1310710,22.6408557,114.0099908,46.8910000,176407.0000000,0.0000000,15452.0000000,15452.0000000,26303581.840,-10473707.624,28312134.660,0.3240
1.0000000,175.5300000,-142.3518240,-6.3044140,209.0966880,-0.3266820,-0.0208990,0.1310260,22.6408556,114.0099908,46.8920000,176513.0000000,0.0000000,15461.0000000,15461.0000000,26303581.829,-10473707.624,28312134.650,0.3273
1.0000000,175.6350000,-142.3495840,-6.3026590,209.0983200,-0.3306710,-0.0208610,0.1304870,22.6408554,114.0099908,46.8940000,176618.0000000,0.0000000,15469.0000000,15470.0000000,26303581.807,-10473707.624,28312134.629,0.3313
1.0000000,175.7410000,-142.3470880,-6.2963340,209.1006560,-0.2996910,-0.0187750,0.1286640,22.6408587,114.0099910,46.9180000,176724.0000000,0.0000000,15478.0000000,15479.0000000,26303582.173,-10473707.643,28312134.976,0.3003
1.0000000,175.8470000,-142.3526880,-6.3002720,209.1013120,-0.3027900,-0.0191270,0.1286000,22.6408584,114.0099909,46.9190000,176830.0000000,0.0000000,15487.0000000,15488.0000000,26303582.140,-10473707.633,28312134.942,0.3034
1.0000000,175.9540000,-142.3530080,-6.3000320,209.1010240,-0.3056580,-0.0196910,0.1287110,22.6408582,114.0099909,46.9200000,176937.0000000,0.0000000,15496.0000000,15497.0000000,26303582.118,-10473707.633,28312134.921,0.3063
1.0000000,176.0590000,-142.3507200,-6.2973900,209.1005120,-0.3091570,-0.0198020,0.1286480,22.6408580,114.0099909,46.9220000,177042.0000000,0.0000000,15505.0000000,15506.0000000,26303582.095,-10473707.633,28312134.901,0.3098
1.0000000,176.1650000,-142.3491200,-6.2963170,209.1009440,-0.3129520,-0.0197010,0.1280930,22.6408578,114.0099909,46.9240000,177148.0000000,0.0000000,15514.0000000,15515.0000000,26303582.073,-10473707.633,28312134.880,0.3136
1.0000000,176.2710000,-142.3454560,-6.2887320,209.1012800,-0.2853670,-0.0177330,0.1264470,22.6408607,114.0099911,46.9470000,177254.0000000,0.0000000,15523.0000000,15524.0000000,26303582.395,-10473707.652,28312135.186,0.2859
1.0000000,176.3770000,-142.3537600,-6.2945030,209.1040640,-0.2883440,-0.0183000,0.1263270,22.6408605,114.0099910,46.9490000,177360.0000000,0.0000000,15532.0000000,15533.0000000,26303582.373,-10473707.643,28312135.162,0.2889
1.0000000,176.4840000,-142.3541920,-6.2956580,209.1030240,-0.2910580,-0.0188170,0.1264780,22.6408603,114.0099910,46.9500000,177467.0000000,0.0000000,15542.0000000,15542.0000000,26303582.350,-10473707.643,28312135.141,0.2917
1.0000000,176.5890000,-142.3497120,-6.2943020,209.1066720,-0.2941920,-0.0187790,0.1263130,22.6408602,114.0099910,46.9520000,177572.0000000,0.0000000,15551.0000000,15552.0000000,26303582.339,-10473707.643,28312135.131,0.2948
1.0000000,176.6950000,-142.3447680,-6.2837470,209.1073280,-0.2697400,-0.0169660,0.1246410,22.6408628,114.0099912,46.9750000,177678.0000000,0.0000000,15561.0000000,15562.0000000,26303582.628,-10473707.661,28312135.406,0.2703
1.0000000,176.8000000,-142.3495840,-6.2859740,209.1084960,-0.2731250,-0.0169640,0.1240020,22.6408628,114.0099912,46.9770000,177783.0000000,0.0000000,15570.0000000,15571.0000000,26303582.628,-10473707.661,28312135.406,0.2737
1.0000000,176.9060000,-142.3555520,-6.2892880,209.1116320,-0.2760460,-0.0172260,0.1239020,22.6408627,114.0099911,46.9800000,177889.0000000,0.0000000,15580.0000000,15581.0000000,26303582.617,-10473707.652,28312135.392,0.2766
1.0000000,177.0110000,-142.3565600,-6.2904830,209.1113920,-0.2786100,-0.0175820,0.1240280,22.6408626,114.0099911,46.9820000,177995.0000000,0.0000000,15590.0000000,15590.0000000,26303582.606,-10473707.652,28312135.382,0.2792
1.0000000,177.1160000,-142.3503680,-6.2864810,209.1120800,-0.2821140,-0.0175980,0.1238670,22.6408624,114.0099911,46.9840000,178100.0000000,0.0000000,15599.0000000,15600.0000000,26303582.583,-10473707.652,28312135.361,0.2827
1.0000000,177.2220000,-142.3517280,-6.2833750,209.1159520,-0.2597160,-0.0159900,0.1222470,22.6408648,114.0099912,47.0060000,178206.0000000,0.0000000,15609.0000000,15609.0000000,26303582.850,-10473707.661,28312135.612,0.2602
1.0000000,177.3270000,-142.3488960,-6.2818770,209.1169920,-0.2628900,-0.0158680,0.1216990,22.6408648,114.0099912,47.0090000,178311.0000000,0.0000000,15618.0000000,15619.0000000,26303582.850,-10473707.661,28312135.612,0.2634
1.0000000,177.4330000,-142.3543840,-6.2852800,209.1180800,-0.2657450,-0.0160730,0.1214820,22.6408647,114.0099912,47.0110000,178417.0000000,0.0000000,15628.0000000,15629.0000000,26303582.839,-10473707.661,28312135.601,0.2662
1.0000000,177.5380000,-142.3578240,-6.2890920,209.1209280,-0.2685160,-0.0163020,0.1214590,22.6408646,114.0099912,47.0130000,178522.0000000,0.0000000,15637.0000000,15638.0000000,26303582.827,-10473707.661,28312135.591,0.2690
1.0000000,177.6450000,-142.3539360,-6.2860840,209.1211840,-0.2716150,-0.0164670,0.1215250,22.6408644,114.0099912,47.0150000,178629.0000000,0.0000000,15646.0000000,15647.0000000,26303582.805,-10473707.661,28312135.570,0.2721
1.0000000,177.7520000,-142.3481120,-6.2778730,209.1215040,-0.2512200,-0.0148840,0.1199560,22.6408666,114.0099913,47.0360000,178736.0000000,0.0000000,15655.0000000,15656.0000000,26303583.049,-10473707.670,28312135.801,0.2517
1.0000000,177.8580000,-142.3489440,-6.2799870,209.1227680,-0.2545860,-0.0146600,0.1194150,22.6408664,114.0099913,47.0380000,178842.0000000,0.0000000,15664.0000000,15665.0000000,26303583.027,-10473707.670,28312135.780,0.2550
1.0000000,177.9650000,-142.3556000,-6.2859460,209.1234560,-0.2573020,-0.0151050,0.1193460,22.6408663,114.0099913,47.0390000,178949.0000000,0.0000000,15673.0000000,15674.0000000,26303583.016,-10473707.670,28312135.770,0.2577
1.0000000,178.0720000,-142.3553600,-6.2855340,209.1233600,-0.2600390,-0.0154120,0.1195150,22.6408662,114.0099913,47.0410000,179056.0000000,0.0000000,15682.0000000,15683.0000000,26303583.005,-10473707.670,28312135.759,0.2605
1.0000000,178.1770000,-142.3513600,-6.2832220,209.1254720,-0.2632760,-0.0152680,0.1192060,22.6408661,114.0099912,47.0440000,179161.0000000,0.0000000,15691.0000000,15692.0000000,26303582.994,-10473707.661,28312135.746,0.2637
1.0000000,178.2830000,-142.3465600,-6.2755800,209.1268640,-0.2445560,-0.0138150,0.1176760,22.6408681,114.0099914,47.0650000,179267.0000000,0.0000000,15700.0000000,15701.0000000,26303583.216,-10473707.679,28312135.959,0.2449
1.0000000,178.3900000,-142.3510560,-6.2795100,209.1290080,-0.2478530,-0.0139440,0.1172010,22.6408681,114.0099913,47.0670000,179374.0000000,0.0000000,15709.0000000,15710.0000000,26303583.216,-10473707.670,28312135.955,0.2482
1.0000000,178.4950000,-142.3538720,-6.2813430,209.1312640,-0.2504360,-0.0142600,0.1170240,22.6408680,114.0099913,47.0690000,179479.0000000,0.0000000,15718.0000000,15718.0000000,26303583.205,-10473707.670,28312135.945,0.2508
1.0000000,178.6000000,-142.3545600,-6.2829880,209.1336800,-0.2530660,-0.0145580,0.1172230,22.6408679,114.0099913,47.0700000,179584.0000000,0.0000000,15727.0000000,15728.0000000,26303583.194,-10473707.670,28312135.935,0.2535
1.0000000,178.7060000,-142.3480480,-6.2748960,209.1317120,-0.2351160,-0.0132230,0.1160460,22.6408698,114.0099914,47.0910000,179690.0000000,0.0000000,15737.0000000,15738.0000000,26303583.404,-10473707.679,28312136.134,0.2355
1.0000000,178.8120000,-142.3448320,-6.2728550,209.1323360,-0.2387080,-0.0130080,0.1160070,22.6408697,114.0099914,47.0780000,179796.0000000,0.0000000,15747.0000000,15747.0000000,26303583.393,-10473707.679,28312136.123,0.2391
1.0000000,178.9180000,-142.3497440,-6.2760370,209.1333120,-0.2420190,-0.0128350,0.1156250,22.6408695,114.0099914,47.0800000,179902.0000000,0.0000000,15756.0000000,15757.0000000,26303583.371,-10473707.679,28312136.103,0.2424
1.0000000,179.0240000,-142.3545760,-6.2794300,209.1338240,-0.2445540,-0.0133440,0.1154030,22.6408694,114.0099914,47.0820000,180008.0000000,0.0000000,15766.0000000,15767.0000000,26303583.360,-10473707.679,28312136.093,0.2449
1.0000000,179.1280000,-142.3564960,-6.2812810,209.1334720,-0.2472210,-0.0135330,0.1155500,22.6408692,114.0099914,47.0830000,180113.0000000,0.0000000,15775.0000000,15776.0000000,26303583.338,-10473707.679,28312136.072,0.2476
1.0000000,179.2340000,-142.3495680,-6.2745300,209.1337760,-0.2301910,-0.0125130,0.1143470,22.6408710,114.0099915,47.1040000,180219.0000000,0.0000000,15785.0000000,15786.0000000,26303583.537,-10473707.688,28312136.261,0.2305
1.0000000,179.3400000,-142.3483360,-6.2735350,209.1328800,-0.2335530,-0.0123530,0.1139090,22.6408709,114.0099914,47.1050000,180325.0000000,0.0000000,15795.0000000,15795.0000000,26303583.526,-10473707.679,28312136.247,0.2339
1.0000000,179.4450000,-142.3493280,-6.2745930,209.1341600,-0.2368380,-0.0121890,0.1134010,22.6408708,114.0099914,47.1070000,180430.0000000,0.0000000,15804.0000000,15805.0000000,26303583.515,-10473707.679,28312136.237,0.2372
1.0000000,179.5510000,-142.3549440,-6.2794500,209.1361920,-0.2395900,-0.0124230,0.1133390,22.6408708,114.0099914,47.1090000,180536.0000000,0.0000000,15813.0000000,15814.0000000,26303583.515,-10473707.679,28312136.237,0.2399
1.0000000,179.6570000,-142.3545440,-6.2812800,209.1375840,-0.2426140,-0.0122890,0.1133950,22.6408707,114.0099914,47.1100000,180642.0000000,0.0000000,15822.0000000,15823.0000000,26303583.504,-10473707.679,28312136.227,0.2429
1.0000000,179.7630000,-142.3492320,-6.2737040,209.1377600,-0.2261980,-0.0115320,0.1123160,22.6408724,114.0099915,47.1300000,180748.0000000,0.0000000,15831.0000000,15832.0000000,26303583.693,-10473707.688,28312136.405,0.2265
1.0000000,179.8690000,-142.3463520,-6.2719440,209.1386240,-0.2295530,-0.0113680,0.1119490,22.6408724,114.0099915,47.1310000,180854.0000000,0.0000000,15840.0000000,15841.0000000,26303583.693,-10473707.688,28312136.405,0.2298
1.0000000,179.9740000,-142.3490080,-6.2738890,209.1403840,-0.2328260,-0.0113180,0.1113710,22.6408723,114.0099915,47.1320000,180959.0000000,0.0000000,15849.0000000,15850.0000000,26303583.682,-10473707.688,28312136.395,0.2331
1.0000000,180.0800000,-142.3537920,-6.2766920,209.1415360,-0.2355300,-0.0114420,0.1112540,22.6408723,114.0099915,47.1340000,181065.0000000,0.0000000,15858.0000000,15859.0000000,26303583.682,-10473707.688,28312136.395,0.2358
1.0000000,180.1850000,-142.3520800,-6.2721640,209.1431200,-0.2198710,-0.0107060,0.1104140,22.6408739,114.0099915,47.1530000,181170.0000000,0.0000000,15867.0000000,15867.0000000,26303583.859,-10473707.688,28312136.560,0.2201
1.0000000,180.2910000,-142.3487520,-6.2704330,209.1441760,-0.2227170,-0.0107540,0.1102890,22.6408738,114.0099915,47.1550000,181276.0000000,0.0000000,15875.0000000,15876.0000000,26303583.848,-10473707.688,28312136.549,0.2230
1.0000000,180.3970000,-142.3472800,-6.2688940,209.1447520,-0.2259120,-0.0105860,0.1098300,22.6408737,114.0099915,47.1560000,181382.0000000,0.0000000,15885.0000000,15885.0000000,26303583.837,-10473707.688,28312136.539,0.2262
1.0000000,180.5020000,-142.3487840,-6.2679270,209.1467200,-0.2289550,-0.0103120,0.1092760,22.6408736,114.0099915,47.1580000,181487.0000000,0.0000000,15894.0000000,15895.0000000,26303583.826,-10473707.688,28312136.529,0.2292
1.0000000,180.6080000,-142.3541280,-6.2714370,209.1503200,-0.2315940,-0.0106540,0.1091630,22.6408736,114.0099915,47.1590000,181593.0000000,0.0000000,15904.0000000,15904.0000000,26303583.826,-10473707.688,28312136.529,0.2318
1.0000000,180.7130000,-142.3528320,-6.2668510,209.1513120,-0.2165660,-0.0099670,0.1084120,22.6408751,114.0099915,47.1780000,181698.0000000,0.0000000,15913.0000000,15914.0000000,26303583.992,-10473707.688,28312136.683,0.2168
1.0000000,180.8190000,-142.3503520,-6.2652900,209.1519040,-0.2193040,-0.0099750,0.1083650,22.6408750,114.0099915,47.1790000,181804.0000000,0.0000000,15923.0000000,15924.0000000,26303583.981,-10473707.688,28312136.673,0.2195
1.0000000,180.9250000,-142.3472480,-6.2630890,209.1512160,-0.2226620,-0.0096150,0.1077870,22.6408748,114.0099915,47.1810000,181910.0000000,0.0000000,15933.0000000,15933.0000000,26303583.959,-10473707.688,28312136.653,0.2229
1.0000000,181.0290000,-142.3499840,-6.2653130,209.1515840,-0.2257070,-0.0094410,0.1074180,22.6408747,114.0099915,47.1820000,182015.0000000,0.0000000,15942.0000000,15943.0000000,26303583.948,-10473707.688,28312136.642,0.2259
1.0000000,181.1350000,-142.3548320,-6.2683300,209.1522080,-0.2284160,-0.0094060,0.1072280,22.6408746,114.0099915,47.1840000,182121.0000000,0.0000000,15952.0000000,15952.0000000,26303583.937,-10473707.688,28312136.632,0.2286
1.0000000,181.2400000,-142.3564800,-6.2683120,209.1541120,-0.2142860,-0.0087870,0.1063300,22.6408760,114.0099916,47.2020000,182226.0000000,0.0000000,15961.0000000,15962.0000000,26303584.092,-10473707.698,28312136.780,0.2145
1.0000000,181.3460000,-142.3561280,-6.2683560,209.1547360,-0.2167750,-0.0088810,0.1063520,22.6408758,114.0099916,47.2040000,182332.0000000,0.0000000,15971.0000000,15972.0000000,26303584.070,-10473707.698,28312136.759,0.2170
1.0000000,181.4520000,-142.3520160,-6.2647970,209.1533760,-0.2199580,-0.0085330,0.1060580,22.6408757,114.0099915,47.2050000,182438.0000000,0.0000000,15980.0000000,15981.0000000,26303584.059,-10473707.688,28312136.745,0.2201
1.0000000,181.5570000,-142.3521280,-6.2666790,209.1544000,-0.2231530,-0.0081250,0.1056890,22.6408755,114.0099915,47.2070000,182543.0000000,0.0000000,15989.0000000,15989.0000000,26303584.037,-10473707.688,28312136.725,0.2233
1.0000000,181.6620000,-142.3552640,-6.2665840,209.1549760,-0.2260500,-0.0081630,0.1054320,22.6408754,114.0099915,47.2080000,182648.0000000,0.0000000,15997.0000000,15998.0000000,26303584.026,-10473707.688,28312136.714,0.2262
1.0000000,181.7680000,-142.3614720,-6.2672330,209.1546080,-0.2120980,-0.0078220,0.1042210,22.6408767,114.0099916,47.2260000,182754.0000000,0.0000000,16006.0000000,16007.0000000,26303584.170,-10473707.698,28312136.852,0.2122
1.0000000,181.8750000,-142.3593280,-6.2648950,209.1533280,-0.2147570,-0.0075760,0.1043520,22.6408766,114.0099916,47.2280000,182861.0000000,0.0000000,16015.0000000,16016.0000000,26303584.159,-10473707.698,28312136.841,0.2149
1.0000000,181.9800000,-142.3573440,-6.2622440,209.1546080,-0.2175580,-0.0073680,0.1041650,22.6408765,114.0099916,47.2290000,182966.0000000,0.0000000,16024.0000000,16025.0000000,26303584.148,-10473707.698,28312136.831,0.2177
1.0000000,182.0870000,-142.3559200,-6.2621160,209.1563520,-0.2209090,-0.0069500,0.1037240,22.6408764,114.0099916,47.2310000,183073.0000000,0.0000000,16033.0000000,16034.0000000,26303584.136,-10473707.698,28312136.821,0.2210
1.0000000,182.1930000,-142.3589280,-6.2629150,209.1584960,-0.2078260,-0.0063330,0.1026100,22.6408777,114.0099916,47.2490000,183179.0000000,0.0000000,16042.0000000,16043.0000000,26303584.281,-10473707.698,28312136.955,0.2079
1.0000000,182.3000000,-142.3623360,-6.2661770,209.1600480,-0.2101740,-0.0063220,0.1026660,22.6408777,114.0099916,47.2490000,183286.0000000,0.0000000,16051.0000000,16052.0000000,26303584.281,-10473707.698,28312136.955,0.2103
1.0000000,182.4060000,-142.3586400,-6.2662340,209.1600800,-0.2128500,-0.0062960,0.1026290,22.6408776,114.0099916,47.2510000,183392.0000000,0.0000000,16061.0000000,16062.0000000,26303584.270,-10473707.698,28312136.944,0.2129
1.0000000,182.5120000,-142.3529920,-6.2630600,209.1603200,-0.2161830,-0.0058330,0.1023130,22.6408774,114.0099916,47.2520000,183498.0000000,0.0000000,16071.0000000,16071.0000000,26303584.247,-10473707.698,28312136.924,0.2163
1.0000000,182.6170000,-142.3537120,-6.2651580,209.1623840,-0.2193750,-0.0054520,0.1019120,22.6408773,114.0099916,47.2530000,183603.0000000,0.0000000,16080.0000000,16081.0000000,26303584.236,-10473707.698,28312136.914,0.2194
1.0000000,182.7230000,-142.3576160,-6.2647900,209.1629440,-0.2066000,-0.0050770,0.1008690,22.6408786,114.0099916,47.2710000,183709.0000000,0.0000000,16090.0000000,16091.0000000,26303584.381,-10473707.698,28312137.048,0.2067
1.0000000,182.8300000,-142.3616960,-6.2670890,209.1638400,-0.2089350,-0.0052040,0.1009770,22.6408785,114.0099916,47.2720000,183816.0000000,0.0000000,16100.0000000,16100.0000000,26303584.369,-10473707.698,28312137.037,0.2090
1.0000000,182.9340000,-142.3590240,-6.2645570,209.1649440,-0.2117690,-0.0051530,0.1008570,22.6408784,114.0099916,47.2730000,183921.0000000,0.0000000,16109.0000000,16110.0000000,26303584.358,-10473707.698,28312137.027,0.2118
1.0000000,183.0400000,-142.3544000,-6.2619450,209.1657600,-0.2148250,-0.0048350,0.1010170,22.6408783,114.0099916,47.2630000,184027.0000000,0.0000000,16119.0000000,16119.0000000,26303584.347,-10473707.698,28312137.017,0.2149
1.0000000,183.1460000,-142.3555840,-6.2637040,209.1681920,-0.2180700,-0.0044090,0.1004200,22.6408782,114.0099916,47.2640000,184133.0000000,0.0000000,16128.0000000,16129.0000000,26303584.336,-10473707.698,28312137.006,0.2181
1.0000000,183.2530000,-142.3574560,-6.2624200,209.1709440,-0.2055610,-0.0039960,0.0993660,22.6408794,114.0099916,47.2810000,184240.0000000,0.0000000,16138.0000000,16139.0000000,26303584.469,-10473707.698,28312137.130,0.2056
1.0000000,183.3600000,-142.3614400,-6.2663090,209.1696960,-0.2077050,-0.0043720,0.0994110,22.6408793,114.0099916,47.2820000,184347.0000000,0.0000000,16148.0000000,16148.0000000,26303584.458,-10473707.698,28312137.120,0.2078
1.0000000,183.4670000,-142.3567520,-6.2635540,209.1678560,-0.2110080,-0.0038980,0.0994580,22.6408791,114.0099916,47.2840000,184454.0000000,0.0000000,16157.0000000,16157.0000000,26303584.436,-10473707.698,28312137.099,0.2110
1.0000000,183.5740000,-142.3535040,-6.2630060,209.1705120,-0.2142910,-0.0034340,0.0991150,22.6408790,114.0099916,47.2850000,184561.0000000,0.0000000,16166.0000000,16166.0000000,26303584.425,-10473707.698,28312137.089,0.2143
1.0000000,183.6810000,-142.3559680,-6.2656400,209.1716640,-0.2172450,-0.0034680,0.0988040,22.6408789,114.0099916,47.2860000,184668.0000000,0.0000000,16175.0000000,16175.0000000,26303584.414,-10473707.698,28312137.078,0.2173
1.0000000,183.7880000,-142.3567520,-6.2650100,209.1720320,-0.2047500,-0.0031900,0.0978670,22.6408800,114.0099916,47.3020000,184775.0000000,0.0000000,16184.0000000,16184.0000000,26303584.536,-10473707.698,28312137.192,0.2048
1.0000000,183.8950000,-142.3557440,-6.2638620,209.1720480,-0.2070930,-0.0034670,0.0979640,22.6408799,114.0099916,47.3040000,184882.0000000,0.0000000,16193.0000000,16193.0000000,26303584.525,-10473707.698,28312137.182,0.2071
1.0000000,184.0020000,-142.3509760,-6.2591800,209.1704000,-0.2105470,-0.0027770,0.0974940,22.6408797,114.0099916,47.3050000,184989.0000000,0.0000000,16202.0000000,16202.0000000,26303584.503,-10473707.698,28312137.161,0.2106
1.0000000,184.1090000,-142.3539360,-6.2609960,209.1716640,-0.2136210,-0.0023990,0.0970240,22.6408796,114.0099916,47.3060000,185096.0000000,0.0000000,16211.0000000,16211.0000000,26303584.491,-10473707.698,28312137.151,0.2136
1.0000000,184.2160000,-142.3584000,-6.2589700,209.1715040,-0.2015740,-0.0022530,0.0961580,22.6408807,114.0099916,47.3220000,185203.0000000,0.0000000,16220.0000000,16220.0000000,26303584.613,-10473707.698,28312137.264,0.2016
1.0000000,184.3230000,-142.3579040,-6.2592300,209.1716160,-0.2036640,-0.0024630,0.0960300,22.6408805,114.0099916,47.3350000,185310.0000000,0.0000000,16229.0000000,16230.0000000,26303584.591,-10473707.698,28312137.243,0.2037
1.0000000,184.4290000,-142.3552320,-6.2592630,209.1708160,-0.2064650,-0.0021640,0.0962220,22.6408804,114.0099916,47.3240000,185416.0000000,0.0000000,16239.0000000,16239.0000000,26303584.580,-10473707.698,28312137.233,0.2065
1.0000000,184.5350000,-142.3520640,-6.2577680,209.1714400,-0.2097880,-0.0017130,0.0957550,22.6408803,114.0099916,47.3260000,185522.0000000,0.0000000,16248.0000000,16249.0000000,26303584.569,-10473707.698,28312137.223,0.2098
1.0000000,184.6420000,-142.3563360,-6.2610360,209.1716960,-0.2125290,-0.0015610,0.0954880,22.6408801,114.0099916,47.3270000,185629.0000000,0.0000000,16258.0000000,16259.0000000,26303584.547,-10473707.698,28312137.202,0.2125
1.0000000,184.7480000,-142.3584320,-6.2603000,209.1723520,-0.2004720,-0.0016430,0.0946990,22.6408812,114.0099916,47.3430000,185735.0000000,0.0000000,16268.0000000,16268.0000000,26303584.669,-10473707.698,28312137.315,0.2005
1.0000000,184.8520000,-142.3561280,-6.2587380,209.1722080,-0.2028320,-0.0015930,0.0945810,22.6408810,114.0099916,47.3450000,185840.0000000,0.0000000,16277.0000000,16278.0000000,26303584.647,-10473707.698,28312137.295,0.2028
1.0000000,184.9580000,-142.3509120,-6.2548370,209.1710400,-0.2058690,-0.0011970,0.0944320,22.6408809,114.0099916,47.3460000,185946.0000000,0.0000000,16287.0000000,16288.0000000,26303584.636,-10473707.698,28312137.285,0.2059
1.0000000,185.0630000,-142.3483360,-6.2549970,209.1702080,-0.2089990,-0.0007820,0.0939510,22.6408807,114.0099916,47.3470000,186051.0000000,0.0000000,16296.0000000,16297.0000000,26303584.613,-10473707.698,28312137.264,0.2090
1.0000000,185.1690000,-142.3546080,-6.2588120,209.1725600,-0.2118850,-0.0006870,0.0937010,22.6408805,114.0099916,47.3480000,186157.0000000,0.0000000,16306.0000000,16307.0000000,26303584.591,-10473707.698,28312137.243,0.2119
1.0000000,185.2760000,-142.3587040,-6.2585870,209.1738240,-0.1997980,-0.0008290,0.0929340,22.6408816,114.0099916,47.3630000,186264.0000000,0.0000000,16316.0000000,16316.0000000,26303584.713,-10473707.698,28312137.357,0.1998
1.0000000,185.3810000,-142.3591040,-6.2596300,209.1729120,-0.2022340,-0.0006520,0.0930360,22.6408814,114.0099916,47.3640000,186369.0000000,0.0000000,16324.0000000,16325.0000000,26303584.691,-10473707.698,28312137.336,0.2022
1.0000000,185.4870000,-142.3540160,-6.2550390,209.1723200,-0.2051100,-0.0001290,0.0927970,22.6408813,114.0099916,47.3650000,186475.0000000,0.0000000,16333.0000000,16334.0000000,26303584.680,-10473707.698,28312137.326,0.2051
1.0000000,185.5940000,-142.3527840,-6.2553600,209.1733920,-0.2082280,0.0002200,0.0924610,22.6408811,114.0099916,47.3660000,186582.0000000,0.0000000,16342.0000000,16343.0000000,26303584.658,-10473707.698,28312137.305,0.2082
1.0000000,185.6990000,-142.3555680,-6.2542950,209.1752000,-0.1969240,0.0003040,0.0914550,22.6408821,114.0099916,47.3810000,186687.0000000,0.0000000,16351.0000000,16352.0000000,26303584.769,-10473707.698,28312137.408,0.1969
1.0000000,185.8060000,-142.3619680,-6.2584480,209.1756640,-0.1990360,0.0001990,0.0913390,22.6408819,114.0099916,47.3820000,186794.0000000,0.0000000,16360.0000000,16361.0000000,26303584.747,-10473707.698,28312137.388,0.1990
1.0000000,185.9110000,-142.3600160,-6.2572590,209.1753760,-0.2027200,0.0012160,0.0912370,22.6408818,114.0099916,47.3830000,186899.0000000,0.0000000,16369.0000000,16370.0000000,26303584.735,-10473707.698,28312137.377,0.2027
1.0000000,186.0170000,-142.3591680,-6.2568430,209.1743360,-0.2041370,0.0008460,0.0913300,22.6408816,114.0099916,47.3840000,187005.0000000,0.0000000,16378.0000000,16379.0000000,26303584.713,-10473707.698,28312137.357,0.2041
1.0000000,186.1230000,-142.3575680,-6.2561220,209.1751680,-0.2074580,0.0013570,0.0910240,22.6408814,114.0099916,47.3850000,187111.0000000,0.0000000,16387.0000000,16388.0000000,26303584.691,-10473707.698,28312137.336,0.2075
1.0000000,186.2280000,-142.3571360,-6.2534110,209.1745920,-0.1964400,0.0016480,0.0897960,22.6408824,114.0099916,47.4000000,187216.0000000,0.0000000,16396.0000000,16397.0000000,26303584.802,-10473707.698,28312137.439,0.1964
1.0000000,186.3340000,-142.3604320,-6.2548200,209.1737600,-0.1984790,0.0013120,0.0898770,22.6408823,114.0099916,47.4010000,187322.0000000,0.0000000,16405.0000000,16406.0000000,26303584.791,-10473707.698,28312137.429,0.1985
1.0000000,186.4400000,-142.3647040,-6.2584150,209.1745760,-0.2010920,0.0016800,0.0899120,22.6408821,114.0099916,47.4020000,187428.0000000,0.0000000,16415.0000000,16416.0000000,26303584.769,-10473707.698,28312137.408,0.2011
1.0000000,186.5460000,-142.3580000,-6.2549000,209.1749760,-0.2038610,0.0021250,0.0898590,22.6408820,114.0099916,47.4040000,187534.0000000,0.0000000,16425.0000000,16425.0000000,26303584.758,-10473707.698,28312137.398,0.2039
1.0000000,186.6510000,-142.3560160,-6.2516000,209.1753920,-0.2070580,0.0024850,0.0895010,22.6408819,114.0099916,47.4050000,187639.0000000,0.0000000,16434.0000000,16435.0000000,26303584.747,-10473707.698,28312137.388,0.2071
1.0000000,186.7570000,-142.3582880,-6.2503400,209.1792800,-0.1960750,0.0027760,0.0881590,22.6408829,114.0099916,47.4200000,187745.0000000,0.0000000,16444.0000000,16445.0000000,26303584.858,-10473707.698,28312137.491,0.1961
1.0000000,186.8610000,-142.3635840,-6.2541750,209.1799840,-0.1984280,0.0029310,0.0881260,22.6408827,114.0099916,47.4220000,187850.0000000,0.0000000,16453.0000000,16454.0000000,26303584.835,-10473707.698,28312137.470,0.1984
1.0000000,186.9670000,-142.3644800,-6.2561580,209.1803040,-0.2003980,0.0028680,0.0883290,22.6408826,114.0099916,47.4230000,187956.0000000,0.0000000,16463.0000000,16464.0000000,26303584.824,-10473707.698,28312137.460,0.2004
1.0000000,187.0730000,-142.3591360,-6.2534950,209.1793280,-0.2032800,0.0032670,0.0883550,22.6408824,114.0099916,47.4240000,188062.0000000,0.0000000,16473.0000000,16473.0000000,26303584.802,-10473707.698,28312137.439,0.2033
1.0000000,187.1780000,-142.3569600,-6.2532780,209.1803360,-0.2062340,0.0036870,0.0878660,22.6408823,114.0099916,47.4260000,188167.0000000,0.0000000,16482.0000000,16483.0000000,26303584.791,-10473707.698,28312137.429,0.2063
1.0000000,187.2840000,-142.3551840,-6.2515690,209.1822720,-0.1953710,0.0038130,0.0868380,22.6408832,114.0099916,47.4400000,188273.0000000,0.0000000,16491.0000000,16492.0000000,26303584.891,-10473707.698,28312137.522,0.1954
1.0000000,187.3900000,-142.3597760,-6.2559590,209.1813440,-0.1978820,0.0039620,0.0867090,22.6408830,114.0099916,47.4410000,188379.0000000,0.0000000,16500.0000000,16501.0000000,26303584.869,-10473707.698,28312137.501,0.1979
1.0000000,187.4970000,-142.3602720,-6.2562960,209.1798720,-0.2004500,0.0041000,0.0868660,22.6408830,114.0099916,47.4420000,188486.0000000,0.0000000,16509.0000000,16510.0000000,26303584.869,-10473707.698,28312137.501,0.2005
1.0000000,187.6020000,-142.3597120,-6.2569370,209.1823520,-0.2032060,0.0043070,0.0868170,22.6408829,114.0099916,47.4430000,188591.0000000,0.0000000,16518.0000000,16519.0000000,26303584.858,-10473707.698,28312137.491,0.2033
1.0000000,187.7080000,-142.3533760,-6.2511790,209.1854720,-0.1926180,0.0043510,0.0856920,22.6408838,114.0099916,47.4570000,188697.0000000,0.0000000,16527.0000000,16528.0000000,26303584.957,-10473707.698,28312137.583,0.1927
1.0000000,187.8140000,-142.3549760,-6.2512030,209.1868800,-0.1957270,0.0050530,0.0851940,22.6408836,114.0099916,47.4580000,188803.0000000,0.0000000,16536.0000000,16537.0000000,26303584.935,-10473707.698,28312137.563,0.1958
1.0000000,187.9200000,-142.3647520,-6.2573640,209.1980480,-0.1984750,0.0053580,0.0850420,22.6408835,114.0099916,47.4590000,188909.0000000,0.0000000,16545.0000000,16546.0000000,26303584.924,-10473707.698,28312137.553,0.1985
1.0000000,188.0270000,-142.3654560,-6.2574540,209.1984960,-0.2005220,0.0051260,0.0852420,22.6408833,114.0099916,47.4590000,189016.0000000,0.0000000,16554.0000000,16555.0000000,26303584.902,-10473707.698,28312137.532,0.2006
1.0000000,188.1330000,-142.3559040,-6.2510050,209.1967680,-0.2029440,0.0052290,0.0853270,22.6408832,114.0099916,47.4590000,189122.0000000,0.0000000,16563.0000000,16564.0000000,26303584.891,-10473707.698,28312137.522,0.2030
1.0000000,188.2390000,-142.3515200,-6.2458370,209.1971200,-0.1928610,0.0053880,0.0840640,22.6408840,114.0099916,47.4730000,189228.0000000,0.0000000,16572.0000000,16573.0000000,26303584.980,-10473707.698,28312137.604,0.1929
1.0000000,188.3450000,-142.3613440,-6.2517690,209.1987840,-0.1952570,0.0054930,0.0837380,22.6408839,114.0099916,47.4730000,189334.0000000,0.0000000,16582.0000000,16583.0000000,26303584.968,-10473707.698,28312137.594,0.1953
1.0000000,188.4500000,-142.3642080,-6.2540700,209.2002560,-0.1974060,0.0054980,0.0837390,22.6408839,114.0099916,47.4740000,189439.0000000,0.0000000,16591.0000000,16592.0000000,26303584.968,-10473707.698,28312137.594,0.1975
1.0000000,188.5560000,-142.3614400,-6.2512020,209.2007520,-0.1998460,0.0058010,0.0839170,22.6408838,114.0099916,47.4740000,189545.0000000,0.0000000,16601.0000000,16602.0000000,26303584.957,-10473707.698,28312137.583,0.1999
1.0000000,188.6620000,-142.3551360,-6.2474410,209.2008480,-0.2029010,0.0063640,0.0838550,22.6408837,114.0099916,47.4750000,189651.0000000,0.0000000,16611.0000000,16611.0000000,26303584.946,-10473707.698,28312137.573,0.2030
1.0000000,188.7660000,-142.3540320,-6.2431180,209.1999520,-0.1925710,0.0062840,0.0825640,22.6408845,114.0099916,47.4880000,189756.0000000,0.0000000,16620.0000000,16621.0000000,26303585.035,-10473707.698,28312137.656,0.1927
1.0000000,188.8720000,-142.3580640,-6.2476170,209.2028320,-0.1952150,0.0067100,0.0821470,22.6408844,114.0099916,47.4890000,189862.0000000,0.0000000,16630.0000000,16631.0000000,26303585.024,-10473707.698,28312137.645,0.1953
1.0000000,188.9770000,-142.3630400,-6.2516600,209.2043200,-0.1974030,0.0067150,0.0822580,22.6408842,114.0099916,47.4890000,189967.0000000,0.0000000,16639.0000000,16640.0000000,26303585.002,-10473707.698,28312137.625,0.1975
1.0000000,189.0830000,-142.3622560,-6.2504200,209.2039360,-0.1998490,0.0069220,0.0824190,22.6408841,114.0099916,47.4900000,190073.0000000,0.0000000,16649.0000000,16650.0000000,26303584.991,-10473707.698,28312137.614,0.2000
1.0000000,189.1910000,-142.3568800,-6.2448090,209.2032800,-0.2028850,0.0074250,0.0822760,22.6408840,114.0099916,47.4900000,190181.0000000,0.0000000,16658.0000000,16659.0000000,26303584.980,-10473707.698,28312137.604,0.2030
1.0000000,189.2970000,-142.3553280,-6.2410070,209.2033440,-0.1925980,0.0073670,0.0810950,22.6408848,114.0099916,47.5030000,190287.0000000,0.0000000,16667.0000000,16668.0000000,26303585.068,-10473707.698,28312137.687,0.1927
1.0000000,189.5090000,-142.3613920,-6.2464960,209.2065120,-0.1977490,0.0079270,0.0805490,22.6408846,114.0099916,47.5040000,190499.0000000,0.0000000,16686.0000000,16686.0000000,26303585.046,-10473707.698,28312137.666,0.1979
1.0000000,189.6140000,-142.3664320,-6.2509630,209.2071680,-0.1998230,0.0081870,0.0809180,22.6408844,114.0099916,47.5050000,190604.0000000,0.0000000,16694.0000000,16695.0000000,26303585.024,-10473707.698,28312137.645,0.2000
1.0000000,189.7200000,-142.3592000,-6.2473600,209.2072800,-0.2027350,0.0085340,0.0809000,22.6408843,114.0099916,47.5060000,190710.0000000,0.0000000,16703.0000000,16704.0000000,26303585.013,-10473707.698,28312137.635,0.2029
1.0000000,189.8270000,-142.3557440,-6.2487710,209.2071840,-0.2060220,0.0090250,0.0803940,22.6408842,114.0099916,47.5060000,190817.0000000,0.0000000,16712.0000000,16713.0000000,26303585.002,-10473707.698,28312137.625,0.2062
1.0000000,189.9320000,-142.3610720,-6.2540240,209.2075360,-0.2086830,0.0093080,0.0800170,22.6408840,114.0099916,47.5070000,190922.0000000,0.0000000,16721.0000000,16722.0000000,26303584.980,-10473707.698,28312137.604,0.2089
1.0000000,190.0390000,-142.3657760,-6.2569560,209.2076800,-0.2109220,0.0093650,0.0800940,22.6408838,114.0099917,47.5080000,191029.0000000,0.0000000,16730.0000000,16731.0000000,26303584.957,-10473707.707,28312137.587,0.2111
1.0000000,190.1460000,-142.3626880,-6.2556500,209.2071840,-0.2135370,0.0095800,0.0801640,22.6408837,114.0099917,47.5090000,191136.0000000,0.0000000,16739.0000000,16740.0000000,26303584.946,-10473707.707,28312137.577,0.2138
1.0000000,190.2520000,-142.3573440,-6.2551070,209.2104160,-0.2167670,0.0100470,0.0800430,22.6408836,114.0099917,47.5090000,191242.0000000,0.0000000,16749.0000000,16750.0000000,26303584.935,-10473707.707,28312137.566,0.2170
1.0000000,190.3580000,-142.3602400,-6.2577130,209.2132800,-0.2201430,0.0104850,0.0796240,22.6408835,114.0099917,47.5100000,191348.0000000,0.0000000,16759.0000000,16759.0000000,26303584.924,-10473707.707,28312137.556,0.2204
1.0000000,190.4630000,-142.3649600,-6.2628710,209.2149280,-0.2229790,0.0107820,0.0792710,22.6408833,114.0099917,47.5120000,191453.0000000,0.0000000,16768.0000000,16769.0000000,26303584.902,-10473707.707,28312137.535,0.2232
1.0000000,190.5690000,-142.3677440,-6.2653600,209.2139360,-0.2258550,0.0110650,0.0791940,22.6408831,114.0099917,47.5120000,191559.0000000,0.0000000,16778.0000000,16779.0000000,26303584.880,-10473707.707,28312137.515,0.2261
1.0000000,190.6730000,-142.3701600,-6.2683070,209.2151680,-0.2284250,0.0110500,0.0794540,22.6408829,114.0099917,47.5040000,191664.0000000,0.0000000,16787.0000000,16788.0000000,26303584.858,-10473707.707,28312137.494,0.2287
1.0000000,190.7800000,-142.3682880,-6.2665430,209.2147680,-0.2310760,0.0111040,0.0794030,22.6408827,114.0099917,47.5050000,191771.0000000,0.0000000,16797.0000000,16798.0000000,26303584.835,-10473707.707,28312137.473,0.2313
1.0000000,190.8860000,-142.3646880,-6.2667770,209.2149280,-0.2347350,0.0119220,0.0790320,22.6408825,114.0099917,47.5060000,191877.0000000,0.0000000,16807.0000000,16808.0000000,26303584.813,-10473707.707,28312137.453,0.2350
1.0000000,190.9910000,-142.3674080,-6.2691170,209.2170080,-0.2378590,0.0122590,0.0787470,22.6408823,114.0099918,47.5080000,191982.0000000,0.0000000,16816.0000000,16817.0000000,26303584.791,-10473707.716,28312137.436,0.2382
1.0000000,191.0970000,-142.3725280,-6.2729840,209.2180000,-0.2406560,0.0123030,0.0786690,22.6408821,114.0099918,47.5090000,192088.0000000,0.0000000,16826.0000000,16827.0000000,26303584.769,-10473707.716,28312137.415,0.2410
1.0000000,191.2020000,-142.3748480,-6.2747680,209.2196640,-0.2434820,0.0123810,0.0784460,22.6408819,114.0099918,47.5100000,192193.0000000,0.0000000,16835.0000000,16835.0000000,26303584.747,-10473707.716,28312137.394,0.2438
1.0000000,191.3070000,-142.3733600,-6.2732500,209.2188800,-0.2463300,0.0125350,0.0785680,22.6408817,114.0099918,47.5110000,192298.0000000,0.0000000,16843.0000000,16844.0000000,26303584.724,-10473707.716,28312137.374,0.2466
1.0000000,191.4130000,-142.3687680,-6.2718770,209.2183040,-0.2497350,0.0131080,0.0782590,22.6408815,114.0099918,47.5120000,192404.0000000,0.0000000,16852.0000000,16853.0000000,26303584.702,-10473707.716,28312137.353,0.2501
1.0000000,191.5200000,-142.3699200,-6.2745470,209.2198720,-0.2532680,0.0134290,0.0778680,22.6408813,114.0099918,47.5130000,192511.0000000,0.0000000,16861.0000000,16862.0000000,26303584.680,-10473707.716,28312137.333,0.2536
1.0000000,191.6250000,-142.3757440,-6.2796440,209.2204160,-0.2563080,0.0135880,0.0775410,22.6408811,114.0099918,47.5140000,192616.0000000,0.0000000,16870.0000000,16871.0000000,26303584.658,-10473707.716,28312137.312,0.2567
1.0000000,191.7310000,-142.3779040,-6.2820620,209.2205280,-0.2590290,0.0134990,0.0776020,22.6408810,114.0099918,47.5150000,192722.0000000,0.0000000,16879.0000000,16880.0000000,26303584.647,-10473707.716,28312137.302,0.2594
1.0000000,191.8370000,-142.3751840,-6.2796120,209.2208320,-0.2621350,0.0137540,0.0777410,22.6408808,114.0099919,47.5160000,192828.0000000,0.0000000,16888.0000000,16889.0000000,26303584.625,-10473707.725,28312137.284,0.2625
1.0000000,191.9420000,-142.3713280,-6.2768800,209.2210560,-0.2656950,0.0142820,0.0776450,22.6408807,114.0099919,47.5170000,192933.0000000,0.0000000,16897.0000000,16898.0000000,26303584.613,-10473707.725,28312137.274,0.2661
1.0000000,192.0480000,-142.3732160,-6.2786990,209.2217440,-0.2694260,0.0146490,0.0772090,22.6408805,114.0099919,47.5180000,193039.0000000,0.0000000,16906.0000000,16907.0000000,26303584.591,-10473707.725,28312137.254,0.2698
1.0000000,192.1540000,-142.3779360,-6.2821790,209.2231680,-0.2724950,0.0149750,0.0767540,22.6408803,114.0099919,47.5190000,193145.0000000,0.0000000,16916.0000000,16916.0000000,26303584.569,-10473707.725,28312137.233,0.2729
1.0000000,192.2600000,-142.3826560,-6.2855190,209.2250080,-0.2753040,0.0148870,0.0769590,22.6408801,114.0099919,47.5200000,193251.0000000,0.0000000,16925.0000000,16926.0000000,26303584.547,-10473707.725,28312137.212,0.2757
1.0000000,192.3660000,-142.3808480,-6.2826840,209.2251040,-0.2785010,0.0151320,0.0770750,22.6408800,114.0099919,47.5210000,193357.0000000,0.0000000,16935.0000000,16935.0000000,26303584.536,-10473707.725,28312137.202,0.2789
1.0000000,192.4710000,-142.3771520,-6.2791810,209.2250400,-0.2820900,0.0155980,0.0769890,22.6408798,114.0099920,47.5220000,193462.0000000,0.0000000,16944.0000000,16945.0000000,26303584.514,-10473707.734,28312137.185,0.2825
1.0000000,192.5770000,-142.3788800,-6.2811030,209.2251040,-0.2859140,0.0161430,0.0765480,22.6408796,114.0099920,47.5230000,193568.0000000,0.0000000,16954.0000000,16955.0000000,26303584.491,-10473707.734,28312137.164,0.2864
1.0000000,192.6820000,-142.3858240,-6.2854550,209.2265760,-0.2891340,0.0165240,0.0761630,22.6408794,114.0099920,47.5240000,193674.0000000,0.0000000,16964.0000000,16964.0000000,26303584.469,-10473707.734,28312137.144,0.2896
1.0000000,192.7870000,-142.3882720,-6.2881510,209.2277280,-0.2920520,0.0166120,0.0762530,22.6408792,114.0099920,47.5250000,193779.0000000,0.0000000,16973.0000000,16974.0000000,26303584.447,-10473707.734,28312137.123,0.2925
1.0000000,192.8930000,-142.3860160,-6.2878230,209.2287680,-0.2951950,0.0167820,0.0763880,22.6408790,114.0099920,47.5260000,193885.0000000,0.0000000,16983.0000000,16983.0000000,26303584.425,-10473707.734,28312137.102,0.2957
1.0000000,192.9980000,-142.3822880,-6.2860460,209.2291680,-0.2989190,0.0172410,0.0761500,22.6408789,114.0099920,47.5270000,193990.0000000,0.0000000,16992.0000000,16993.0000000,26303584.414,-10473707.734,28312137.092,0.2994
1.0000000,193.1050000,-142.3819040,-6.2870290,209.2306240,-0.3028940,0.0178120,0.0756280,22.6408787,114.0099921,47.5280000,194097.0000000,0.0000000,17002.0000000,17002.0000000,26303584.392,-10473707.744,28312137.075,0.3034
1.0000000,193.2100000,-142.3867360,-6.2916880,209.2321760,-0.3061970,0.0179910,0.0753600,22.6408784,114.0099921,47.5300000,194202.0000000,0.0000000,17010.0000000,17011.0000000,26303584.358,-10473707.744,28312137.044,0.3067
1.0000000,193.3160000,-142.3901120,-6.2951670,209.2339840,-0.3094410,0.0181300,0.0752470,22.6408782,114.0099921,47.5310000,194308.0000000,0.0000000,17019.0000000,17020.0000000,26303584.336,-10473707.744,28312137.023,0.3100
1.0000000,193.4230000,-142.3899200,-6.2951770,209.2351200,-0.3126430,0.0183210,0.0754380,22.6408780,114.0099921,47.5320000,194415.0000000,0.0000000,17028.0000000,17029.0000000,26303584.314,-10473707.744,28312137.003,0.3132
1.0000000,193.5280000,-142.3865120,-6.2943540,209.2336160,-0.3164580,0.0187400,0.0752090,22.6408777,114.0099921,47.5330000,194520.0000000,0.0000000,17037.0000000,17038.0000000,26303584.281,-10473707.744,28312136.972,0.3170
1.0000000,193.6340000,-142.3840320,-6.2936620,209.2344960,-0.3205540,0.0192450,0.0750480,22.6408775,114.0099922,47.5340000,194626.0000000,0.0000000,17046.0000000,17047.0000000,26303584.258,-10473707.753,28312136.955,0.3211
1.0000000,193.7400000,-142.3876320,-6.2963930,209.2352000,-0.3241950,0.0196240,0.0746550,22.6408772,114.0099922,47.5350000,194732.0000000,0.0000000,17055.0000000,17056.0000000,26303584.225,-10473707.753,28312136.924,0.3248
1.0000000,193.8450000,-142.3908000,-6.2993240,209.2349760,-0.3276860,0.0197470,0.0745860,22.6408769,114.0099922,47.5360000,194837.0000000,0.0000000,17064.0000000,17065.0000000,26303584.192,-10473707.753,28312136.893,0.3283
1.0000000,193.9520000,-142.3924320,-6.3014600,209.2354880,-0.3310290,0.0199330,0.0744590,22.6408766,114.0099922,47.5370000,194944.0000000,0.0000000,17073.0000000,17074.0000000,26303584.159,-10473707.753,28312136.862,0.3316
1.0000000,194.0570000,-142.3884640,-6.2997340,209.2356640,-0.3347110,0.0202230,0.0745180,22.6408763,114.0099922,47.5380000,195049.0000000,0.0000000,17082.0000000,17083.0000000,26303584.125,-10473707.753,28312136.831,0.3353
1.0000000,194.1630000,-142.3855520,-6.2978650,209.2349280,-0.3387610,0.0207690,0.0741090,22.6408760,114.0099923,47.5390000,195155.0000000,0.0000000,17092.0000000,17093.0000000,26303584.092,-10473707.762,28312136.803,0.3394
1.0000000,194.2690000,-142.3878720,-6.3017550,209.2361280,-0.3427150,0.0209990,0.0737850,22.6408757,114.0099923,47.5390000,195261.0000000,0.0000000,17102.0000000,17102.0000000,26303584.059,-10473707.762,28312136.772,0.3434
1.0000000,194.3740000,-142.3920960,-6.3072200,209.2361280,-0.3463990,0.0211180,0.0734440,22.6408754,114.0099923,47.5400000,195366.0000000,0.0000000,17111.0000000,17112.0000000,26303584.026,-10473707.762,28312136.742,0.3470
1.0000000,194.4790000,-142.3962240,-6.3097780,209.2371680,-0.3497930,0.0211680,0.0735990,22.6408752,114.0099923,47.5410000,195472.0000000,0.0000000,17121.0000000,17121.0000000,26303584.003,-10473707.762,28312136.721,0.3504
1.0000000,194.5840000,-142.3944800,-6.3073100,209.2359680,-0.3533660,0.0214040,0.0736940,22.6408749,114.0099923,47.5420000,195577.0000000,0.0000000,17130.0000000,17131.0000000,26303583.970,-10473707.762,28312136.690,0.3540
1.0000000,194.6900000,-142.3884640,-6.3036110,209.2352000,-0.3577290,0.0219020,0.0735760,22.6408746,114.0099924,47.5420000,195683.0000000,0.0000000,17140.0000000,17141.0000000,26303583.937,-10473707.771,28312136.662,0.3584
1.0000000,194.9020000,-142.3876800,-6.2982670,209.2375200,-0.3223950,0.0198310,0.0720500,22.6408770,114.0099922,47.5560000,195895.0000000,0.0000000,17159.0000000,17160.0000000,26303584.203,-10473707.753,28312136.903,0.3230
1.0000000,195.0070000,-142.3901280,-6.2985040,209.2382080,-0.3255830,0.0199110,0.0721020,22.6408767,114.0099922,47.5570000,196000.0000000,0.0000000,17168.0000000,17168.0000000,26303584.170,-10473707.753,28312136.872,0.3262
1.0000000,195.1130000,-142.3883200,-6.2966070,209.2388480,-0.3288800,0.0200210,0.0722530,22.6408765,114.0099923,47.5580000,196106.0000000,0.0000000,17177.0000000,17177.0000000,26303584.148,-10473707.762,28312136.855,0.3295
1.0000000,195.2190000,-142.3754560,-6.2822350,209.2349760,-0.2953360,0.0180870,0.0714400,22.6408788,114.0099921,47.5700000,196212.0000000,0.0000000,17186.0000000,17186.0000000,26303584.403,-10473707.744,28312137.085,0.2959
1.0000000,195.3240000,-142.3768800,-6.2840820,209.2359680,-0.2990190,0.0185980,0.0709350,22.6408785,114.0099921,47.5700000,196317.0000000,0.0000000,17194.0000000,17195.0000000,26303584.369,-10473707.744,28312137.054,0.2996
1.0000000,195.4300000,-142.3810560,-6.2877100,209.2374880,-0.3024850,0.0189090,0.0707710,22.6408783,114.0099922,47.5710000,196423.0000000,0.0000000,17203.0000000,17204.0000000,26303584.347,-10473707.753,28312137.037,0.3031
1.0000000,195.5360000,-142.3834880,-6.2896370,209.2379680,-0.3055740,0.0189550,0.0706670,22.6408780,114.0099922,47.5720000,196529.0000000,0.0000000,17212.0000000,17213.0000000,26303584.314,-10473707.753,28312137.006,0.3062
1.0000000,195.6420000,-142.3839520,-6.2883460,209.2379040,-0.3087140,0.0190350,0.0708530,22.6408778,114.0099922,47.5720000,196635.0000000,0.0000000,17221.0000000,17222.0000000,26303584.292,-10473707.753,28312136.985,0.3093
1.0000000,195.7490000,-142.3727840,-6.2747610,209.2351840,-0.2790320,0.0173060,0.0701360,22.6408798,114.0099921,47.5840000,196742.0000000,0.0000000,17230.0000000,17231.0000000,26303584.514,-10473707.744,28312137.188,0.2796
1.0000000,195.8550000,-142.3751520,-6.2765880,209.2365920,-0.2827210,0.0177740,0.0696600,22.6408796,114.0099921,47.5850000,196848.0000000,0.0000000,17240.0000000,17241.0000000,26303584.491,-10473707.744,28312137.168,0.2833
1.0000000,195.9610000,-142.3789120,-6.2815360,209.2369920,-0.2859580,0.0181700,0.0695730,22.6408794,114.0099921,47.5780000,196954.0000000,0.0000000,17250.0000000,17250.0000000,26303584.469,-10473707.744,28312137.147,0.2865
1.0000000,196.0670000,-142.3828000,-6.2848450,209.2387680,-0.2887850,0.0181820,0.0696920,22.6408792,114.0099921,47.5790000,197060.0000000,0.0000000,17259.0000000,17260.0000000,26303584.447,-10473707.744,28312137.126,0.2894
1.0000000,196.1740000,-142.3802560,-6.2821220,209.2388320,-0.2920910,0.0183970,0.0698180,22.6408790,114.0099922,47.5800000,197167.0000000,0.0000000,17269.0000000,17270.0000000,26303584.425,-10473707.753,28312137.109,0.2927
1.0000000,196.2790000,-142.3714400,-6.2709750,209.2370880,-0.2656710,0.0171030,0.0689560,22.6408808,114.0099920,47.5920000,197273.0000000,0.0000000,17279.0000000,17279.0000000,26303584.625,-10473707.734,28312137.288,0.2662
1.0000000,196.3850000,-142.3735520,-6.2746000,209.2379040,-0.2691140,0.0173690,0.0684880,22.6408806,114.0099921,47.5930000,197379.0000000,0.0000000,17288.0000000,17289.0000000,26303584.602,-10473707.744,28312137.271,0.2697
1.0000000,196.4920000,-142.3796160,-6.2812500,209.2402880,-0.2721300,0.0175140,0.0682770,22.6408804,114.0099921,47.5940000,197486.0000000,0.0000000,17298.0000000,17299.0000000,26303584.580,-10473707.744,28312137.250,0.2727
1.0000000,196.5980000,-142.3806080,-6.2825110,209.2409920,-0.2750380,0.0175800,0.0681850,22.6408801,114.0099921,47.5950000,197592.0000000,0.0000000,17308.0000000,17308.0000000,26303584.547,-10473707.744,28312137.219,0.2756
1.0000000,196.7050000,-142.3692160,-6.2708720,209.2399360,-0.2511650,0.0161760,0.0675010,22.6408818,114.0099920,47.6070000,197699.0000000,0.0000000,17317.0000000,17317.0000000,26303584.735,-10473707.734,28312137.391,0.2517
1.0000000,196.8110000,-142.3690720,-6.2706100,209.2405920,-0.2546870,0.0167630,0.0672500,22.6408815,114.0099920,47.6080000,197805.0000000,0.0000000,17326.0000000,17326.0000000,26303584.702,-10473707.734,28312137.360,0.2552
1.0000000,196.9160000,-142.3717440,-6.2743440,209.2404320,-0.2577830,0.0171220,0.0668920,22.6408813,114.0099920,47.6090000,197910.0000000,0.0000000,17334.0000000,17335.0000000,26303584.680,-10473707.734,28312137.339,0.2584
1.0000000,197.0220000,-142.3779840,-6.2780300,209.2410400,-0.2606040,0.0171590,0.0669100,22.6408810,114.0099920,47.6100000,198016.0000000,0.0000000,17343.0000000,17344.0000000,26303584.647,-10473707.734,28312137.308,0.2612
1.0000000,197.1290000,-142.3760640,-6.2778530,209.2403360,-0.2634920,0.0171570,0.0669470,22.6408808,114.0099921,47.6110000,198123.0000000,0.0000000,17352.0000000,17353.0000000,26303584.625,-10473707.744,28312137.291,0.2640
1.0000000,197.2350000,-142.3673120,-6.2681250,209.2386400,-0.2417440,0.0159220,0.0661620,22.6408823,114.0099920,47.6230000,198229.0000000,0.0000000,17361.0000000,17362.0000000,26303584.791,-10473707.734,28312137.442,0.2423
1.0000000,197.3400000,-142.3663040,-6.2662890,209.2382400,-0.2450690,0.0163370,0.0659870,22.6408821,114.0099920,47.6240000,198334.0000000,0.0000000,17370.0000000,17371.0000000,26303584.769,-10473707.734,28312137.422,0.2456
1.0000000,197.4460000,-142.3706720,-6.2706050,209.2391040,-0.2481840,0.0167860,0.0655110,22.6408819,114.0099920,47.6250000,198440.0000000,0.0000000,17379.0000000,17380.0000000,26303584.747,-10473707.734,28312137.401,0.2488
1.0000000,197.5530000,-142.3732000,-6.2743970,209.2383520,-0.2509260,0.0167010,0.0655470,22.6408816,114.0099920,47.6260000,198547.0000000,0.0000000,17389.0000000,17389.0000000,26303584.713,-10473707.734,28312137.370,0.2515
1.0000000,197.6580000,-142.3724320,-6.2735510,209.2368320,-0.2538260,0.0166520,0.0656030,22.6408813,114.0099920,47.6270000,198652.0000000,0.0000000,17398.0000000,17399.0000000,26303584.680,-10473707.734,28312137.339,0.2544
1.0000000,197.7640000,-142.3654880,-6.2626420,209.2343040,-0.2336790,0.0154950,0.0648320,22.6408827,114.0099919,47.6390000,198758.0000000,0.0000000,17408.0000000,17409.0000000,26303584.835,-10473707.725,28312137.480,0.2342
1.0000000,197.8700000,-142.3650880,-6.2616130,209.2340320,-0.2370300,0.0159630,0.0646030,22.6408826,114.0099919,47.6400000,198864.0000000,0.0000000,17418.0000000,17418.0000000,26303584.824,-10473707.725,28312137.470,0.2376
1.0000000,197.9740000,-142.3674240,-6.2646430,209.2352160,-0.2400340,0.0161920,0.0642450,22.6408824,114.0099920,47.6410000,198969.0000000,0.0000000,17427.0000000,17428.0000000,26303584.802,-10473707.734,28312137.453,0.2406
1.0000000,198.0800000,-142.3717120,-6.2681270,209.2352000,-0.2427930,0.0161740,0.0641900,22.6408822,114.0099920,47.6420000,199075.0000000,0.0000000,17437.0000000,17437.0000000,26303584.780,-10473707.734,28312137.432,0.2433
1.0000000,198.1850000,-142.3735840,-6.2700860,209.2348160,-0.2455660,0.0162600,0.0639380,22.6408820,114.0099920,47.6440000,199180.0000000,0.0000000,17446.0000000,17447.0000000,26303584.758,-10473707.734,28312137.412,0.2461
1.0000000,198.2910000,-142.3660320,-6.2623870,209.2333600,-0.2267000,0.0151700,0.0635110,22.6408833,114.0099919,47.6560000,199286.0000000,0.0000000,17456.0000000,17457.0000000,26303584.902,-10473707.725,28312137.542,0.2272
1.0000000,198.3960000,-142.3626240,-6.2601130,209.2323840,-0.2299120,0.0156440,0.0633910,22.6408831,114.0099919,47.6580000,199391.0000000,0.0000000,17465.0000000,17466.0000000,26303584.880,-10473707.725,28312137.522,0.2304
1.0000000,198.5010000,-142.3644160,-6.2602330,209.2314080,-0.2332130,0.0159130,0.0629980,22.6408828,114.0099919,47.6590000,199496.0000000,0.0000000,17474.0000000,17475.0000000,26303584.846,-10473707.725,28312137.491,0.2338
1.0000000,198.6060000,-142.3690560,-6.2654380,209.2311680,-0.2359710,0.0161760,0.0627490,22.6408826,114.0099919,47.6610000,199601.0000000,0.0000000,17483.0000000,17483.0000000,26303584.824,-10473707.725,28312137.470,0.2365
1.0000000,198.7120000,-142.3672800,-6.2625870,209.2294880,-0.2180440,0.0149300,0.0621940,22.6408837,114.0099919,47.6730000,199707.0000000,0.0000000,17492.0000000,17492.0000000,26303584.946,-10473707.725,28312137.583,0.2186
1.0000000,198.8170000,-142.3674080,-6.2623570,209.2263520,-0.2206660,0.0150010,0.0622320,22.6408834,114.0099919,47.6740000,199812.0000000,0.0000000,17500.0000000,17501.0000000,26303584.913,-10473707.725,28312137.552,0.2212
1.0000000,198.9230000,-142.3640800,-6.2594740,209.2231040,-0.2236510,0.0153510,0.0620080,22.6408831,114.0099919,47.6760000,199918.0000000,0.0000000,17509.0000000,17510.0000000,26303584.880,-10473707.725,28312137.522,0.2242
1.0000000,199.0300000,-142.3620800,-6.2592380,209.2217600,-0.2269640,0.0158370,0.0616480,22.6408829,114.0099919,47.6780000,200025.0000000,0.0000000,17518.0000000,17519.0000000,26303584.858,-10473707.725,28312137.501,0.2275
1.0000000,199.1360000,-142.3671520,-6.2635180,209.2222400,-0.2298100,0.0159680,0.0613100,22.6408827,114.0099919,47.6790000,200131.0000000,0.0000000,17527.0000000,17528.0000000,26303584.835,-10473707.725,28312137.480,0.2304
1.0000000,199.2430000,-142.3683680,-6.2593820,209.2232320,-0.2129580,0.0148510,0.0607140,22.6408839,114.0099918,47.6910000,200238.0000000,0.0000000,17537.0000000,17537.0000000,26303584.968,-10473707.716,28312137.601,0.2135
1.0000000,199.3480000,-142.3673120,-6.2589740,209.2220960,-0.2155040,0.0150330,0.0608530,22.6408836,114.0099919,47.6930000,200343.0000000,0.0000000,17546.0000000,17547.0000000,26303584.935,-10473707.725,28312137.573,0.2160
1.0000000,199.4540000,-142.3636640,-6.2570460,209.2201760,-0.2185830,0.0153890,0.0607590,22.6408834,114.0099919,47.6940000,200449.0000000,0.0000000,17556.0000000,17557.0000000,26303584.913,-10473707.725,28312137.552,0.2191
1.0000000,199.5590000,-142.3634880,-6.2577380,209.2199040,-0.2217000,0.0157880,0.0604720,22.6408832,114.0099919,47.6960000,200554.0000000,0.0000000,17565.0000000,17566.0000000,26303584.891,-10473707.725,28312137.532,0.2223
1.0000000,199.6650000,-142.3664640,-6.2620440,209.2208000,-0.2245430,0.0161610,0.0600670,22.6408830,114.0099919,47.6980000,200660.0000000,0.0000000,17575.0000000,17576.0000000,26303584.869,-10473707.725,28312137.511,0.2251
1.0000000,199.7700000,-142.3664800,-6.2598530,209.2210880,-0.2087370,0.0150420,0.0595740,22.6408841,114.0099918,47.7090000,200766.0000000,0.0000000,17585.0000000,17585.0000000,26303584.991,-10473707.716,28312137.621,0.2093
1.0000000,199.8750000,-142.3675200,-6.2584180,209.2191200,-0.2112480,0.0150960,0.0594390,22.6408839,114.0099918,47.7100000,200871.0000000,0.0000000,17594.0000000,17595.0000000,26303584.968,-10473707.716,28312137.601,0.2118
1.0000000,199.9810000,-142.3634400,-6.2569890,209.2182400,-0.2140300,0.0153760,0.0595050,22.6408837,114.0099919,47.7120000,200977.0000000,0.0000000,17604.0000000,17605.0000000,26303584.946,-10473707.725,28312137.583,0.2146
1.0000000,200.0860000,-142.3621920,-6.2565010,209.2167520,-0.2170750,0.0159120,0.0591800,22.6408834,114.0099919,47.7140000,201082.0000000,0.0000000,17613.0000000,17614.0000000,26303584.913,-10473707.725,28312137.552,0.2177
1.0000000,200.1920000,-142.3650240,-6.2585390,209.2167200,-0.2201420,0.0161920,0.0589170,22.6408832,114.0099919,47.7160000,201188.0000000,0.0000000,17622.0000000,17623.0000000,26303584.891,-10473707.725,28312137.532,0.2207
1.0000000,200.2980000,-142.3645280,-6.2571430,209.2152160,-0.2052310,0.0149690,0.0581830,22.6408842,114.0099918,47.7260000,201294.0000000,0.0000000,17632.0000000,17632.0000000,26303585.002,-10473707.716,28312137.631,0.2058
1.0000000,200.4030000,-142.3662720,-6.2598760,209.2137120,-0.2076510,0.0150730,0.0580500,22.6408839,114.0099918,47.7270000,201399.0000000,0.0000000,17641.0000000,17641.0000000,26303584.968,-10473707.716,28312137.601,0.2082
1.0000000,200.5080000,-142.3638880,-6.2589420,209.2144160,-0.2102500,0.0152690,0.0582540,22.6408837,114.0099918,47.7290000,201504.0000000,0.0000000,17649.0000000,17650.0000000,26303584.946,-10473707.716,28312137.580,0.2108
1.0000000,200.6140000,-142.3605920,-6.2578600,209.2133440,-0.2134120,0.0156650,0.0582030,22.6408834,114.0099919,47.7300000,201610.0000000,0.0000000,17658.0000000,17659.0000000,26303584.913,-10473707.725,28312137.552,0.2140
1.0000000,200.7200000,-142.3594240,-6.2565770,209.2126880,-0.1998110,0.0147830,0.0572610,22.6408843,114.0099918,47.7400000,201716.0000000,0.0000000,17667.0000000,17668.0000000,26303585.013,-10473707.716,28312137.642,0.2004
1.0000000,200.8260000,-142.3633120,-6.2605740,209.2108160,-0.2024230,0.0150110,0.0568980,22.6408841,114.0099918,47.7420000,201822.0000000,0.0000000,17676.0000000,17677.0000000,26303584.991,-10473707.716,28312137.621,0.2030
1.0000000,200.9320000,-142.3657120,-6.2620490,209.2091040,-0.2050230,0.0150760,0.0570730,22.6408839,114.0099918,47.7430000,201928.0000000,0.0000000,17685.0000000,17686.0000000,26303584.968,-10473707.716,28312137.601,0.2056
1.0000000,201.0390000,-142.3646240,-6.2619800,209.2079040,-0.2078410,0.0153060,0.0573270,22.6408837,114.0099918,47.7430000,202035.0000000,0.0000000,17694.0000000,17695.0000000,26303584.946,-10473707.716,28312137.580,0.2084
1.0000000,201.1450000,-142.3608320,-6.2601640,209.2064000,-0.2108820,0.0157740,0.0571250,22.6408834,114.0099918,47.7450000,202141.0000000,0.0000000,17704.0000000,17705.0000000,26303584.913,-10473707.716,28312137.549,0.2115
1.0000000,201.2510000,-142.3621760,-6.2578250,209.2056160,-0.1977160,0.0149080,0.0565690,22.6408843,114.0099918,47.7480000,202247.0000000,0.0000000,17714.0000000,17714.0000000,26303585.013,-10473707.716,28312137.642,0.1983
1.0000000,201.3570000,-142.3669440,-6.2621070,209.2045280,-0.2004920,0.0150580,0.0563410,22.6408840,114.0099918,47.7490000,202353.0000000,0.0000000,17723.0000000,17724.0000000,26303584.980,-10473707.716,28312137.611,0.2011
1.0000000,201.4640000,-142.3684640,-6.2622840,209.2028960,-0.2029840,0.0150440,0.0562700,22.6408838,114.0099918,47.7500000,202460.0000000,0.0000000,17733.0000000,17734.0000000,26303584.957,-10473707.716,28312137.590,0.2035
1.0000000,201.5690000,-142.3633120,-6.2603790,209.2036160,-0.2059330,0.0153880,0.0563310,22.6408836,114.0099918,47.7510000,202566.0000000,0.0000000,17743.0000000,17743.0000000,26303584.935,-10473707.716,28312137.570,0.2065
1.0000000,201.6740000,-142.3619680,-6.2598760,209.2043680,-0.2090050,0.0157930,0.0561280,22.6408834,114.0099918,47.7520000,202671.0000000,0.0000000,17752.0000000,17753.0000000,26303584.913,-10473707.716,28312137.549,0.2096
1.0000000,201.7800000,-142.3607040,-6.2563220,209.2038400,-0.1962840,0.0149480,0.0555100,22.6408843,114.0099918,47.7610000,202777.0000000,0.0000000,17762.0000000,17763.0000000,26303585.013,-10473707.716,28312137.642,0.1969
1.0000000,201.8860000,-142.3660000,-6.2608110,209.2029920,-0.1988130,0.0149840,0.0553190,22.6408841,114.0099918,47.7620000,202883.0000000,0.0000000,17771.0000000,17772.0000000,26303584.991,-10473707.716,28312137.621,0.1994
1.0000000,201.9930000,-142.3675200,-6.2612890,209.2023840,-0.2012320,0.0149740,0.0554190,22.6408839,114.0099918,47.7630000,202990.0000000,0.0000000,17780.0000000,17781.0000000,26303584.968,-10473707.716,28312137.601,0.2018
1.0000000,202.0980000,-142.3653760,-6.2590020,209.2006080,-0.2041580,0.0153330,0.0555000,22.6408837,114.0099918,47.7640000,203095.0000000,0.0000000,17789.0000000,17790.0000000,26303584.946,-10473707.716,28312137.580,0.2047
1.0000000,202.2030000,-142.3625440,-6.2579510,209.2017920,-0.2073870,0.0159360,0.0552230,22.6408836,114.0099918,47.7640000,203200.0000000,0.0000000,17798.0000000,17798.0000000,26303584.935,-10473707.716,28312137.570,0.2080
1.0000000,202.3090000,-142.3636960,-6.2570370,209.2018400,-0.1949390,0.0149970,0.0544490,22.6408845,114.0099918,47.7730000,203306.0000000,0.0000000,17807.0000000,17807.0000000,26303585.035,-10473707.716,28312137.662,0.1955
1.0000000,202.4140000,-142.3670080,-6.2611950,209.2029280,-0.1975400,0.0152300,0.0540960,22.6408843,114.0099918,47.7740000,203411.0000000,0.0000000,17815.0000000,17816.0000000,26303585.013,-10473707.716,28312137.642,0.1981
1.0000000,202.5200000,-142.3701760,-6.2626080,209.2010080,-0.2000890,0.0152920,0.0542670,22.6408842,114.0099918,47.7750000,203517.0000000,0.0000000,17824.0000000,17825.0000000,26303585.002,-10473707.716,28312137.631,0.2007
1.0000000,202.6270000,-142.3670880,-6.2615360,209.2001920,-0.2028870,0.0154900,0.0544370,22.6408840,114.0099918,47.7760000,203624.0000000,0.0000000,17833.0000000,17834.0000000,26303584.980,-10473707.716,28312137.611,0.2035
1.0000000,202.7340000,-142.3609920,-6.2548070,209.1991680,-0.1911090,0.0149120,0.0536330,22.6408848,114.0099917,47.7850000,203731.0000000,0.0000000,17843.0000000,17843.0000000,26303585.068,-10473707.707,28312137.690,0.1917
1.0000000,202.8390000,-142.3639360,-6.2577320,209.2001280,-0.1941100,0.0152700,0.0534140,22.6408847,114.0099918,47.7860000,203836.0000000,0.0000000,17852.0000000,17853.0000000,26303585.057,-10473707.716,28312137.683,0.1947
1.0000000,202.9450000,-142.3689440,-6.2610120,209.1999680,-0.1967470,0.0153560,0.0532160,22.6408845,114.0099918,47.7870000,203942.0000000,0.0000000,17862.0000000,17862.0000000,26303585.035,-10473707.716,28312137.662,0.1973
1.0000000,203.0500000,-142.3706080,-6.2615310,209.1975520,-0.1992460,0.0155140,0.0531810,22.6408844,114.0099918,47.7870000,204047.0000000,0.0000000,17871.0000000,17872.0000000,26303585.024,-10473707.716,28312137.652,0.1998
1.0000000,203.1560000,-142.3671040,-6.2590810,209.1957120,-0.2019120,0.0158200,0.0532300,22.6408842,114.0099918,47.7880000,204153.0000000,0.0000000,17881.0000000,17882.0000000,26303585.002,-10473707.716,28312137.631,0.2025
1.0000000,203.2610000,-142.3613280,-6.2538620,209.1949760,-0.1903910,0.0151600,0.0525210,22.6408850,114.0099917,47.7970000,204259.0000000,0.0000000,17891.0000000,17891.0000000,26303585.090,-10473707.707,28312137.711,0.1910
1.0000000,203.3660000,-142.3626560,-6.2565860,209.1951680,-0.1935180,0.0153970,0.0522620,22.6408849,114.0099918,47.7980000,204364.0000000,0.0000000,17900.0000000,17901.0000000,26303585.079,-10473707.716,28312137.704,0.1941
1.0000000,203.4720000,-142.3690080,-6.2600530,209.1948320,-0.1962310,0.0157180,0.0519230,22.6408847,114.0099918,47.7990000,204470.0000000,0.0000000,17910.0000000,17910.0000000,26303585.057,-10473707.716,28312137.683,0.1969
1.0000000,203.5770000,-142.3718880,-6.2602590,209.1943200,-0.1986560,0.0158960,0.0520810,22.6408846,114.0099918,47.8000000,204575.0000000,0.0000000,17919.0000000,17920.0000000,26303585.046,-10473707.716,28312137.673,0.1993
1.0000000,203.6820000,-142.3697440,-6.2597020,209.1927040,-0.2012790,0.0160900,0.0522090,22.6408845,114.0099918,47.8010000,204680.0000000,0.0000000,17928.0000000,17929.0000000,26303585.035,-10473707.716,28312137.662,0.2019
1.0000000,203.7870000,-142.3635680,-6.2537500,209.1907680,-0.1898660,0.0152850,0.0516590,22.6408853,114.0099917,47.8100000,204785.0000000,0.0000000,17937.0000000,17937.0000000,26303585.124,-10473707.707,28312137.741,0.1905
1.0000000,203.8920000,-142.3609120,-6.2531500,209.1915360,-0.1929450,0.0157100,0.0514120,22.6408852,114.0099918,47.8110000,204890.0000000,0.0000000,17945.0000000,17946.0000000,26303585.113,-10473707.716,28312137.735,0.1936
1.0000000,203.9980000,-142.3647840,-6.2560590,209.1915680,-0.1957310,0.0160990,0.0510180,22.6408851,114.0099918,47.8120000,204996.0000000,0.0000000,17954.0000000,17955.0000000,26303585.102,-10473707.716,28312137.724,0.1964
1.0000000,204.1050000,-142.3692160,-6.2596050,209.1942720,-0.1981940,0.0162010,0.0510780,22.6408850,114.0099918,47.8130000,205103.0000000,0.0000000,17963.0000000,17964.0000000,26303585.090,-10473707.716,28312137.714,0.1989
1.0000000,204.2100000,-142.3689280,-6.2594000,209.1948320,-0.2007670,0.0162260,0.0511450,22.6408848,114.0099918,47.8140000,205208.0000000,0.0000000,17972.0000000,17973.0000000,26303585.068,-10473707.716,28312137.693,0.2014
1.0000000,204.3180000,-142.3606880,-6.2508180,209.1954880,-0.1896040,0.0155390,0.0506890,22.6408857,114.0099917,47.8230000,205316.0000000,0.0000000,17981.0000000,17982.0000000,26303585.168,-10473707.707,28312137.783,0.1902
1.0000000,204.4250000,-142.3617120,-6.2522520,209.1980160,-0.1927610,0.0160030,0.0502910,22.6408857,114.0099918,47.8240000,205423.0000000,0.0000000,17991.0000000,17991.0000000,26303585.168,-10473707.716,28312137.786,0.1934
1.0000000,204.5300000,-142.3661120,-6.2579210,209.2007360,-0.1953830,0.0163520,0.0498090,22.6408856,114.0099918,47.8250000,205528.0000000,0.0000000,18000.0000000,18001.0000000,26303585.157,-10473707.716,28312137.776,0.1961
1.0000000,204.6360000,-142.3694880,-6.2597920,209.2013440,-0.1977880,0.0163990,0.0500100,22.6408856,114.0099918,47.8270000,205634.0000000,0.0000000,18010.0000000,18011.0000000,26303585.157,-10473707.716,28312137.776,0.1985
1.0000000,204.7410000,-142.3635360,-6.2544230,209.2032320,-0.1863740,0.0155320,0.0497830,22.6408864,114.0099917,47.8350000,205739.0000000,0.0000000,18019.0000000,18020.0000000,26303585.246,-10473707.707,28312137.855,0.1870
1.0000000,204.8470000,-142.3578080,-6.2543470,209.2043840,-0.1894540,0.0159120,0.0497670,22.6408863,114.0099917,47.8360000,205845.0000000,0.0000000,18029.0000000,18030.0000000,26303585.235,-10473707.707,28312137.845,0.1901
1.0000000,204.9520000,-142.3596480,-6.2564280,209.2068160,-0.1926360,0.0161780,0.0491950,22.6408862,114.0099918,47.8370000,205951.0000000,0.0000000,18039.0000000,18039.0000000,26303585.224,-10473707.716,28312137.838,0.1933
1.0000000,205.0570000,-142.3646400,-6.2600410,209.2086080,-0.1953190,0.0164300,0.0489720,22.6408861,114.0099918,47.8390000,206056.0000000,0.0000000,18048.0000000,18049.0000000,26303585.213,-10473707.716,28312137.827,0.1960
1.0000000,205.1630000,-142.3674720,-6.2630030,209.2096000,-0.1978040,0.0165030,0.0489420,22.6408860,114.0099918,47.8400000,206162.0000000,0.0000000,18058.0000000,18059.0000000,26303585.201,-10473707.716,28312137.817,0.1985
1.0000000,205.2690000,-142.3634720,-6.2575720,209.2106400,-0.1864450,0.0154400,0.0486970,22.6408869,114.0099917,47.8490000,206268.0000000,0.0000000,18067.0000000,18068.0000000,26303585.301,-10473707.707,28312137.906,0.1871
1.0000000,205.3740000,-142.3605760,-6.2556760,209.2109760,-0.1894200,0.0157400,0.0485610,22.6408868,114.0099917,47.8500000,206373.0000000,0.0000000,18076.0000000,18077.0000000,26303585.290,-10473707.707,28312137.896,0.1901
1.0000000,205.4800000,-142.3583200,-6.2544410,209.2100000,-0.1926340,0.0162150,0.0482600,22.6408867,114.0099918,47.8510000,206479.0000000,0.0000000,18085.0000000,18086.0000000,26303585.279,-10473707.716,28312137.889,0.1933
1.0000000,205.5860000,-142.3621600,-6.2586920,209.2105600,-0.1954610,0.0164740,0.0479860,22.6408865,114.0099918,47.8520000,206585.0000000,0.0000000,18094.0000000,18095.0000000,26303585.257,-10473707.716,28312137.869,0.1962
1.0000000,205.6930000,-142.3656160,-6.2619530,209.2117280,-0.1978470,0.0164990,0.0478780,22.6408864,114.0099918,47.8530000,206692.0000000,0.0000000,18103.0000000,18104.0000000,26303585.246,-10473707.716,28312137.858,0.1985
1.0000000,205.8000000,-142.3601760,-6.2556820,209.2108160,-0.1866000,0.0153910,0.0475860,22.6408872,114.0099917,47.8620000,206799.0000000,0.0000000,18112.0000000,18113.0000000,26303585.335,-10473707.707,28312137.937,0.1872
1.0000000,205.9060000,-142.3561440,-6.2537980,209.2110080,-0.1896980,0.0157340,0.0474490,22.6408871,114.0099918,47.8630000,206905.0000000,0.0000000,18121.0000000,18122.0000000,26303585.323,-10473707.716,28312137.930,0.1903
1.0000000,206.0110000,-142.3585280,-6.2582020,209.2140640,-0.1928220,0.0160730,0.0470090,22.6408870,114.0099918,47.8650000,207010.0000000,0.0000000,18130.0000000,18131.0000000,26303585.312,-10473707.716,28312137.920,0.1935
1.0000000,206.1170000,-142.3646880,-6.2613980,209.2132320,-0.1953830,0.0163390,0.0467230,22.6408868,114.0099918,47.8660000,207116.0000000,0.0000000,18139.0000000,18139.0000000,26303585.290,-10473707.716,28312137.899,0.1961
1.0000000,206.2240000,-142.3643840,-6.2605830,209.2137440,-0.1843020,0.0152030,0.0464680,22.6408875,114.0099917,47.8750000,207223.0000000,0.0000000,18148.0000000,18149.0000000,26303585.368,-10473707.707,28312137.968,0.1849
1.0000000,206.3300000,-142.3626560,-6.2590550,209.2143040,-0.1869340,0.0153530,0.0466040,22.6408874,114.0099917,47.8760000,207329.0000000,0.0000000,18158.0000000,18159.0000000,26303585.357,-10473707.707,28312137.958,0.1876
1.0000000,206.4360000,-142.3586880,-6.2570470,209.2135360,-0.1900490,0.0157460,0.0464650,22.6408872,114.0099918,47.8770000,207435.0000000,0.0000000,18168.0000000,18168.0000000,26303585.335,-10473707.716,28312137.941,0.1907
1.0000000,206.5410000,-142.3601440,-6.2591790,209.2131200,-0.1932140,0.0160210,0.0460760,22.6408871,114.0099918,47.8790000,207540.0000000,0.0000000,18177.0000000,18178.0000000,26303585.323,-10473707.716,28312137.930,0.1939
1.0000000,206.6460000,-142.3649920,-6.2638130,209.2141120,-0.1959290,0.0162210,0.0457050,22.6408869,114.0099918,47.8800000,207646.0000000,0.0000000,18187.0000000,18188.0000000,26303585.301,-10473707.716,28312137.910,0.1966
1.0000000,206.7510000,-142.3655200,-6.2618280,209.2130720,-0.1849450,0.0151500,0.0454550,22.6408876,114.0099917,47.8880000,207751.0000000,0.0000000,18196.0000000,18197.0000000,26303585.379,-10473707.707,28312137.978,0.1856
1.0000000,206.8570000,-142.3625280,-6.2622250,209.2134080,-0.1875580,0.0152140,0.0456450,22.6408875,114.0099917,47.8900000,207857.0000000,0.0000000,18206.0000000,18207.0000000,26303585.368,-10473707.707,28312137.968,0.1882
1.0000000,206.9630000,-142.3579680,-6.2603030,209.2145760,-0.1907170,0.0155200,0.0457430,22.6408873,114.0099918,47.8850000,207963.0000000,0.0000000,18216.0000000,18216.0000000,26303585.346,-10473707.716,28312137.951,0.1913
1.0000000,207.0690000,-142.3576000,-6.2606170,209.2135520,-0.1940300,0.0158860,0.0450320,22.6408872,114.0099918,47.8920000,208069.0000000,0.0000000,18225.0000000,18226.0000000,26303585.335,-10473707.716,28312137.941,0.1947
1.0000000,207.1740000,-142.3627040,-6.2634350,209.2133760,-0.1968180,0.0160920,0.0451170,22.6408870,114.0099918,47.8880000,208174.0000000,0.0000000,18234.0000000,18234.0000000,26303585.312,-10473707.716,28312137.920,0.1975
1.0000000,207.2800000,-142.3635520,-6.2627930,209.2132160,-0.1859070,0.0149950,0.0445750,22.6408877,114.0099917,47.9010000,208280.0000000,0.0000000,18243.0000000,18244.0000000,26303585.390,-10473707.707,28312137.989,0.1865
1.0000000,207.3860000,-142.3602560,-6.2621410,209.2135360,-0.1884690,0.0149160,0.0447530,22.6408876,114.0099918,47.9030000,208386.0000000,0.0000000,18252.0000000,18253.0000000,26303585.379,-10473707.716,28312137.982,0.1891
1.0000000,207.4910000,-142.3578880,-6.2608390,209.2150720,-0.1915230,0.0151620,0.0447110,22.6408874,114.0099918,47.8980000,208491.0000000,0.0000000,18261.0000000,18261.0000000,26303585.357,-10473707.716,28312137.961,0.1921
1.0000000,207.5970000,-142.3559840,-6.2602130,209.2173920,-0.1947520,0.0155110,0.0445460,22.6408874,114.0099918,47.8990000,208597.0000000,0.0000000,18270.0000000,18270.0000000,26303585.357,-10473707.716,28312137.961,0.1954
1.0000000,207.7040000,-142.3605120,-6.2646250,209.2188800,-0.1976810,0.0156020,0.0441900,22.6408873,114.0099918,47.9000000,208704.0000000,0.0000000,18279.0000000,18279.0000000,26303585.346,-10473707.716,28312137.951,0.1983
1.0000000,207.8110000,-142.3615040,-6.2635680,209.2192320,-0.1867630,0.0145160,0.0438420,22.6408880,114.0099917,47.9080000,208811.0000000,0.0000000,18288.0000000,18288.0000000,26303585.423,-10473707.707,28312138.020,0.1873
1.0000000,207.9180000,-142.3582880,-6.2625420,209.2207840,-0.1894830,0.0145620,0.0437480,22.6408879,114.0099918,47.9160000,208918.0000000,0.0000000,18297.0000000,18298.0000000,26303585.412,-10473707.716,28312138.013,0.1900
1.0000000,208.0240000,-142.3542400,-6.2606430,209.2207040,-0.1926390,0.0148770,0.0438210,22.6408877,114.0099918,47.9110000,209024.0000000,0.0000000,18307.0000000,18307.0000000,26303585.390,-10473707.716,28312137.992,0.1932
1.0000000,208.1310000,-142.3565760,-6.2635430,209.2208800,-0.1958070,0.0151340,0.0434750,22.6408876,114.0099918,47.9130000,209131.0000000,0.0000000,18316.0000000,18317.0000000,26303585.379,-10473707.716,28312137.982,0.1964
1.0000000,208.2370000,-142.3594240,-6.2634740,209.2212640,-0.1851810,0.0139860,0.0429750,22.6408883,114.0099917,47.9220000,209237.0000000,0.0000000,18326.0000000,18327.0000000,26303585.457,-10473707.707,28312138.051,0.1857
1.0000000,208.3420000,-142.3614240,-6.2632210,209.2199040,-0.1876720,0.0139410,0.0429100,22.6408881,114.0099918,47.9230000,209342.0000000,0.0000000,18335.0000000,18336.0000000,26303585.434,-10473707.716,28312138.033,0.1882
1.0000000,208.4470000,-142.3564960,-6.2615880,209.2188800,-0.1904130,0.0140180,0.0430440,22.6408879,114.0099918,47.9250000,209448.0000000,0.0000000,18345.0000000,18346.0000000,26303585.412,-10473707.716,28312138.013,0.1909
1.0000000,208.5530000,-142.3522400,-6.2616470,209.2194400,-0.1936190,0.0143490,0.0427500,22.6408878,114.0099918,47.9270000,209554.0000000,0.0000000,18355.0000000,18355.0000000,26303585.401,-10473707.716,28312138.003,0.1941
1.0000000,208.6580000,-142.3543040,-6.2635440,209.2198720,-0.1967520,0.0145150,0.0426250,22.6408876,114.0099918,47.9300000,209659.0000000,0.0000000,18364.0000000,18365.0000000,26303585.379,-10473707.716,28312137.982,0.1973
1.0000000,208.7640000,-142.3570560,-6.2644840,209.2216960,-0.1862420,0.0134240,0.0418560,22.6408883,114.0099918,47.9390000,209765.0000000,0.0000000,18374.0000000,18375.0000000,26303585.457,-10473707.716,28312138.054,0.1867
1.0000000,208.8690000,-142.3596320,-6.2675050,209.2231360,-0.1887210,0.0132900,0.0418240,22.6408881,114.0099918,47.9410000,209870.0000000,0.0000000,18383.0000000,18383.0000000,26303585.434,-10473707.716,28312138.033,0.1892
1.0000000,208.9750000,-142.3553280,-6.2650230,209.2214880,-0.1914100,0.0133530,0.0419660,22.6408880,114.0099918,47.9430000,209976.0000000,0.0000000,18392.0000000,18392.0000000,26303585.423,-10473707.716,28312138.023,0.1919
1.0000000,209.0800000,-142.3528000,-6.2642340,209.2223360,-0.1946080,0.0135990,0.0418730,22.6408878,114.0099918,47.9450000,210081.0000000,0.0000000,18400.0000000,18401.0000000,26303585.401,-10473707.716,28312138.003,0.1951
1.0000000,209.1860000,-142.3545920,-6.2670420,209.2211520,-0.1979460,0.0137410,0.0414330,22.6408876,114.0099918,47.9480000,210187.0000000,0.0000000,18409.0000000,18410.0000000,26303585.379,-10473707.716,28312137.982,0.1984
1.0000000,209.2920000,-142.3581920,-6.2686710,209.2214400,-0.1874550,0.0128360,0.0407390,22.6408883,114.0099918,47.9560000,210293.0000000,0.0000000,18418.0000000,18419.0000000,26303585.457,-10473707.716,28312138.054,0.1879
1.0000000,209.3980000,-142.3603360,-6.2709220,209.2215680,-0.1899290,0.0126220,0.0409440,22.6408881,114.0099918,47.9590000,210399.0000000,0.0000000,18427.0000000,18428.0000000,26303585.434,-10473707.716,28312138.033,0.1903
1.0000000,209.5040000,-142.3575360,-6.2693480,209.2210240,-0.1927340,0.0126260,0.0409420,22.6408880,114.0099918,47.9610000,210505.0000000,0.0000000,18436.0000000,18437.0000000,26303585.423,-10473707.716,28312138.023,0.1931
1.0000000,209.6120000,-142.3550880,-6.2675580,209.2205440,-0.1963040,0.0129820,0.0406910,22.6408879,114.0099918,47.9640000,210613.0000000,0.0000000,18445.0000000,18446.0000000,26303585.412,-10473707.716,28312138.013,0.1967
1.0000000,209.7170000,-142.3574400,-6.2712920,209.2216320,-0.1993550,0.0131690,0.0404530,22.6408878,114.0099918,47.9660000,210718.0000000,0.0000000,18454.0000000,18455.0000000,26303585.401,-10473707.716,28312138.003,0.1998
1.0000000,209.8240000,-142.3604960,-6.2731440,209.2224480,-0.1887300,0.0121000,0.0399410,22.6408885,114.0099918,47.9740000,210825.0000000,0.0000000,18464.0000000,18465.0000000,26303585.479,-10473707.716,28312138.075,0.1891
1.0000000,209.9300000,-142.3592960,-6.2711780,209.2211520,-0.1914060,0.0118360,0.0399940,22.6408883,114.0099918,47.9760000,210931.0000000,0.0000000,18474.0000000,18474.0000000,26303585.457,-10473707.716,28312138.054,0.1918
1.0000000,210.0350000,-142.3557280,-6.2707180,209.2215360,-0.1944760,0.0120110,0.0398700,22.6408882,114.0099918,47.9780000,211036.0000000,0.0000000,18483.0000000,18484.0000000,26303585.445,-10473707.716,28312138.044,0.1948
1.0000000,210.1410000,-142.3527840,-6.2694290,209.2210080,-0.1978360,0.0122360,0.0396890,22.6408880,114.0099918,47.9800000,211142.0000000,0.0000000,18493.0000000,18494.0000000,26303585.423,-10473707.716,28312138.023,0.1982
1.0000000,210.2450000,-142.3524320,-6.2697760,209.2217440,-0.1877660,0.0115420,0.0389910,22.6408887,114.0099918,47.9890000,211247.0000000,0.0000000,18502.0000000,18503.0000000,26303585.501,-10473707.716,28312138.095,0.1881
1.0000000,210.3510000,-142.3574080,-6.2749100,209.2239360,-0.1904520,0.0112730,0.0388750,22.6408886,114.0099918,47.9910000,211353.0000000,0.0000000,18512.0000000,18513.0000000,26303585.490,-10473707.716,28312138.085,0.1908
1.0000000,210.4570000,-142.3578240,-6.2761970,209.2234240,-0.1930950,0.0111090,0.0387110,22.6408885,114.0099918,47.9930000,211459.0000000,0.0000000,18522.0000000,18522.0000000,26303585.479,-10473707.716,28312138.075,0.1934
1.0000000,210.5620000,-142.3565120,-6.2742380,209.2226880,-0.1960400,0.0111050,0.0389170,22.6408884,114.0099918,47.9950000,211564.0000000,0.0000000,18531.0000000,18532.0000000,26303585.468,-10473707.716,28312138.064,0.1964
1.0000000,210.6680000,-142.3547520,-6.2727080,209.2217280,-0.1993390,0.0113300,0.0386000,22.6408882,114.0099918,47.9970000,211670.0000000,0.0000000,18540.0000000,18541.0000000,26303585.445,-10473707.716,28312138.044,0.1997
1.0000000,210.7740000,-142.3554080,-6.2738470,209.2221280,-0.1893460,0.0106590,0.0378130,22.6408889,114.0099918,48.0110000,211776.0000000,0.0000000,18549.0000000,18550.0000000,26303585.523,-10473707.716,28312138.116,0.1896
1.0000000,210.8800000,-142.3604000,-6.2770570,209.2230240,-0.1921340,0.0104600,0.0376010,22.6408887,114.0099918,48.0140000,211882.0000000,0.0000000,18558.0000000,18559.0000000,26303585.501,-10473707.716,28312138.095,0.1924
1.0000000,210.9870000,-142.3618560,-6.2773470,209.2221600,-0.1948600,0.0103200,0.0377100,22.6408886,114.0099918,48.0160000,211989.0000000,0.0000000,18567.0000000,18568.0000000,26303585.490,-10473707.716,28312138.085,0.1951
1.0000000,211.0920000,-142.3588640,-6.2771600,209.2223200,-0.1978530,0.0103270,0.0377450,22.6408884,114.0099918,48.0170000,212094.0000000,0.0000000,18576.0000000,18577.0000000,26303585.468,-10473707.716,28312138.064,0.1981
1.0000000,211.1970000,-142.3564800,-6.2759830,209.2226880,-0.2011170,0.0105510,0.0375260,22.6408883,114.0099918,48.0190000,212199.0000000,0.0000000,18585.0000000,18585.0000000,26303585.457,-10473707.716,28312138.054,0.2014
1.0000000,211.3020000,-142.3549600,-6.2736930,209.2240320,-0.1911980,0.0098860,0.0369780,22.6408890,114.0099918,48.0260000,212304.0000000,0.0000000,18594.0000000,18594.0000000,26303585.534,-10473707.716,28312138.126,0.1915
1.0000000,211.4070000,-142.3604960,-6.2773620,209.2249920,-0.1940340,0.0099730,0.0366230,22.6408889,114.0099918,48.0280000,212409.0000000,0.0000000,18602.0000000,18603.0000000,26303585.523,-10473707.716,28312138.116,0.1943
1.0000000,211.5140000,-142.3628000,-6.2795290,209.2258720,-0.1966370,0.0097010,0.0367860,22.6408888,114.0099918,48.0290000,212516.0000000,0.0000000,18612.0000000,18612.0000000,26303585.512,-10473707.716,28312138.106,0.1969
1.0000000,211.6190000,-142.3610080,-6.2784120,209.2267840,-0.1995880,0.0097760,0.0369160,22.6408887,114.0099918,48.0310000,212621.0000000,0.0000000,18621.0000000,18622.0000000,26303585.501,-10473707.716,28312138.095,0.1998
1.0000000,211.7260000,-142.3539200,-6.2711980,209.2261760,-0.1897580,0.0094850,0.0362870,22.6408894,114.0099918,48.0380000,212728.0000000,0.0000000,18631.0000000,18632.0000000,26303585.579,-10473707.716,28312138.167,0.1900
1.0000000,211.8320000,-142.3572480,-6.2746090,209.2261120,-0.1931130,0.0096810,0.0360330,22.6408893,114.0099918,48.0400000,212834.0000000,0.0000000,18641.0000000,18641.0000000,26303585.567,-10473707.716,28312138.157,0.1934
1.0000000,211.9370000,-142.3624000,-6.2776170,209.2264640,-0.1959870,0.0095070,0.0357740,22.6408891,114.0099918,48.0410000,212939.0000000,0.0000000,18650.0000000,18651.0000000,26303585.545,-10473707.716,28312138.136,0.1962
1.0000000,212.0420000,-142.3637600,-6.2806900,209.2266400,-0.1987070,0.0092580,0.0358630,22.6408890,114.0099918,48.0430000,213045.0000000,0.0000000,18660.0000000,18660.0000000,26303585.534,-10473707.716,28312138.126,0.1989
1.0000000,212.1470000,-142.3612800,-6.2786830,209.2264480,-0.2016710,0.0093710,0.0360680,22.6408889,114.0099918,48.0450000,213150.0000000,0.0000000,18669.0000000,18670.0000000,26303585.523,-10473707.716,28312138.116,0.2019
1.0000000,212.2530000,-142.3543520,-6.2725610,209.2275840,-0.1917190,0.0090120,0.0355920,22.6408896,114.0099918,48.0520000,213256.0000000,0.0000000,18679.0000000,18680.0000000,26303585.601,-10473707.716,28312138.188,0.1919
1.0000000,212.3590000,-142.3552000,-6.2759260,209.2278400,-0.1950040,0.0091350,0.0351970,22.6408895,114.0099918,48.0530000,213362.0000000,0.0000000,18689.0000000,18689.0000000,26303585.590,-10473707.716,28312138.178,0.1952
1.0000000,212.4640000,-142.3590240,-6.2793840,209.2275840,-0.1978680,0.0089780,0.0349430,22.6408893,114.0099918,48.0540000,213467.0000000,0.0000000,18698.0000000,18699.0000000,26303585.567,-10473707.716,28312138.157,0.1981
1.0000000,212.5690000,-142.3610880,-6.2809250,209.2293760,-0.2006130,0.0088000,0.0350770,22.6408892,114.0099918,48.0560000,213572.0000000,0.0000000,18707.0000000,18707.0000000,26303585.556,-10473707.716,28312138.147,0.2008
1.0000000,212.6740000,-142.3584640,-6.2793840,209.2289760,-0.2034800,0.0087750,0.0352730,22.6408891,114.0099918,48.0570000,213677.0000000,0.0000000,18715.0000000,18716.0000000,26303585.545,-10473707.716,28312138.136,0.2037
1.0000000,212.7800000,-142.3507840,-6.2733140,209.2297600,-0.1932820,0.0081860,0.0349290,22.6408898,114.0099918,48.0640000,213783.0000000,0.0000000,18724.0000000,18725.0000000,26303585.623,-10473707.716,28312138.209,0.1935
1.0000000,212.8860000,-142.3518240,-6.2736470,209.2313280,-0.1966990,0.0082160,0.0344860,22.6408897,114.0099918,48.0650000,213889.0000000,0.0000000,18733.0000000,18734.0000000,26303585.612,-10473707.716,28312138.198,0.1969
1.0000000,212.9920000,-142.3559200,-6.2774480,209.2318240,-0.1996570,0.0080870,0.0341550,22.6408896,114.0099918,48.0660000,213995.0000000,0.0000000,18742.0000000,18743.0000000,26303585.601,-10473707.716,28312138.188,0.1998
1.0000000,213.0980000,-142.3592320,-6.2804500,209.2335680,-0.2022740,0.0078360,0.0342730,22.6408895,114.0099918,48.0670000,214101.0000000,0.0000000,18751.0000000,18752.0000000,26303585.590,-10473707.716,28312138.178,0.2024
1.0000000,213.2040000,-142.3569760,-6.2796770,209.2358560,-0.2051970,0.0077420,0.0344990,22.6408894,114.0099918,48.0680000,214207.0000000,0.0000000,18760.0000000,18761.0000000,26303585.579,-10473707.716,28312138.167,0.2053
1.0000000,213.3100000,-142.3513920,-6.2716200,209.2356800,-0.1950410,0.0072830,0.0341450,22.6408901,114.0099918,48.0750000,214313.0000000,0.0000000,18769.0000000,18770.0000000,26303585.656,-10473707.716,28312138.240,0.1952
1.0000000,213.4170000,-142.3529280,-6.2733570,209.2385120,-0.1984480,0.0073420,0.0337270,22.6408900,114.0099918,48.0760000,214420.0000000,0.0000000,18778.0000000,18779.0000000,26303585.645,-10473707.716,28312138.229,0.1986
1.0000000,213.5230000,-142.3591680,-6.2772040,209.2399840,-0.2012720,0.0073090,0.0333810,22.6408900,114.0099918,48.0780000,214526.0000000,0.0000000,18788.0000000,18789.0000000,26303585.645,-10473707.716,28312138.229,0.2014
1.0000000,213.6290000,-142.3603040,-6.2786520,209.2407680,-0.2038590,0.0071590,0.0337370,22.6408899,114.0099918,48.0740000,214632.0000000,0.0000000,18798.0000000,18798.0000000,26303585.634,-10473707.716,28312138.219,0.2040
1.0000000,213.7350000,-142.3559040,-6.2724530,209.2398400,-0.1932140,0.0066660,0.0335730,22.6408907,114.0099918,48.0800000,214738.0000000,0.0000000,18807.0000000,18808.0000000,26303585.723,-10473707.716,28312138.301,0.1933
1.0000000,213.8410000,-142.3532160,-6.2717930,209.2401600,-0.1965740,0.0068910,0.0335260,22.6408906,114.0099918,48.0810000,214844.0000000,0.0000000,18817.0000000,18818.0000000,26303585.712,-10473707.716,28312138.291,0.1967
1.0000000,213.9460000,-142.3562560,-6.2739400,209.2418560,-0.1998440,0.0069120,0.0330950,22.6408906,114.0099918,48.0830000,214949.0000000,0.0000000,18826.0000000,18827.0000000,26303585.712,-10473707.716,28312138.291,0.2000
1.0000000,214.0510000,-142.3620000,-6.2778680,209.2431520,-0.2027750,0.0068780,0.0327140,22.6408905,114.0099919,48.0840000,215055.0000000,0.0000000,18836.0000000,18837.0000000,26303585.701,-10473707.725,28312138.284,0.2029
1.0000000,214.1570000,-142.3657760,-6.2810850,209.2459680,-0.2055330,0.0067480,0.0329050,22.6408904,114.0099919,48.0850000,215161.0000000,0.0000000,18846.0000000,18846.0000000,26303585.690,-10473707.725,28312138.274,0.2056
1.0000000,214.2620000,-142.3611840,-6.2755770,209.2448960,-0.1948160,0.0062930,0.0327230,22.6408912,114.0099918,48.0920000,215266.0000000,0.0000000,18855.0000000,18856.0000000,26303585.778,-10473707.716,28312138.353,0.1949
1.0000000,214.3680000,-142.3572320,-6.2736790,209.2442240,-0.1981320,0.0065260,0.0327280,22.6408911,114.0099918,48.0930000,215372.0000000,0.0000000,18865.0000000,18866.0000000,26303585.767,-10473707.716,28312138.343,0.1982
1.0000000,214.4730000,-142.3577120,-6.2744070,209.2453120,-0.2015560,0.0067430,0.0323670,22.6408909,114.0099919,48.0950000,215477.0000000,0.0000000,18874.0000000,18875.0000000,26303585.745,-10473707.725,28312138.325,0.2017
1.0000000,214.5790000,-142.3638880,-6.2783600,209.2453440,-0.2045810,0.0067200,0.0321170,22.6408908,114.0099919,48.0970000,215583.0000000,0.0000000,18883.0000000,18884.0000000,26303585.734,-10473707.725,28312138.315,0.2047
1.0000000,214.6850000,-142.3678240,-6.2819800,209.2468320,-0.2073160,0.0066310,0.0319770,22.6408907,114.0099919,48.0980000,215689.0000000,0.0000000,18892.0000000,18893.0000000,26303585.723,-10473707.725,28312138.305,0.2074
1.0000000,214.7900000,-142.3652800,-6.2762120,209.2468000,-0.1966000,0.0060950,0.0317250,22.6408913,114.0099918,48.1050000,215794.0000000,0.0000000,18901.0000000,18901.0000000,26303585.789,-10473707.716,28312138.363,0.1967
1.0000000,214.8950000,-142.3626400,-6.2749140,209.2488320,-0.1997420,0.0061660,0.0316270,22.6408912,114.0099919,48.1070000,215899.0000000,0.0000000,18909.0000000,18910.0000000,26303585.778,-10473707.725,28312138.356,0.1998
1.0000000,215.0010000,-142.3607520,-6.2748890,209.2494080,-0.2031590,0.0064660,0.0313700,22.6408910,114.0099919,48.1080000,216005.0000000,0.0000000,18918.0000000,18919.0000000,26303585.756,-10473707.725,28312138.336,0.2033
1.0000000,215.1080000,-142.3659040,-6.2801840,209.2508160,-0.2064190,0.0066730,0.0310250,22.6408909,114.0099919,48.1100000,216112.0000000,0.0000000,18927.0000000,18928.0000000,26303585.745,-10473707.725,28312138.325,0.2065
1.0000000,215.2130000,-142.3689280,-6.2833850,209.2524640,-0.2093500,0.0064950,0.0310390,22.6408908,114.0099919,48.1110000,216217.0000000,0.0000000,18936.0000000,18937.0000000,26303585.734,-10473707.725,28312138.315,0.2095
1.0000000,215.3190000,-142.3666880,-6.2789820,209.2521600,-0.1984720,0.0058950,0.0307310,22.6408915,114.0099919,48.1180000,216323.0000000,0.0000000,18945.0000000,18946.0000000,26303585.812,-10473707.725,28312138.387,0.1986
1.0000000,215.4260000,-142.3619360,-6.2757730,209.2503680,-0.2017240,0.0060450,0.0307920,22.6408913,114.0099919,48.1190000,216430.0000000,0.0000000,18955.0000000,18955.0000000,26303585.789,-10473707.725,28312138.367,0.2018
1.0000000,215.5310000,-142.3603840,-6.2763840,209.2524320,-0.2051860,0.0063660,0.0305550,22.6408912,114.0099919,48.1210000,216535.0000000,0.0000000,18964.0000000,18965.0000000,26303585.778,-10473707.725,28312138.356,0.2053
1.0000000,215.6370000,-142.3644640,-6.2787840,209.2538720,-0.2083480,0.0065970,0.0301860,22.6408911,114.0099919,48.1220000,216641.0000000,0.0000000,18974.0000000,18975.0000000,26303585.767,-10473707.725,28312138.346,0.2085
1.0000000,215.7420000,-142.3674880,-6.2776420,209.2549760,-0.1974410,0.0060190,0.0299120,22.6408917,114.0099919,48.1290000,216746.0000000,0.0000000,18983.0000000,18984.0000000,26303585.834,-10473707.725,28312138.408,0.1975
1.0000000,215.8480000,-142.3669920,-6.2784020,209.2543680,-0.2003510,0.0058870,0.0300160,22.6408916,114.0099919,48.1300000,216852.0000000,0.0000000,18993.0000000,18994.0000000,26303585.823,-10473707.725,28312138.398,0.2004
1.0000000,215.9540000,-142.3627200,-6.2751550,209.2533920,-0.2035080,0.0060560,0.0299880,22.6408915,114.0099919,48.1320000,216958.0000000,0.0000000,19003.0000000,19003.0000000,26303585.812,-10473707.725,28312138.387,0.2036
1.0000000,216.0580000,-142.3603360,-6.2761480,209.2544640,-0.2068310,0.0063210,0.0298010,22.6408913,114.0099919,48.1340000,217063.0000000,0.0000000,19012.0000000,19013.0000000,26303585.789,-10473707.725,28312138.367,0.2069
1.0000000,216.1640000,-142.3640160,-6.2801150,209.2572640,-0.2101420,0.0065320,0.0294330,22.6408912,114.0099919,48.1360000,217169.0000000,0.0000000,19022.0000000,19023.0000000,26303585.778,-10473707.725,28312138.356,0.2102
1.0000000,216.2690000,-142.3658720,-6.2795500,209.2571520,-0.1993270,0.0059830,0.0291920,22.6408920,114.0099919,48.1420000,217274.0000000,0.0000000,19031.0000000,19032.0000000,26303585.867,-10473707.725,28312138.439,0.1994
1.0000000,216.3750000,-142.3672160,-6.2782930,209.2567360,-0.2020660,0.0059000,0.0291370,22.6408918,114.0099919,48.1430000,217380.0000000,0.0000000,19041.0000000,19042.0000000,26303585.845,-10473707.725,28312138.418,0.2022
1.0000000,216.4810000,-142.3637600,-6.2750100,209.2565920,-0.2052010,0.0061330,0.0291430,22.6408917,114.0099919,48.1440000,217486.0000000,0.0000000,19050.0000000,19051.0000000,26303585.834,-10473707.725,28312138.408,0.2053
1.0000000,216.5880000,-142.3622080,-6.2762360,209.2575840,-0.2087700,0.0064200,0.0288560,22.6408915,114.0099919,48.1460000,217593.0000000,0.0000000,19059.0000000,19060.0000000,26303585.812,-10473707.725,28312138.387,0.2089
1.0000000,216.6930000,-142.3653120,-6.2797590,209.2570560,-0.2118580,0.0066650,0.0285510,22.6408913,114.0099919,48.1480000,217698.0000000,0.0000000,19068.0000000,19069.0000000,26303585.789,-10473707.725,28312138.367,0.2120
1.0000000,216.7990000,-142.3681600,-6.2791370,209.2560480,-0.2007650,0.0061120,0.0282040,22.6408920,114.0099919,48.1540000,217804.0000000,0.0000000,19077.0000000,19078.0000000,26303585.867,-10473707.725,28312138.439,0.2009
1.0000000,216.9060000,-142.3671840,-6.2792710,209.2570880,-0.2036050,0.0059970,0.0282720,22.6408919,114.0099919,48.1560000,217911.0000000,0.0000000,19086.0000000,19087.0000000,26303585.856,-10473707.725,28312138.428,0.2037
1.0000000,217.0110000,-142.3634720,-6.2779180,209.2570400,-0.2069660,0.0061040,0.0281650,22.6408917,114.0099919,48.1570000,218016.0000000,0.0000000,19095.0000000,19096.0000000,26303585.834,-10473707.725,28312138.408,0.2071
1.0000000,217.1170000,-142.3622720,-6.2778690,209.2583040,-0.2105770,0.0064340,0.0278580,22.6408916,114.0099919,48.1590000,218122.0000000,0.0000000,19104.0000000,19105.0000000,26303585.823,-10473707.725,28312138.398,0.2107
1.0000000,217.2230000,-142.3686240,-6.2822320,209.2607680,-0.2137130,0.0065330,0.0276350,22.6408915,114.0099919,48.1600000,218228.0000000,0.0000000,19113.0000000,19114.0000000,26303585.812,-10473707.725,28312138.387,0.2138
1.0000000,217.3300000,-142.3692000,-6.2824950,209.2622560,-0.2025020,0.0059900,0.0273910,22.6408923,114.0099919,48.1660000,218335.0000000,0.0000000,19122.0000000,19123.0000000,26303585.900,-10473707.725,28312138.470,0.2026
1.0000000,217.4370000,-142.3677920,-6.2800460,209.2618080,-0.2056130,0.0059050,0.0275700,22.6408921,114.0099919,48.1680000,218442.0000000,0.0000000,19131.0000000,19132.0000000,26303585.878,-10473707.725,28312138.449,0.2057
1.0000000,217.5420000,-142.3630080,-6.2776540,209.2623200,-0.2089420,0.0061560,0.0274830,22.6408920,114.0099919,48.1690000,218547.0000000,0.0000000,19140.0000000,19141.0000000,26303585.867,-10473707.725,28312138.439,0.2090
1.0000000,217.6490000,-142.3627520,-6.2785490,209.2633920,-0.2125870,0.0064170,0.0270220,22.6408919,114.0099919,48.1710000,218654.0000000,0.0000000,19150.0000000,19151.0000000,26303585.856,-10473707.725,28312138.428,0.2127
1.0000000,217.7540000,-142.3654080,-6.2772410,209.2634080,-0.2016640,0.0059010,0.0265130,22.6408925,114.0099919,48.1760000,218759.0000000,0.0000000,19159.0000000,19160.0000000,26303585.922,-10473707.725,28312138.490,0.2018
1.0000000,217.8600000,-142.3671840,-6.2790000,209.2624960,-0.2043210,0.0057270,0.0267600,22.6408924,114.0099919,48.1770000,218865.0000000,0.0000000,19169.0000000,19170.0000000,26303585.911,-10473707.725,28312138.480,0.2044
1.0000000,217.9660000,-142.3652320,-6.2768530,209.2620960,-0.2073250,0.0058450,0.0270790,22.6408922,114.0099919,48.1750000,218971.0000000,0.0000000,19179.0000000,19179.0000000,26303585.889,-10473707.725,28312138.459,0.2074
1.0000000,218.0720000,-142.3621120,-6.2745530,209.2620480,-0.2108090,0.0061810,0.0268870,22.6408921,114.0099919,48.1760000,219077.0000000,0.0000000,19188.0000000,19189.0000000,26303585.878,-10473707.725,28312138.449,0.2109
1.0000000,218.1780000,-142.3635840,-6.2773590,209.2633280,-0.2143120,0.0063480,0.0266240,22.6408920,114.0099919,48.1780000,219184.0000000,0.0000000,19198.0000000,19199.0000000,26303585.867,-10473707.725,28312138.439,0.2144
1.0000000,218.2840000,-142.3659040,-6.2761810,209.2626240,-0.2033780,0.0059250,0.0261700,22.6408927,114.0099919,48.1840000,219290.0000000,0.0000000,19208.0000000,19208.0000000,26303585.945,-10473707.725,28312138.511,0.2035
1.0000000,218.3890000,-142.3702560,-6.2791860,209.2649120,-0.2060870,0.0058620,0.0259580,22.6408925,114.0099919,48.1860000,219395.0000000,0.0000000,19217.0000000,19218.0000000,26303585.922,-10473707.725,28312138.490,0.2062
1.0000000,218.4950000,-142.3647840,-6.2753300,209.2648960,-0.2091690,0.0059460,0.0261980,22.6408924,114.0099919,48.1880000,219501.0000000,0.0000000,19227.0000000,19228.0000000,26303585.911,-10473707.725,28312138.480,0.2093
1.0000000,218.6000000,-142.3623680,-6.2736630,209.2665280,-0.2125140,0.0063830,0.0260250,22.6408923,114.0099919,48.1890000,219606.0000000,0.0000000,19236.0000000,19237.0000000,26303585.900,-10473707.725,28312138.470,0.2126
1.0000000,218.7060000,-142.3647360,-6.2751790,209.2674880,-0.2159320,0.0065160,0.0257490,22.6408922,114.0099919,48.1910000,219712.0000000,0.0000000,19245.0000000,19246.0000000,26303585.889,-10473707.725,28312138.459,0.2160
1.0000000,218.8110000,-142.3664960,-6.2752470,209.2680640,-0.2048510,0.0062370,0.0251630,22.6408930,114.0099919,48.1970000,219817.0000000,0.0000000,19254.0000000,19254.0000000,26303585.978,-10473707.725,28312138.542,0.2049
1.0000000,218.9160000,-142.3694240,-6.2797490,209.2682880,-0.2077740,0.0063220,0.0253090,22.6408929,114.0099919,48.1980000,219922.0000000,0.0000000,19262.0000000,19263.0000000,26303585.967,-10473707.725,28312138.532,0.2079
1.0000000,219.0220000,-142.3671680,-6.2786740,209.2704000,-0.2088640,0.0073040,0.0255420,22.6408927,114.0099919,48.2000000,220028.0000000,0.0000000,19271.0000000,19272.0000000,26303585.945,-10473707.725,28312138.511,0.2090
1.0000000,219.1290000,-142.3635680,-6.2765760,209.2720160,-0.2143270,0.0066540,0.0252660,22.6408926,114.0099919,48.2020000,220135.0000000,0.0000000,19280.0000000,19281.0000000,26303585.934,-10473707.725,28312138.501,0.2144
1.0000000,219.2340000,-142.3674240,-6.2806770,209.2728000,-0.2175250,0.0066400,0.0251020,22.6408924,114.0099919,48.2030000,220240.0000000,0.0000000,19289.0000000,19290.0000000,26303585.911,-10473707.725,28312138.480,0.2176
1.0000000,219.3410000,-142.3701920,-6.2824390,209.2726560,-0.2064490,0.0062740,0.0245400,22.6408932,114.0099919,48.2080000,220347.0000000,0.0000000,19298.0000000,19299.0000000,26303586.000,-10473707.725,28312138.562,0.2065
1.0000000,219.4470000,-142.3727520,-6.2841150,209.2747360,-0.2090930,0.0060630,0.0243900,22.6408930,114.0099919,48.2100000,220453.0000000,0.0000000,19307.0000000,19308.0000000,26303585.978,-10473707.725,28312138.542,0.2092
1.0000000,219.5540000,-142.3709760,-6.2847250,209.2748640,-0.2123300,0.0063900,0.0246810,22.6408930,114.0099919,48.2110000,220560.0000000,0.0000000,19316.0000000,19317.0000000,26303585.978,-10473707.725,28312138.542,0.2124
1.0000000,219.6610000,-142.3670720,-6.2828540,209.2752160,-0.2161080,0.0069030,0.0244230,22.6408928,114.0099919,48.2120000,220667.0000000,0.0000000,19326.0000000,19326.0000000,26303585.956,-10473707.725,28312138.521,0.2162
1.0000000,219.7660000,-142.3659680,-6.2798760,209.2765760,-0.2048560,0.0065960,0.0239190,22.6408935,114.0099919,48.2170000,220772.0000000,0.0000000,19335.0000000,19336.0000000,26303586.033,-10473707.725,28312138.593,0.2050
1.0000000,219.8720000,-142.3682400,-6.2820580,209.2801120,-0.2077580,0.0065990,0.0238650,22.6408934,114.0099919,48.2190000,220878.0000000,0.0000000,19345.0000000,19345.0000000,26303586.022,-10473707.725,28312138.583,0.2079
1.0000000,219.9770000,-142.3686240,-6.2811030,209.2824160,-0.2106850,0.0064170,0.0238570,22.6408933,114.0099919,48.2200000,220983.0000000,0.0000000,19354.0000000,19355.0000000,26303586.011,-10473707.725,28312138.573,0.2108
1.0000000,220.0830000,-142.3633440,-6.2784620,209.2815680,-0.2137330,0.0064720,0.0240150,22.6408931,114.0099919,48.2210000,221089.0000000,0.0000000,19364.0000000,19365.0000000,26303585.989,-10473707.725,28312138.552,0.2138
1.0000000,220.1900000,-142.3615040,-6.2765850,209.2839520,-0.2173520,0.0068140,0.0237820,22.6408930,114.0099919,48.2230000,221196.0000000,0.0000000,19374.0000000,19374.0000000,26303585.978,-10473707.725,28312138.542,0.2175
1.0000000,220.2940000,-142.3610080,-6.2732990,209.2845280,-0.2062900,0.0065060,0.0233220,22.6408938,114.0099919,48.2280000,221301.0000000,0.0000000,19383.0000000,19384.0000000,26303586.067,-10473707.725,28312138.624,0.2064
1.0000000,220.4000000,-142.3642560,-6.2766670,209.2869440,-0.2091170,0.0064920,0.0234080,22.6408936,114.0099919,48.2280000,221407.0000000,0.0000000,19393.0000000,19394.0000000,26303586.044,-10473707.725,28312138.604,0.2092
1.0000000,220.5050000,-142.3648000,-6.2764510,209.2870400,-0.2119610,0.0064210,0.0233780,22.6408935,114.0099919,48.2300000,221512.0000000,0.0000000,19402.0000000,19403.0000000,26303586.033,-10473707.725,28312138.593,0.2121
1.0000000,220.6110000,-142.3613600,-6.2757990,209.2882400,-0.2150550,0.0064810,0.0234790,22.6408934,114.0099919,48.2310000,221618.0000000,0.0000000,19412.0000000,19413.0000000,26303586.022,-10473707.725,28312138.583,0.2152
1.0000000,220.7180000,-142.3588960,-6.2765840,209.2899200,-0.2186970,0.0067490,0.0230370,22.6408932,114.0099920,48.2320000,221725.0000000,0.0000000,19422.0000000,19422.0000000,26303586.000,-10473707.734,28312138.566,0.2188
1.0000000,220.8230000,-142.3609120,-6.2764380,209.2914080,-0.2075620,0.0064680,0.0226040,22.6408939,114.0099919,48.2360000,221830.0000000,0.0000000,19430.0000000,19431.0000000,26303586.078,-10473707.725,28312138.635,0.2077
1.0000000,220.9290000,-142.3648320,-6.2792960,209.2921600,-0.2103690,0.0063310,0.0226580,22.6408938,114.0099919,48.2370000,221936.0000000,0.0000000,19439.0000000,19440.0000000,26303586.067,-10473707.725,28312138.624,0.2105
1.0000000,221.0360000,-142.3615360,-6.2774060,209.2922400,-0.2132060,0.0061560,0.0227400,22.6408936,114.0099919,48.2390000,222043.0000000,0.0000000,19448.0000000,19449.0000000,26303586.044,-10473707.725,28312138.604,0.2133
1.0000000,221.1410000,-142.3581440,-6.2751960,209.2916480,-0.2165080,0.0061550,0.0226360,22.6408935,114.0099920,48.2400000,222148.0000000,0.0000000,19457.0000000,19458.0000000,26303586.033,-10473707.734,28312138.597,0.2166
1.0000000,221.2470000,-142.3552480,-6.2709080,209.2916480,-0.2057840,0.0060560,0.0220750,22.6408942,114.0099919,48.2450000,222254.0000000,0.0000000,19466.0000000,19467.0000000,26303586.111,-10473707.725,28312138.665,0.2059
1.0000000,221.3540000,-142.3604800,-6.2749580,209.2923040,-0.2088300,0.0061650,0.0218270,22.6408940,114.0099919,48.2460000,222361.0000000,0.0000000,19476.0000000,19476.0000000,26303586.089,-10473707.725,28312138.645,0.2089
1.0000000,221.4590000,-142.3639520,-6.2771370,209.2936320,-0.2114760,0.0059920,0.0219690,22.6408939,114.0099920,48.2480000,222466.0000000,0.0000000,19484.0000000,19485.0000000,26303586.078,-10473707.734,28312138.638,0.2116
1.0000000,221.5650000,-142.3614560,-6.2764350,209.2941920,-0.2143330,0.0058670,0.0220810,22.6408938,114.0099920,48.2490000,222572.0000000,0.0000000,19493.0000000,19494.0000000,26303586.067,-10473707.734,28312138.628,0.2144
1.0000000,221.6710000,-142.3579840,-6.2739060,209.2935520,-0.2177660,0.0059870,0.0219610,22.6408936,114.0099920,48.2510000,222678.0000000,0.0000000,19502.0000000,19503.0000000,26303586.044,-10473707.734,28312138.607,0.2178
1.0000000,221.7780000,-142.3563680,-6.2690200,209.2941760,-0.2070080,0.0057890,0.0214770,22.6408943,114.0099919,48.2550000,222785.0000000,0.0000000,19512.0000000,19512.0000000,26303586.122,-10473707.725,28312138.676,0.2071
1.0000000,221.8830000,-142.3616800,-6.2736990,209.2960800,-0.2098760,0.0058420,0.0210760,22.6408942,114.0099920,48.2560000,222890.0000000,0.0000000,19521.0000000,19522.0000000,26303586.111,-10473707.734,28312138.669,0.2100
1.0000000,221.9890000,-142.3640160,-6.2760730,209.2966400,-0.2126700,0.0056290,0.0212920,22.6408940,114.0099920,48.2580000,222996.0000000,0.0000000,19531.0000000,19532.0000000,26303586.089,-10473707.734,28312138.648,0.2127
1.0000000,222.0940000,-142.3613120,-6.2739160,209.2964480,-0.2154990,0.0056390,0.0214890,22.6408939,114.0099920,48.2590000,223101.0000000,0.0000000,19540.0000000,19541.0000000,26303586.078,-10473707.734,28312138.638,0.2156
1.0000000,222.2000000,-142.3574720,-6.2717690,209.2969920,-0.2188600,0.0057500,0.0214560,22.6408937,114.0099920,48.2610000,223207.0000000,0.0000000,19550.0000000,19551.0000000,26303586.056,-10473707.734,28312138.617,0.2189
1.0000000,222.3050000,-142.3556640,-6.2672870,209.2972160,-0.2080440,0.0056150,0.0209350,22.6408945,114.0099920,48.2650000,223313.0000000,0.0000000,19560.0000000,19560.0000000,26303586.144,-10473707.734,28312138.700,0.2081
1.0000000,222.4100000,-142.3597440,-6.2704990,209.2984320,-0.2107380,0.0055700,0.0207400,22.6408943,114.0099920,48.2670000,223418.0000000,0.0000000,19569.0000000,19570.0000000,26303586.122,-10473707.734,28312138.679,0.2108
1.0000000,222.5160000,-142.3630400,-6.2725760,209.2998880,-0.2133710,0.0055880,0.0208010,22.6408942,114.0099920,48.2680000,223524.0000000,0.0000000,19579.0000000,19580.0000000,26303586.111,-10473707.734,28312138.669,0.2134
1.0000000,222.6210000,-142.3625600,-6.2711300,209.3015200,-0.2162440,0.0055280,0.0210290,22.6408941,114.0099920,48.2660000,223629.0000000,0.0000000,19588.0000000,19589.0000000,26303586.100,-10473707.734,28312138.659,0.2163
1.0000000,222.7280000,-142.3575040,-6.2675740,209.3003040,-0.2196210,0.0058170,0.0209780,22.6408940,114.0099920,48.2710000,223736.0000000,0.0000000,19598.0000000,19599.0000000,26303586.089,-10473707.734,28312138.648,0.2197
1.0000000,222.8330000,-142.3558400,-6.2658440,209.3006080,-0.2084820,0.0056830,0.0203830,22.6408947,114.0099920,48.2750000,223841.0000000,0.0000000,19607.0000000,19608.0000000,26303586.167,-10473707.734,28312138.720,0.2086
1.0000000,222.9380000,-142.3599520,-6.2690830,209.3012000,-0.2113630,0.0058480,0.0202940,22.6408946,114.0099920,48.2730000,223946.0000000,0.0000000,19616.0000000,19616.0000000,26303586.155,-10473707.734,28312138.710,0.2114
1.0000000,223.0440000,-142.3639520,-6.2725860,209.3026560,-0.2140410,0.0057250,0.0203130,22.6408945,114.0099920,48.2750000,224052.0000000,0.0000000,19625.0000000,19625.0000000,26303586.144,-10473707.734,28312138.700,0.2141
1.0000000,223.1510000,-142.3628160,-6.2719640,209.3039840,-0.2168250,0.0057340,0.0205000,22.6408943,114.0099920,48.2760000,224159.0000000,0.0000000,19634.0000000,19634.0000000,26303586.122,-10473707.734,28312138.679,0.2169
1.0000000,223.2580000,-142.3568000,-6.2656160,209.3036160,-0.2059120,0.0055480,0.0202600,22.6408950,114.0099920,48.2810000,224266.0000000,0.0000000,19643.0000000,19643.0000000,26303586.200,-10473707.734,28312138.751,0.2060
1.0000000,223.3650000,-142.3586400,-6.2687260,209.3052480,-0.2092140,0.0058180,0.0199230,22.6408949,114.0099920,48.2820000,224373.0000000,0.0000000,19652.0000000,19652.0000000,26303586.189,-10473707.734,28312138.741,0.2093
1.0000000,223.4720000,-142.3627840,-6.2727530,209.3048000,-0.2120090,0.0057450,0.0199140,22.6408947,114.0099920,48.2830000,224480.0000000,0.0000000,19661.0000000,19661.0000000,26303586.167,-10473707.734,28312138.720,0.2121
1.0000000,223.5780000,-142.3645120,-6.2733070,209.3046080,-0.2147410,0.0057130,0.0198710,22.6408946,114.0099920,48.2840000,224586.0000000,0.0000000,19669.0000000,19670.0000000,26303586.155,-10473707.734,28312138.710,0.2148
1.0000000,223.6870000,-142.3586720,-6.2694220,209.3052000,-0.2180810,0.0059700,0.0201450,22.6408944,114.0099920,48.2850000,224695.0000000,0.0000000,19679.0000000,19679.0000000,26303586.133,-10473707.734,28312138.690,0.2182
1.0000000,223.7930000,-142.3573760,-6.2666400,209.3076640,-0.2071830,0.0058720,0.0195010,22.6408952,114.0099920,48.2890000,224801.0000000,0.0000000,19688.0000000,19689.0000000,26303586.222,-10473707.734,28312138.772,0.2073
1.0000000,223.8990000,-142.3621120,-6.2701600,209.3083840,-0.2099840,0.0059400,0.0192780,22.6408951,114.0099920,48.2900000,224907.0000000,0.0000000,19698.0000000,19699.0000000,26303586.211,-10473707.734,28312138.762,0.2101
1.0000000,224.0060000,-142.3647200,-6.2722520,209.3101440,-0.2125990,0.0057510,0.0194420,22.6408949,114.0099920,48.2910000,225014.0000000,0.0000000,19708.0000000,19708.0000000,26303586.189,-10473707.734,28312138.741,0.2127
1.0000000,224.1110000,-142.3611200,-6.2707730,209.3114560,-0.2153360,0.0058800,0.0195420,22.6408948,114.0099920,48.2920000,225119.0000000,0.0000000,19717.0000000,19718.0000000,26303586.178,-10473707.734,28312138.731,0.2154
1.0000000,224.2170000,-142.3584640,-6.2690670,209.3116000,-0.2187110,0.0061190,0.0195320,22.6408946,114.0099920,48.2920000,225225.0000000,0.0000000,19727.0000000,19727.0000000,26303586.155,-10473707.734,28312138.710,0.2188
1.0000000,224.3220000,-142.3566400,-6.2658550,209.3121920,-0.2077100,0.0058420,0.0190080,22.6408954,114.0099920,48.2960000,225331.0000000,0.0000000,19736.0000000,19737.0000000,26303586.244,-10473707.734,28312138.793,0.2078
1.0000000,224.4280000,-142.3615040,-6.2693430,209.3129440,-0.2104560,0.0059040,0.0186720,22.6408952,114.0099920,48.2960000,225437.0000000,0.0000000,19746.0000000,19747.0000000,26303586.222,-10473707.734,28312138.772,0.2105
1.0000000,224.5340000,-142.3636960,-6.2711940,209.3141280,-0.2129810,0.0058570,0.0189380,22.6408951,114.0099920,48.2970000,225543.0000000,0.0000000,19756.0000000,19756.0000000,26303586.211,-10473707.734,28312138.762,0.2131
1.0000000,224.6390000,-142.3622080,-6.2698560,209.3140640,-0.2157960,0.0059650,0.0191280,22.6408949,114.0099920,48.2980000,225648.0000000,0.0000000,19765.0000000,19766.0000000,26303586.189,-10473707.734,28312138.741,0.2159
1.0000000,224.7450000,-142.3558400,-6.2632570,209.3135840,-0.2047990,0.0058970,0.0188640,22.6408957,114.0099920,48.3020000,225754.0000000,0.0000000,19775.0000000,19775.0000000,26303586.277,-10473707.734,28312138.823,0.2049
1.0000000,224.8500000,-142.3577280,-6.2644870,209.3141120,-0.2081150,0.0060650,0.0185150,22.6408955,114.0099920,48.3020000,225859.0000000,0.0000000,19784.0000000,19785.0000000,26303586.255,-10473707.734,28312138.803,0.2082
1.0000000,224.9550000,-142.3626400,-6.2686950,209.3143520,-0.2110050,0.0061150,0.0183890,22.6408953,114.0099920,48.3030000,225964.0000000,0.0000000,19793.0000000,19793.0000000,26303586.233,-10473707.734,28312138.782,0.2111
1.0000000,225.0600000,-142.3647840,-6.2706880,209.3147200,-0.2136840,0.0061970,0.0184990,22.6408952,114.0099920,48.3030000,226069.0000000,0.0000000,19801.0000000,19802.0000000,26303586.222,-10473707.734,28312138.772,0.2138
1.0000000,225.1660000,-142.3644640,-6.2695240,209.3151840,-0.2163560,0.0061150,0.0186160,22.6408951,114.0099920,48.3040000,226175.0000000,0.0000000,19810.0000000,19811.0000000,26303586.211,-10473707.734,28312138.762,0.2164
1.0000000,225.2720000,-142.3572320,-6.2629900,209.3148960,-0.2053490,0.0058310,0.0183990,22.6408958,114.0099920,48.3080000,226281.0000000,0.0000000,19819.0000000,19820.0000000,26303586.289,-10473707.734,28312138.834,0.2054
1.0000000,225.3790000,-142.3567680,-6.2643600,209.3143520,-0.2087460,0.0060420,0.0179540,22.6408956,114.0099920,48.3090000,226388.0000000,0.0000000,19828.0000000,19829.0000000,26303586.266,-10473707.734,28312138.813,0.2088
1.0000000,225.4840000,-142.3612000,-6.2674430,209.3145600,-0.2116030,0.0061320,0.0179130,22.6408955,114.0099920,48.3100000,226493.0000000,0.0000000,19837.0000000,19838.0000000,26303586.255,-10473707.734,28312138.803,0.2117
1.0000000,225.5910000,-142.3651040,-6.2696310,209.3145280,-0.2142170,0.0061880,0.0178530,22.6408953,114.0099920,48.3110000,226600.0000000,0.0000000,19846.0000000,19847.0000000,26303586.233,-10473707.734,28312138.782,0.2143
1.0000000,225.6950000,-142.3652960,-6.2704120,209.3153280,-0.2170360,0.0061070,0.0180590,22.6408951,114.0099920,48.3120000,226704.0000000,0.0000000,19855.0000000,19856.0000000,26303586.211,-10473707.734,28312138.762,0.2171
1.0000000,225.8010000,-142.3570720,-6.2625110,209.3161600,-0.2058490,0.0058930,0.0178930,22.6408959,114.0099920,48.3150000,226810.0000000,0.0000000,19865.0000000,19865.0000000,26303586.300,-10473707.734,28312138.844,0.2059
1.0000000,225.9070000,-142.3575360,-6.2631090,209.3174400,-0.2090930,0.0063620,0.0176020,22.6408958,114.0099920,48.3160000,226916.0000000,0.0000000,19874.0000000,19875.0000000,26303586.289,-10473707.734,28312138.834,0.2092
1.0000000,226.0130000,-142.3611360,-6.2664430,209.3184640,-0.2120260,0.0064710,0.0173590,22.6408956,114.0099920,48.3170000,227022.0000000,0.0000000,19884.0000000,19884.0000000,26303586.266,-10473707.734,28312138.813,0.2121
1.0000000,226.1180000,-142.3653600,-6.2686310,209.3198880,-0.2147260,0.0064680,0.0174200,22.6408955,114.0099920,48.3180000,227127.0000000,0.0000000,19893.0000000,19894.0000000,26303586.255,-10473707.734,28312138.803,0.2148
1.0000000,226.2240000,-142.3656000,-6.2678040,209.3216320,-0.2174410,0.0063470,0.0174750,22.6408955,114.0099920,48.3190000,227233.0000000,0.0000000,19903.0000000,19904.0000000,26303586.255,-10473707.734,28312138.803,0.2175
1.0000000,226.3290000,-142.3582080,-6.2603040,209.3223680,-0.2061680,0.0061430,0.0172190,22.6408962,114.0099920,48.3220000,227339.0000000,0.0000000,19913.0000000,19913.0000000,26303586.333,-10473707.734,28312138.875,0.2063
1.0000000,226.4340000,-142.3574400,-6.2620580,209.3221600,-0.2092510,0.0064300,0.0171390,22.6408961,114.0099920,48.3230000,227444.0000000,0.0000000,19922.0000000,19923.0000000,26303586.322,-10473707.734,28312138.865,0.2093
1.0000000,226.5400000,-142.3607200,-6.2654240,209.3229440,-0.2123650,0.0067200,0.0169580,22.6408960,114.0099920,48.3240000,227550.0000000,0.0000000,19932.0000000,19932.0000000,26303586.311,-10473707.734,28312138.854,0.2125
1.0000000,226.6450000,-142.3645920,-6.2691280,209.3239680,-0.2151810,0.0067300,0.0168880,22.6408959,114.0099920,48.3250000,227655.0000000,0.0000000,19941.0000000,19942.0000000,26303586.300,-10473707.734,28312138.844,0.2153
1.0000000,226.7510000,-142.3628160,-6.2662090,209.3247360,-0.2035820,0.0062910,0.0166290,22.6408966,114.0099920,48.3280000,227761.0000000,0.0000000,19951.0000000,19952.0000000,26303586.377,-10473707.734,28312138.916,0.2037
1.0000000,226.8570000,-142.3596960,-6.2656170,209.3256960,-0.2064510,0.0063730,0.0169140,22.6408965,114.0099920,48.3290000,227867.0000000,0.0000000,19960.0000000,19961.0000000,26303586.366,-10473707.734,28312138.906,0.2065
1.0000000,226.9620000,-142.3571840,-6.2630180,209.3251200,-0.2095480,0.0067810,0.0167740,22.6408964,114.0099920,48.3300000,227972.0000000,0.0000000,19969.0000000,19970.0000000,26303586.355,-10473707.734,28312138.896,0.2097
1.0000000,227.0680000,-142.3594080,-6.2656810,209.3249440,-0.2127540,0.0069690,0.0165280,22.6408962,114.0099920,48.3310000,228078.0000000,0.0000000,19978.0000000,19979.0000000,26303586.333,-10473707.734,28312138.875,0.2129
1.0000000,227.1740000,-142.3636000,-6.2701040,209.3244960,-0.2155810,0.0069870,0.0164330,22.6408960,114.0099920,48.3320000,228184.0000000,0.0000000,19987.0000000,19988.0000000,26303586.311,-10473707.734,28312138.854,0.2157
1.0000000,227.2790000,-142.3632320,-6.2662240,209.3235680,-0.2040490,0.0063930,0.0163190,22.6408967,114.0099920,48.3350000,228289.0000000,0.0000000,19996.0000000,19997.0000000,26303586.388,-10473707.734,28312138.927,0.2041
1.0000000,227.3840000,-142.3599200,-6.2654710,209.3233760,-0.2067020,0.0065340,0.0165490,22.6408966,114.0099920,48.3360000,228394.0000000,0.0000000,20005.0000000,20006.0000000,26303586.377,-10473707.734,28312138.916,0.2068
1.0000000,227.4890000,-142.3581280,-6.2642810,209.3237760,-0.2099500,0.0067390,0.0165560,22.6408964,114.0099920,48.3380000,228499.0000000,0.0000000,20014.0000000,20014.0000000,26303586.355,-10473707.734,28312138.896,0.2101
1.0000000,227.5940000,-142.3592960,-6.2643480,209.3227840,-0.2132260,0.0070300,0.0162610,22.6408963,114.0099920,48.3390000,228604.0000000,0.0000000,20022.0000000,20023.0000000,26303586.344,-10473707.734,28312138.885,0.2133
1.0000000,227.7000000,-142.3640000,-6.2679660,209.3247840,-0.2161820,0.0072060,0.0161200,22.6408962,114.0099920,48.3400000,228710.0000000,0.0000000,20031.0000000,20032.0000000,26303586.333,-10473707.734,28312138.875,0.2163
1.0000000,227.8060000,-142.3664160,-6.2657950,209.3274560,-0.2045810,0.0067400,0.0159950,22.6408969,114.0099920,48.3440000,228816.0000000,0.0000000,20040.0000000,20041.0000000,26303586.411,-10473707.734,28312138.947,0.2047
1.0000000,227.9130000,-142.3629440,-6.2649570,209.3296160,-0.2072370,0.0067730,0.0162990,22.6408968,114.0099920,48.3450000,228923.0000000,0.0000000,20050.0000000,20050.0000000,26303586.399,-10473707.734,28312138.937,0.2073
1.0000000,228.0180000,-142.3610560,-6.2642600,209.3305280,-0.2104190,0.0070760,0.0162990,22.6408967,114.0099920,48.3460000,229028.0000000,0.0000000,20059.0000000,20060.0000000,26303586.388,-10473707.734,28312138.927,0.2105
1.0000000,228.1240000,-142.3606560,-6.2653500,209.3312960,-0.2138540,0.0074210,0.0157960,22.6408966,114.0099921,48.3480000,229134.0000000,0.0000000,20069.0000000,20070.0000000,26303586.377,-10473707.744,28312138.920,0.2140
1.0000000,228.2300000,-142.3670080,-6.2699620,209.3331200,-0.2167490,0.0076020,0.0157130,22.6408964,114.0099921,48.3460000,229240.0000000,0.0000000,20079.0000000,20079.0000000,26303586.355,-10473707.744,28312138.899,0.2169
1.0000000,228.3360000,-142.3674240,-6.2675500,209.3325600,-0.2051230,0.0070670,0.0155540,22.6408971,114.0099920,48.3500000,229346.0000000,0.0000000,20088.0000000,20089.0000000,26303586.433,-10473707.734,28312138.968,0.2052
1.0000000,228.4410000,-142.3652800,-6.2686790,209.3348640,-0.2079300,0.0071640,0.0157070,22.6408970,114.0099920,48.3510000,229452.0000000,0.0000000,20098.0000000,20099.0000000,26303586.422,-10473707.734,28312138.957,0.2081
1.0000000,228.5460000,-142.3633440,-6.2666890,209.3335040,-0.2111770,0.0074450,0.0156830,22.6408968,114.0099921,48.3520000,229557.0000000,0.0000000,20107.0000000,20108.0000000,26303586.399,-10473707.744,28312138.940,0.2113
1.0000000,228.6520000,-142.3630880,-6.2665150,209.3329120,-0.2145640,0.0078190,0.0153470,22.6408966,114.0099921,48.3540000,229663.0000000,0.0000000,20117.0000000,20118.0000000,26303586.377,-10473707.744,28312138.920,0.2147
1.0000000,228.7580000,-142.3640800,-6.2661870,209.3329120,-0.2033540,0.0074340,0.0150880,22.6408972,114.0099920,48.3580000,229769.0000000,0.0000000,20127.0000000,20127.0000000,26303586.444,-10473707.734,28312138.978,0.2035
1.0000000,228.8630000,-142.3668320,-6.2674670,209.3334560,-0.2059420,0.0075030,0.0151250,22.6408971,114.0099920,48.3590000,229874.0000000,0.0000000,20136.0000000,20137.0000000,26303586.433,-10473707.734,28312138.968,0.2061
1.0000000,228.9680000,-142.3658240,-6.2683560,209.3343680,-0.2087290,0.0074580,0.0152130,22.6408969,114.0099921,48.3610000,229979.0000000,0.0000000,20145.0000000,20146.0000000,26303586.411,-10473707.744,28312138.951,0.2089
1.0000000,229.0730000,-142.3631520,-6.2664270,209.3334720,-0.2117460,0.0077540,0.0151220,22.6408967,114.0099921,48.3620000,230084.0000000,0.0000000,20154.0000000,20154.0000000,26303586.388,-10473707.744,28312138.930,0.2119
1.0000000,229.1780000,-142.3619520,-6.2663640,209.3351520,-0.2149950,0.0081010,0.0149420,22.6408966,114.0099921,48.3640000,230189.0000000,0.0000000,20162.0000000,20163.0000000,26303586.377,-10473707.744,28312138.920,0.2151
1.0000000,229.2850000,-142.3620000,-6.2640920,209.3352480,-0.2040750,0.0077050,0.0145650,22.6408973,114.0099920,48.3670000,230296.0000000,0.0000000,20172.0000000,20172.0000000,26303586.455,-10473707.734,28312138.988,0.2042
1.0000000,229.3900000,-142.3660000,-6.2679370,209.3368000,-0.2068780,0.0076640,0.0145530,22.6408972,114.0099921,48.3690000,230401.0000000,0.0000000,20181.0000000,20181.0000000,26303586.444,-10473707.744,28312138.981,0.2070
1.0000000,229.4960000,-142.3664960,-6.2694750,209.3379360,-0.2095450,0.0077410,0.0144820,22.6408970,114.0099921,48.3710000,230507.0000000,0.0000000,20190.0000000,20190.0000000,26303586.422,-10473707.744,28312138.961,0.2097
1.0000000,229.6010000,-142.3653440,-6.2669290,209.3369440,-0.2124960,0.0078620,0.0146630,22.6408969,114.0099921,48.3720000,230612.0000000,0.0000000,20198.0000000,20199.0000000,26303586.411,-10473707.744,28312138.951,0.2126
1.0000000,229.7080000,-142.3614880,-6.2653110,209.3357120,-0.2158360,0.0082980,0.0143430,22.6408967,114.0099921,48.3740000,230719.0000000,0.0000000,20207.0000000,20208.0000000,26303586.388,-10473707.744,28312138.930,0.2160
1.0000000,229.8140000,-142.3607840,-6.2645250,209.3371680,-0.2048190,0.0079570,0.0140650,22.6408975,114.0099921,48.3780000,230825.0000000,0.0000000,20217.0000000,20218.0000000,26303586.477,-10473707.744,28312139.012,0.2050
1.0000000,229.9190000,-142.3648800,-6.2670480,209.3383840,-0.2076600,0.0079800,0.0137530,22.6408973,114.0099921,48.3800000,230930.0000000,0.0000000,20226.0000000,20227.0000000,26303586.455,-10473707.744,28312138.992,0.2078
1.0000000,230.0250000,-142.3679360,-6.2696940,209.3396640,-0.2102720,0.0078970,0.0138900,22.6408972,114.0099921,48.3820000,231036.0000000,0.0000000,20236.0000000,20237.0000000,26303586.444,-10473707.744,28312138.981,0.2104
1.0000000,230.1310000,-142.3654720,-6.2673730,209.3412320,-0.2131510,0.0079730,0.0140660,22.6408971,114.0099921,48.3840000,231142.0000000,0.0000000,20246.0000000,20246.0000000,26303586.433,-10473707.744,28312138.971,0.2133
1.0000000,230.2360000,-142.3622880,-6.2669810,209.3439200,-0.2164520,0.0083930,0.0140360,22.6408970,114.0099921,48.3860000,231247.0000000,0.0000000,20255.0000000,20256.0000000,26303586.422,-10473707.744,28312138.961,0.2166
1.0000000,230.3410000,-142.3599200,-6.2650050,209.3460000,-0.2056690,0.0080330,0.0135100,22.6408978,114.0099921,48.3900000,231353.0000000,0.0000000,20265.0000000,20265.0000000,26303586.510,-10473707.744,28312139.043,0.2058
1.0000000,230.4480000,-142.3652800,-6.2689510,209.3457600,-0.2084370,0.0080880,0.0132160,22.6408976,114.0099921,48.3920000,231460.0000000,0.0000000,20275.0000000,20275.0000000,26303586.488,-10473707.744,28312139.023,0.2086
1.0000000,230.5530000,-142.3669920,-6.2710570,209.3467360,-0.2110370,0.0081010,0.0134020,22.6408975,114.0099921,48.3940000,231565.0000000,0.0000000,20284.0000000,20285.0000000,26303586.477,-10473707.744,28312139.012,0.2112
1.0000000,230.6590000,-142.3646880,-6.2678120,209.3457920,-0.2139600,0.0081560,0.0135720,22.6408974,114.0099921,48.3960000,231671.0000000,0.0000000,20294.0000000,20294.0000000,26303586.466,-10473707.744,28312139.002,0.2141
1.0000000,230.7640000,-142.3596640,-6.2624280,209.3468800,-0.2030040,0.0078370,0.0134040,22.6408981,114.0099921,48.4000000,231776.0000000,0.0000000,20303.0000000,20304.0000000,26303586.544,-10473707.744,28312139.074,0.2032
1.0000000,230.8690000,-142.3580640,-6.2632700,209.3462240,-0.2062660,0.0080830,0.0129890,22.6408980,114.0099921,48.4020000,231881.0000000,0.0000000,20312.0000000,20313.0000000,26303586.533,-10473707.744,28312139.064,0.2064
1.0000000,230.9740000,-142.3622240,-6.2667180,209.3488320,-0.2091940,0.0083510,0.0127740,22.6408978,114.0099921,48.4040000,231986.0000000,0.0000000,20321.0000000,20321.0000000,26303586.510,-10473707.744,28312139.043,0.2094
1.0000000,231.0790000,-142.3649600,-6.2697750,209.3509600,-0.2118760,0.0081890,0.0128950,22.6408977,114.0099921,48.4060000,232091.0000000,0.0000000,20329.0000000,20330.0000000,26303586.499,-10473707.744,28312139.033,0.2120
1.0000000,231.1850000,-142.3656480,-6.2688090,209.3495520,-0.2145410,0.0080790,0.0129220,22.6408976,114.0099921,48.4070000,232197.0000000,0.0000000,20338.0000000,20339.0000000,26303586.488,-10473707.744,28312139.023,0.2147
1.0000000,231.2910000,-142.3597600,-6.2631640,209.3509920,-0.2035230,0.0077600,0.0127740,22.6408984,114.0099921,48.4110000,232303.0000000,0.0000000,20347.0000000,20348.0000000,26303586.577,-10473707.744,28312139.105,0.2037
1.0000000,231.3980000,-142.3576000,-6.2625190,209.3527520,-0.2069790,0.0081700,0.0126230,22.6408983,114.0099921,48.4120000,232410.0000000,0.0000000,20356.0000000,20357.0000000,26303586.566,-10473707.744,28312139.095,0.2071
1.0000000,231.5030000,-142.3625440,-6.2654850,209.3542880,-0.2097770,0.0083680,0.0124070,22.6408982,114.0099921,48.4140000,232515.0000000,0.0000000,20365.0000000,20366.0000000,26303586.555,-10473707.744,28312139.085,0.2099
1.0000000,231.6100000,-142.3668640,-6.2699610,209.3566240,-0.2124470,0.0082520,0.0124230,22.6408981,114.0099921,48.4160000,232622.0000000,0.0000000,20374.0000000,20375.0000000,26303586.544,-10473707.744,28312139.074,0.2126
1.0000000,231.7170000,-142.3651040,-6.2693820,209.3566880,-0.2150860,0.0081740,0.0126150,22.6408979,114.0099921,48.4180000,232729.0000000,0.0000000,20384.0000000,20385.0000000,26303586.521,-10473707.744,28312139.054,0.2152
1.0000000,231.8220000,-142.3605920,-6.2624600,209.3568320,-0.2042530,0.0079790,0.0124240,22.6408987,114.0099921,48.4220000,232834.0000000,0.0000000,20393.0000000,20394.0000000,26303586.610,-10473707.744,28312139.136,0.2044
1.0000000,231.9280000,-142.3602880,-6.2622230,209.3565600,-0.2075710,0.0083200,0.0120940,22.6408985,114.0099921,48.4230000,232940.0000000,0.0000000,20403.0000000,20404.0000000,26303586.588,-10473707.744,28312139.115,0.2077
1.0000000,232.0340000,-142.3646720,-6.2653270,209.3564960,-0.2104670,0.0084040,0.0118900,22.6408984,114.0099921,48.4250000,233046.0000000,0.0000000,20413.0000000,20413.0000000,26303586.577,-10473707.744,28312139.105,0.2106
1.0000000,232.1390000,-142.3669120,-6.2678690,209.3574080,-0.2130440,0.0083400,0.0120210,22.6408982,114.0099921,48.4260000,233151.0000000,0.0000000,20422.0000000,20423.0000000,26303586.555,-10473707.744,28312139.085,0.2132
1.0000000,232.2440000,-142.3646720,-6.2664980,209.3566080,-0.2157490,0.0083730,0.0122510,22.6408981,114.0099921,48.4280000,233257.0000000,0.0000000,20432.0000000,20433.0000000,26303586.544,-10473707.744,28312139.074,0.2159
1.0000000,232.3490000,-142.3581600,-6.2596980,209.3557440,-0.2047690,0.0080180,0.0119730,22.6408988,114.0099921,48.4310000,233362.0000000,0.0000000,20441.0000000,20442.0000000,26303586.621,-10473707.744,28312139.146,0.2049
1.0000000,232.4550000,-142.3584960,-6.2596220,209.3565920,-0.2079200,0.0082700,0.0115570,22.6408986,114.0099921,48.4330000,233468.0000000,0.0000000,20451.0000000,20452.0000000,26303586.599,-10473707.744,28312139.126,0.2081
1.0000000,232.5610000,-142.3627840,-6.2621970,209.3579520,-0.2106600,0.0083810,0.0114820,22.6408984,114.0099921,48.4320000,233574.0000000,0.0000000,20461.0000000,20461.0000000,26303586.577,-10473707.744,28312139.105,0.2108
1.0000000,232.6680000,-142.3655680,-6.2653460,209.3585440,-0.2131180,0.0083110,0.0115190,22.6408983,114.0099921,48.4340000,233681.0000000,0.0000000,20470.0000000,20470.0000000,26303586.566,-10473707.744,28312139.095,0.2133
1.0000000,232.7740000,-142.3607200,-6.2596600,209.3575360,-0.2019250,0.0080240,0.0115550,22.6408990,114.0099921,48.4370000,233787.0000000,0.0000000,20479.0000000,20479.0000000,26303586.644,-10473707.744,28312139.167,0.2021
1.0000000,232.8810000,-142.3572640,-6.2572090,209.3578240,-0.2051590,0.0085520,0.0114650,22.6408989,114.0099921,48.4380000,233894.0000000,0.0000000,20488.0000000,20488.0000000,26303586.632,-10473707.744,28312139.157,0.2053
1.0000000,232.9880000,-142.3599360,-6.2617890,209.3591200,-0.2082720,0.0087190,0.0111970,22.6408987,114.0099921,48.4400000,234001.0000000,0.0000000,20497.0000000,20497.0000000,26303586.610,-10473707.744,28312139.136,0.2085
1.0000000,233.0950000,-142.3640160,-6.2626080,209.3584160,-0.2108810,0.0087270,0.0111220,22.6408985,114.0099921,48.4420000,234108.0000000,0.0000000,20506.0000000,20506.0000000,26303586.588,-10473707.744,28312139.115,0.2111
1.0000000,233.2020000,-142.3621760,-6.2623690,209.3582720,-0.2134040,0.0087440,0.0112480,22.6408983,114.0099921,48.4430000,234215.0000000,0.0000000,20515.0000000,20515.0000000,26303586.566,-10473707.744,28312139.095,0.2136
1.0000000,233.3090000,-142.3554720,-6.2557380,209.3578400,-0.2025580,0.0083600,0.0111560,22.6408991,114.0099921,48.4460000,234322.0000000,0.0000000,20524.0000000,20524.0000000,26303586.655,-10473707.744,28312139.177,0.2027
1.0000000,233.4150000,-142.3564320,-6.2584750,209.3586720,-0.2057690,0.0086110,0.0107550,22.6408989,114.0099921,48.4480000,234428.0000000,0.0000000,20532.0000000,20533.0000000,26303586.632,-10473707.744,28312139.157,0.2059
1.0000000,233.5230000,-142.3618240,-6.2625200,209.3596800,-0.2083220,0.0084580,0.0105040,22.6408987,114.0099921,48.4520000,234536.0000000,0.0000000,20542.0000000,20543.0000000,26303586.610,-10473707.744,28312139.136,0.2085
1.0000000,233.6280000,-142.3632000,-6.2633170,209.3596960,-0.2107790,0.0084510,0.0105230,22.6408986,114.0099921,48.4510000,234641.0000000,0.0000000,20551.0000000,20552.0000000,26303586.599,-10473707.744,28312139.126,0.2109
1.0000000,233.7350000,-142.3585440,-6.2604980,209.3575200,-0.2136850,0.0085950,0.0106870,22.6408984,114.0099921,48.4530000,234748.0000000,0.0000000,20561.0000000,20562.0000000,26303586.577,-10473707.744,28312139.105,0.2139
1.0000000,233.8410000,-142.3544320,-6.2563380,209.3580000,-0.2028780,0.0083900,0.0104140,22.6408991,114.0099921,48.4560000,234854.0000000,0.0000000,20571.0000000,20572.0000000,26303586.655,-10473707.744,28312139.177,0.2031
1.0000000,233.9460000,-142.3568800,-6.2583880,209.3580640,-0.2057590,0.0084840,0.0102060,22.6408989,114.0099921,48.4580000,234959.0000000,0.0000000,20580.0000000,20581.0000000,26303586.632,-10473707.744,28312139.157,0.2059
1.0000000,234.0510000,-142.3624160,-6.2601250,209.3568800,-0.2084120,0.0084830,0.0102610,22.6408987,114.0099921,48.4590000,235065.0000000,0.0000000,20590.0000000,20591.0000000,26303586.610,-10473707.744,28312139.136,0.2086
1.0000000,234.1570000,-142.3629120,-6.2612130,209.3591200,-0.2109600,0.0085280,0.0102210,22.6408986,114.0099921,48.4600000,235171.0000000,0.0000000,20600.0000000,20600.0000000,26303586.599,-10473707.744,28312139.126,0.2111
1.0000000,234.2620000,-142.3588640,-6.2555770,209.3572000,-0.1998850,0.0081010,0.0103380,22.6408993,114.0099921,48.4640000,235276.0000000,0.0000000,20609.0000000,20610.0000000,26303586.677,-10473707.744,28312139.198,0.2000
1.0000000,234.3680000,-142.3576800,-6.2538850,209.3578560,-0.2029100,0.0085150,0.0099710,22.6408991,114.0099921,48.4650000,235382.0000000,0.0000000,20619.0000000,20620.0000000,26303586.655,-10473707.744,28312139.177,0.2031
1.0000000,234.4730000,-142.3605760,-6.2560840,209.3604160,-0.2060170,0.0086500,0.0099440,22.6408990,114.0099921,48.4670000,235487.0000000,0.0000000,20628.0000000,20629.0000000,26303586.644,-10473707.744,28312139.167,0.2062
1.0000000,234.5800000,-142.3671520,-6.2611280,209.3621760,-0.2084870,0.0087110,0.0097780,22.6408988,114.0099921,48.4680000,235594.0000000,0.0000000,20637.0000000,20638.0000000,26303586.621,-10473707.744,28312139.146,0.2087
1.0000000,234.6850000,-142.3673920,-6.2609110,209.3613280,-0.2109310,0.0087720,0.0096860,22.6408987,114.0099921,48.4700000,235699.0000000,0.0000000,20646.0000000,20647.0000000,26303586.610,-10473707.744,28312139.136,0.2111
1.0000000,234.7910000,-142.3606080,-6.2550540,209.3628160,-0.1998800,0.0084760,0.0097930,22.6408994,114.0099921,48.4730000,235805.0000000,0.0000000,20655.0000000,20656.0000000,26303586.688,-10473707.744,28312139.208,0.2001
1.0000000,234.8960000,-142.3576000,-6.2534450,209.3631840,-0.2028050,0.0088650,0.0097430,22.6408993,114.0099921,48.4750000,235910.0000000,0.0000000,20664.0000000,20664.0000000,26303586.677,-10473707.744,28312139.198,0.2030
1.0000000,235.0020000,-142.3595680,-6.2554740,209.3630400,-0.2059770,0.0090410,0.0094540,22.6408991,114.0099921,48.4770000,236016.0000000,0.0000000,20673.0000000,20673.0000000,26303586.655,-10473707.744,28312139.177,0.2062
1.0000000,235.1070000,-142.3660000,-6.2602420,209.3652480,-0.2087460,0.0092990,0.0090980,22.6408989,114.0099921,48.4780000,236121.0000000,0.0000000,20681.0000000,20682.0000000,26303586.632,-10473707.744,28312139.157,0.2090
1.0000000,235.2130000,-142.3683520,-6.2613090,209.3652160,-0.2110760,0.0092410,0.0092940,22.6408988,114.0099921,48.4800000,236227.0000000,0.0000000,20690.0000000,20691.0000000,26303586.621,-10473707.744,28312139.146,0.2113
1.0000000,235.3200000,-142.3631040,-6.2541370,209.3638240,-0.2000390,0.0087260,0.0094080,22.6408995,114.0099921,48.4830000,236334.0000000,0.0000000,20699.0000000,20700.0000000,26303586.699,-10473707.744,28312139.219,0.2002
1.0000000,235.4270000,-142.3592640,-6.2528110,209.3647040,-0.2032520,0.0092690,0.0091440,22.6408994,114.0099921,48.4850000,236441.0000000,0.0000000,20709.0000000,20709.0000000,26303586.688,-10473707.744,28312139.208,0.2035
1.0000000,235.5320000,-142.3622400,-6.2554740,209.3664160,-0.2060620,0.0095270,0.0088370,22.6408993,114.0099921,48.4860000,236546.0000000,0.0000000,20718.0000000,20719.0000000,26303586.677,-10473707.744,28312139.198,0.2063
1.0000000,235.6380000,-142.3679520,-6.2588520,209.3686080,-0.2087480,0.0095060,0.0087680,22.6408992,114.0099921,48.4880000,236652.0000000,0.0000000,20728.0000000,20729.0000000,26303586.666,-10473707.744,28312139.188,0.2090
1.0000000,235.7430000,-142.3698560,-6.2600510,209.3703520,-0.2112900,0.0095750,0.0085610,22.6408991,114.0099922,48.4900000,236757.0000000,0.0000000,20737.0000000,20738.0000000,26303586.655,-10473707.753,28312139.181,0.2115
1.0000000,235.8490000,-142.3632000,-6.2529180,209.3706080,-0.2003080,0.0091070,0.0086710,22.6408998,114.0099921,48.4930000,236863.0000000,0.0000000,20747.0000000,20748.0000000,26303586.732,-10473707.744,28312139.249,0.2005
1.0000000,235.9540000,-142.3603680,-6.2520480,209.3718720,-0.2033690,0.0096400,0.0083910,22.6408997,114.0099921,48.4950000,236969.0000000,0.0000000,20757.0000000,20757.0000000,26303586.721,-10473707.744,28312139.239,0.2036
1.0000000,236.0590000,-142.3612960,-6.2545690,209.3733760,-0.2063440,0.0099770,0.0082680,22.6408996,114.0099921,48.4960000,237074.0000000,0.0000000,20766.0000000,20767.0000000,26303586.710,-10473707.744,28312139.229,0.2066
1.0000000,236.1650000,-142.3656960,-6.2590000,209.3754400,-0.2090280,0.0100250,0.0081180,22.6408995,114.0099922,48.4980000,237180.0000000,0.0000000,20776.0000000,20777.0000000,26303586.699,-10473707.753,28312139.222,0.2093
1.0000000,236.2700000,-142.3642080,-6.2550010,209.3757920,-0.1977990,0.0094750,0.0081430,22.6409002,114.0099921,48.5010000,237285.0000000,0.0000000,20785.0000000,20786.0000000,26303586.777,-10473707.744,28312139.291,0.1980
1.0000000,236.3770000,-142.3601120,-6.2517290,209.3763200,-0.2004860,0.0096900,0.0084250,22.6409001,114.0099921,48.5020000,237392.0000000,0.0000000,20795.0000000,20795.0000000,26303586.766,-10473707.744,28312139.280,0.2007
1.0000000,236.4820000,-142.3573760,-6.2518310,209.3763040,-0.2034700,0.0101660,0.0082670,22.6409000,114.0099921,48.5040000,237497.0000000,0.0000000,20803.0000000,20804.0000000,26303586.754,-10473707.744,28312139.270,0.2037
1.0000000,236.5880000,-142.3605120,-6.2540090,209.3785920,-0.2065680,0.0104650,0.0080350,22.6408998,114.0099922,48.5060000,237603.0000000,0.0000000,20812.0000000,20813.0000000,26303586.732,-10473707.753,28312139.253,0.2068
1.0000000,236.6950000,-142.3654400,-6.2567150,209.3800960,-0.2091210,0.0104960,0.0079220,22.6408996,114.0099922,48.5070000,237710.0000000,0.0000000,20821.0000000,20822.0000000,26303586.710,-10473707.753,28312139.232,0.2094
1.0000000,236.8010000,-142.3632320,-6.2519980,209.3794400,-0.1979070,0.0098020,0.0078100,22.6409004,114.0099921,48.5100000,237816.0000000,0.0000000,20830.0000000,20831.0000000,26303586.799,-10473707.744,28312139.311,0.1981
1.0000000,236.9060000,-142.3592640,-6.2507240,209.3777440,-0.2006340,0.0100430,0.0079460,22.6409002,114.0099921,48.5110000,237921.0000000,0.0000000,20839.0000000,20840.0000000,26303586.777,-10473707.744,28312139.291,0.2009
1.0000000,237.0120000,-142.3578880,-6.2488580,209.3787840,-0.2036760,0.0105840,0.0076760,22.6409000,114.0099922,48.5130000,238027.0000000,0.0000000,20848.0000000,20849.0000000,26303586.754,-10473707.753,28312139.273,0.2040
1.0000000,237.1180000,-142.3611520,-6.2504220,209.3792000,-0.2064660,0.0108660,0.0074940,22.6408998,114.0099922,48.5150000,238133.0000000,0.0000000,20857.0000000,20858.0000000,26303586.732,-10473707.753,28312139.253,0.2068
1.0000000,237.2260000,-142.3657600,-6.2539280,209.3793120,-0.2088660,0.0110040,0.0074570,22.6408996,114.0099922,48.5160000,238241.0000000,0.0000000,20866.0000000,20867.0000000,26303586.710,-10473707.753,28312139.232,0.2092
1.0000000,237.3310000,-142.3624000,-6.2495340,209.3791840,-0.1977310,0.0102820,0.0074730,22.6409004,114.0099921,48.5190000,238346.0000000,0.0000000,20875.0000000,20876.0000000,26303586.799,-10473707.744,28312139.311,0.1980
1.0000000,237.4370000,-142.3594720,-6.2474780,209.3799200,-0.2005410,0.0107020,0.0074440,22.6409002,114.0099922,48.5200000,238452.0000000,0.0000000,20885.0000000,20886.0000000,26303586.777,-10473707.753,28312139.294,0.2008
1.0000000,237.5430000,-142.3584640,-6.2469980,209.3802880,-0.2036050,0.0112840,0.0071940,22.6409000,114.0099922,48.5220000,238558.0000000,0.0000000,20895.0000000,20895.0000000,26303586.754,-10473707.753,28312139.273,0.2039
1.0000000,237.6480000,-142.3621760,-6.2499310,209.3811840,-0.2062640,0.0116310,0.0069230,22.6408999,114.0099922,48.5230000,238663.0000000,0.0000000,20904.0000000,20905.0000000,26303586.743,-10473707.753,28312139.263,0.2066
1.0000000,237.7540000,-142.3654560,-6.2545380,209.3821440,-0.2086770,0.0115890,0.0070180,22.6408997,114.0099922,48.5250000,238769.0000000,0.0000000,20914.0000000,20915.0000000,26303586.721,-10473707.753,28312139.243,0.2090
1.0000000,237.8580000,-142.3621600,-6.2508040,209.3809920,-0.1976860,0.0107880,0.0067910,22.6409004,114.0099921,48.5270000,238874.0000000,0.0000000,20923.0000000,20924.0000000,26303586.799,-10473707.744,28312139.311,0.1980
1.0000000,237.9640000,-142.3571680,-6.2487610,209.3819680,-0.2004430,0.0111380,0.0068620,22.6409003,114.0099922,48.5290000,238980.0000000,0.0000000,20933.0000000,20934.0000000,26303586.788,-10473707.753,28312139.304,0.2008
1.0000000,238.0710000,-142.3568960,-6.2490040,209.3820960,-0.2035620,0.0115350,0.0067460,22.6409001,114.0099922,48.5300000,239087.0000000,0.0000000,20943.0000000,20943.0000000,26303586.766,-10473707.753,28312139.284,0.2039
1.0000000,238.1760000,-142.3602720,-6.2530180,209.3815360,-0.2061360,0.0117190,0.0065070,22.6408999,114.0099922,48.5310000,239192.0000000,0.0000000,20952.0000000,20953.0000000,26303586.743,-10473707.753,28312139.263,0.2065
1.0000000,238.2820000,-142.3624640,-6.2502580,209.3806720,-0.1951990,0.0110320,0.0065640,22.6409006,114.0099921,48.5340000,239298.0000000,0.0000000,20962.0000000,20962.0000000,26303586.821,-10473707.744,28312139.332,0.1955
1.0000000,238.3870000,-142.3627840,-6.2501030,209.3800960,-0.1977130,0.0111030,0.0064680,22.6409004,114.0099922,48.5350000,239403.0000000,0.0000000,20970.0000000,20971.0000000,26303586.799,-10473707.753,28312139.315,0.1980
1.0000000,238.4930000,-142.3622400,-6.2488540,209.3787360,-0.2004490,0.0114370,0.0066780,22.6409002,114.0099922,48.5370000,239509.0000000,0.0000000,20979.0000000,20980.0000000,26303586.777,-10473707.753,28312139.294,0.2008
1.0000000,238.5990000,-142.3592320,-6.2493530,209.3780960,-0.2035070,0.0119710,0.0066080,22.6409001,114.0099922,48.5380000,239615.0000000,0.0000000,20988.0000000,20989.0000000,26303586.766,-10473707.753,28312139.284,0.2039
1.0000000,238.7050000,-142.3627840,-6.2521940,209.3787520,-0.2063460,0.0123730,0.0062240,22.6408999,114.0099922,48.5390000,239721.0000000,0.0000000,20997.0000000,20998.0000000,26303586.743,-10473707.753,28312139.263,0.2067
1.0000000,238.8110000,-142.3649280,-6.2532580,209.3801600,-0.1953060,0.0116040,0.0061740,22.6409006,114.0099922,48.5410000,239827.0000000,0.0000000,21006.0000000,21007.0000000,26303586.821,-10473707.753,28312139.335,0.1957
1.0000000,238.9170000,-142.3663840,-6.2536690,209.3805280,-0.1977030,0.0115950,0.0062050,22.6409004,114.0099922,48.5420000,239933.0000000,0.0000000,21015.0000000,21016.0000000,26303586.799,-10473707.753,28312139.315,0.1980
1.0000000,239.0230000,-142.3642080,-6.2516700,209.3805120,-0.2005950,0.0120040,0.0060720,22.6409003,114.0099922,48.5430000,240039.0000000,0.0000000,21024.0000000,21025.0000000,26303586.788,-10473707.753,28312139.304,0.2010
1.0000000,239.1290000,-142.3634720,-6.2522590,209.3803040,-0.2036940,0.0124350,0.0058510,22.6409001,114.0099922,48.5450000,240145.0000000,0.0000000,21033.0000000,21034.0000000,26303586.766,-10473707.753,28312139.284,0.2041
1.0000000,239.2350000,-142.3679200,-6.2556490,209.3797440,-0.2064830,0.0127820,0.0055550,22.6408999,114.0099922,48.5460000,240251.0000000,0.0000000,21042.0000000,21043.0000000,26303586.743,-10473707.753,28312139.263,0.2069
1.0000000,239.3410000,-142.3671040,-6.2551820,209.3801120,-0.1954160,0.0121130,0.0055190,22.6409006,114.0099922,48.5490000,240357.0000000,0.0000000,21052.0000000,21053.0000000,26303586.821,-10473707.753,28312139.335,0.1958
1.0000000,239.4470000,-142.3674880,-6.2552540,209.3791840,-0.1978860,0.0122280,0.0057360,22.6409004,114.0099922,48.5480000,240463.0000000,0.0000000,21062.0000000,21062.0000000,26303586.799,-10473707.753,28312139.315,0.1983
1.0000000,239.5530000,-142.3629600,-6.2530140,209.3782880,-0.2008590,0.0126130,0.0057050,22.6409002,114.0099922,48.5490000,240569.0000000,0.0000000,21071.0000000,21072.0000000,26303586.777,-10473707.753,28312139.294,0.2013
1.0000000,239.6600000,-142.3622080,-6.2518040,209.3775360,-0.2040630,0.0130480,0.0054020,22.6409000,114.0099922,48.5510000,240676.0000000,0.0000000,21081.0000000,21082.0000000,26303586.754,-10473707.753,28312139.273,0.2045
1.0000000,239.7650000,-142.3652320,-6.2551830,209.3789280,-0.2068120,0.0135170,0.0051470,22.6408998,114.0099922,48.5520000,240782.0000000,0.0000000,21091.0000000,21091.0000000,26303586.732,-10473707.753,28312139.253,0.2073
1.0000000,239.8710000,-142.3636640,-6.2497060,209.3783520,-0.1956060,0.0125970,0.0052420,22.6409004,114.0099922,48.5550000,240888.0000000,0.0000000,21100.0000000,21101.0000000,26303586.799,-10473707.753,28312139.315,0.1960
1.0000000,239.9770000,-142.3616640,-6.2499580,209.3774400,-0.1979970,0.0127950,0.0054630,22.6409002,114.0099922,48.5560000,240994.0000000,0.0000000,21110.0000000,21111.0000000,26303586.777,-10473707.753,28312139.294,0.1984
1.0000000,240.0830000,-142.3571360,-6.2468130,209.3753920,-0.2009410,0.0131150,0.0054150,22.6409000,114.0099922,48.5570000,241100.0000000,0.0000000,21120.0000000,21120.0000000,26303586.754,-10473707.753,28312139.273,0.2014
1.0000000,240.1880000,-142.3574560,-6.2477710,209.3742880,-0.2039990,0.0135470,0.0050240,22.6408998,114.0099922,48.5580000,241205.0000000,0.0000000,21128.0000000,21129.0000000,26303586.732,-10473707.753,28312139.253,0.2044
1.0000000,240.2940000,-142.3598720,-6.2467280,209.3760480,-0.1932280,0.0128770,0.0047470,22.6409005,114.0099922,48.5610000,241311.0000000,0.0000000,21137.0000000,21138.0000000,26303586.810,-10473707.753,28312139.325,0.1937
1.0000000,240.4000000,-142.3633120,-6.2482450,209.3746240,-0.1954440,0.0128900,0.0049170,22.6409003,114.0099922,48.5620000,241417.0000000,0.0000000,21146.0000000,21147.0000000,26303586.788,-10473707.753,28312139.304,0.1959
1.0000000,240.5070000,-142.3616480,-6.2453330,209.3740480,-0.1981510,0.0130950,0.0050310,22.6409001,114.0099922,48.5630000,241524.0000000,0.0000000,21155.0000000,21156.0000000,26303586.766,-10473707.753,28312139.284,0.1986
1.0000000,240.6120000,-142.3594880,-6.2461290,209.3756800,-0.2007010,0.0133370,0.0050640,22.6408999,114.0099922,48.5640000,241629.0000000,0.0000000,21164.0000000,21165.0000000,26303586.743,-10473707.753,28312139.263,0.2011
1.0000000,240.7180000,-142.3591840,-6.2467330,209.3755360,-0.2037210,0.0139060,0.0046880,22.6408998,114.0099922,48.5650000,241735.0000000,0.0000000,21173.0000000,21174.0000000,26303586.732,-10473707.753,28312139.253,0.2042
1.0000000,240.8240000,-142.3582400,-6.2438680,209.3756960,-0.1936770,0.0125860,0.0043910,22.6409004,114.0099922,48.5680000,241841.0000000,0.0000000,21182.0000000,21183.0000000,26303586.799,-10473707.753,28312139.315,0.1941
1.0000000,240.9290000,-142.3582400,-6.2452330,209.3757120,-0.1950950,0.0134320,0.0046180,22.6409002,114.0099922,48.5690000,241946.0000000,0.0000000,21191.0000000,21192.0000000,26303586.777,-10473707.753,28312139.294,0.1956
1.0000000,241.0360000,-142.3618720,-6.2467440,209.3759840,-0.1973690,0.0136140,0.0048040,22.6409000,114.0099922,48.5700000,242053.0000000,0.0000000,21200.0000000,21201.0000000,26303586.754,-10473707.753,28312139.273,0.1978
1.0000000,241.1420000,-142.3572160,-6.2442100,209.3732160,-0.2000800,0.0139960,0.0048580,22.6408998,114.0099922,48.5710000,242159.0000000,0.0000000,21210.0000000,21210.0000000,26303586.732,-10473707.753,28312139.253,0.2006
1.0000000,241.2470000,-142.3567040,-6.2440560,209.3738400,-0.2030810,0.0143210,0.0045370,22.6408996,114.0099922,48.5720000,242264.0000000,0.0000000,21219.0000000,21220.0000000,26303586.710,-10473707.753,28312139.232,0.2036
1.0000000,241.3530000,-142.3602720,-6.2437540,209.3755360,-0.1924450,0.0136840,0.0041390,22.6409003,114.0099922,48.5750000,242370.0000000,0.0000000,21229.0000000,21230.0000000,26303586.788,-10473707.753,28312139.304,0.1929
1.0000000,241.4600000,-142.3618080,-6.2450810,209.3748640,-0.1946460,0.0137570,0.0043580,22.6409001,114.0099922,48.5760000,242477.0000000,0.0000000,21239.0000000,21239.0000000,26303586.766,-10473707.753,28312139.284,0.1951
1.0000000,241.5640000,-142.3614400,-6.2444750,209.3747200,-0.1969300,0.0140240,0.0045360,22.6408999,114.0099922,48.5770000,242582.0000000,0.0000000,21248.0000000,21249.0000000,26303586.743,-10473707.753,28312139.263,0.1974
1.0000000,241.6700000,-142.3566720,-6.2424400,209.3737440,-0.1998570,0.0144780,0.0045150,22.6408996,114.0099922,48.5790000,242688.0000000,0.0000000,21258.0000000,21258.0000000,26303586.710,-10473707.753,28312139.232,0.2004
1.0000000,241.7750000,-142.3550400,-6.2402260,209.3731680,-0.1896350,0.0138960,0.0041370,22.6409003,114.0099922,48.5810000,242793.0000000,0.0000000,21267.0000000,21268.0000000,26303586.788,-10473707.753,28312139.304,0.1901
1.0000000,241.8810000,-142.3592800,-6.2454410,209.3749600,-0.1920060,0.0141550,0.0037990,22.6409001,114.0099922,48.5810000,242899.0000000,0.0000000,21277.0000000,21278.0000000,26303586.766,-10473707.753,28312139.284,0.1925
1.0000000,241.9860000,-142.3617760,-6.2461920,209.3749760,-0.1942390,0.0142400,0.0039380,22.6409000,114.0099922,48.5830000,243004.0000000,0.0000000,21286.0000000,21287.0000000,26303586.754,-10473707.753,28312139.273,0.1948
1.0000000,242.0910000,-142.3603680,-6.2452090,209.3736000,-0.1965020,0.0144040,0.0041800,22.6408998,114.0099922,48.5840000,243109.0000000,0.0000000,21295.0000000,21296.0000000,26303586.732,-10473707.753,28312139.253,0.1970
1.0000000,242.1960000,-142.3557760,-6.2424950,209.3728480,-0.1991740,0.0146550,0.0041040,22.6408996,114.0099922,48.5850000,243214.0000000,0.0000000,21304.0000000,21304.0000000,26303586.710,-10473707.753,28312139.232,0.1997
1.0000000,242.3010000,-142.3519680,-6.2379290,209.3736320,-0.1888540,0.0141280,0.0039020,22.6409003,114.0099922,48.5890000,243319.0000000,0.0000000,21312.0000000,21313.0000000,26303586.788,-10473707.753,28312139.304,0.1894
1.0000000,242.4070000,-142.3547840,-6.2426220,209.3755520,-0.1915080,0.0144750,0.0034950,22.6409001,114.0099922,48.5910000,243425.0000000,0.0000000,21321.0000000,21322.0000000,26303586.766,-10473707.753,28312139.284,0.1921
1.0000000,242.5140000,-142.3599360,-6.2467210,209.3768160,-0.1938200,0.0146450,0.0035060,22.6409000,114.0099922,48.5920000,243532.0000000,0.0000000,21330.0000000,21331.0000000,26303586.754,-10473707.753,28312139.273,0.1944
1.0000000,242.6190000,-142.3596480,-6.2474470,209.3767360,-0.1959790,0.0145850,0.0035720,22.6408998,114.0099922,48.5930000,243637.0000000,0.0000000,21339.0000000,21340.0000000,26303586.732,-10473707.753,28312139.253,0.1965
1.0000000,242.7250000,-142.3563200,-6.2446530,209.3764800,-0.1987280,0.0149300,0.0036060,22.6408997,114.0099922,48.5950000,243743.0000000,0.0000000,21348.0000000,21349.0000000,26303586.721,-10473707.753,28312139.243,0.1993
1.0000000,242.8320000,-142.3511040,-6.2397840,209.3778880,-0.1887320,0.0143260,0.0031630,22.6409005,114.0099922,48.5960000,243850.0000000,0.0000000,21357.0000000,21358.0000000,26303586.810,-10473707.753,28312139.325,0.1893
1.0000000,242.9390000,-142.3568800,-6.2430110,209.3791200,-0.1910920,0.0145770,0.0029450,22.6409003,114.0099922,48.5980000,243957.0000000,0.0000000,21367.0000000,21368.0000000,26303586.788,-10473707.753,28312139.304,0.1916
1.0000000,243.0450000,-142.3595200,-6.2456940,209.3815040,-0.1931810,0.0146360,0.0031650,22.6409002,114.0099922,48.5990000,244063.0000000,0.0000000,21377.0000000,21377.0000000,26303586.777,-10473707.753,28312139.294,0.1937
1.0000000,243.1500000,-142.3572480,-6.2462220,209.3829280,-0.1954730,0.0147270,0.0032850,22.6409001,114.0099922,48.6000000,244168.0000000,0.0000000,21386.0000000,21387.0000000,26303586.766,-10473707.753,28312139.284,0.1960
1.0000000,243.2560000,-142.3543200,-6.2419100,209.3841120,-0.1982350,0.0150640,0.0032510,22.6408999,114.0099922,48.6010000,244274.0000000,0.0000000,21396.0000000,21397.0000000,26303586.743,-10473707.753,28312139.263,0.1988
1.0000000,243.3600000,-142.3514560,-6.2372970,209.3847520,-0.1881440,0.0145570,0.0027150,22.6409007,114.0099922,48.6030000,244379.0000000,0.0000000,21405.0000000,21406.0000000,26303586.832,-10473707.753,28312139.346,0.1887
1.0000000,243.4660000,-142.3571840,-6.2405320,209.3852800,-0.1905620,0.0148950,0.0024630,22.6409006,114.0099922,48.6050000,244485.0000000,0.0000000,21415.0000000,21416.0000000,26303586.821,-10473707.753,28312139.335,0.1911
1.0000000,243.5720000,-142.3597920,-6.2430580,209.3867040,-0.1927050,0.0148670,0.0028000,22.6409006,114.0099922,48.6050000,244591.0000000,0.0000000,21425.0000000,21425.0000000,26303586.821,-10473707.753,28312139.335,0.1933
1.0000000,243.6780000,-142.3579200,-6.2424760,209.3865440,-0.1949440,0.0150180,0.0029410,22.6409004,114.0099922,48.6060000,244697.0000000,0.0000000,21434.0000000,21435.0000000,26303586.799,-10473707.753,28312139.315,0.1955
1.0000000,243.7840000,-142.3517280,-6.2362890,209.3878720,-0.1849350,0.0145410,0.0029060,22.6409012,114.0099922,48.6080000,244803.0000000,0.0000000,21443.0000000,21444.0000000,26303586.888,-10473707.753,28312139.397,0.1855
1.0000000,243.8900000,-142.3528000,-6.2365440,209.3887040,-0.1878610,0.0149120,0.0025930,22.6409011,114.0099922,48.6090000,244909.0000000,0.0000000,21452.0000000,21453.0000000,26303586.876,-10473707.753,28312139.387,0.1885
1.0000000,243.9960000,-142.3570560,-6.2408170,209.3899680,-0.1902340,0.0151080,0.0022900,22.6409010,114.0099922,48.6100000,245015.0000000,0.0000000,21461.0000000,21462.0000000,26303586.865,-10473707.753,28312139.377,0.1908
1.0000000,244.1010000,-142.3593280,-6.2430420,209.3908480,-0.1922930,0.0151800,0.0024470,22.6409008,114.0099922,48.6120000,245120.0000000,0.0000000,21470.0000000,21471.0000000,26303586.843,-10473707.753,28312139.356,0.1929
1.0000000,244.2060000,-142.3566080,-6.2405890,209.3907040,-0.1943620,0.0153330,0.0026450,22.6409007,114.0099923,48.6130000,245225.0000000,0.0000000,21479.0000000,21479.0000000,26303586.832,-10473707.762,28312139.349,0.1950
1.0000000,244.3120000,-142.3505120,-6.2343860,209.3907520,-0.1843540,0.0146460,0.0026350,22.6409014,114.0099922,48.6150000,245331.0000000,0.0000000,21488.0000000,21488.0000000,26303586.910,-10473707.753,28312139.418,0.1849
1.0000000,244.4180000,-142.3506080,-6.2360510,209.3908800,-0.1871890,0.0150890,0.0023830,22.6409013,114.0099922,48.6160000,245437.0000000,0.0000000,21496.0000000,21497.0000000,26303586.899,-10473707.753,28312139.407,0.1878
1.0000000,244.5240000,-142.3552160,-6.2398480,209.3949920,-0.1894860,0.0154450,0.0020400,22.6409012,114.0099922,48.6170000,245543.0000000,0.0000000,21506.0000000,21506.0000000,26303586.888,-10473707.753,28312139.397,0.1901
1.0000000,244.6300000,-142.3580480,-6.2414720,209.3949280,-0.1915300,0.0153630,0.0022370,22.6409011,114.0099922,48.6190000,245649.0000000,0.0000000,21515.0000000,21516.0000000,26303586.876,-10473707.753,28312139.387,0.1921
1.0000000,244.7360000,-142.3542720,-6.2388710,209.3940800,-0.1938530,0.0155120,0.0025180,22.6409010,114.0099923,48.6200000,245755.0000000,0.0000000,21525.0000000,21525.0000000,26303586.865,-10473707.762,28312139.380,0.1945
1.0000000,244.8410000,-142.3477280,-6.2328580,209.3938400,-0.1837770,0.0148960,0.0023990,22.6409017,114.0099922,48.6220000,245860.0000000,0.0000000,21534.0000000,21535.0000000,26303586.943,-10473707.753,28312139.449,0.1844
1.0000000,244.9470000,-142.3474080,-6.2332030,209.3941600,-0.1864720,0.0152300,0.0020640,22.6409016,114.0099922,48.6230000,245966.0000000,0.0000000,21544.0000000,21545.0000000,26303586.932,-10473707.753,28312139.438,0.1871
1.0000000,245.0520000,-142.3535840,-6.2382100,209.3963520,-0.1886680,0.0152820,0.0017510,22.6409016,114.0099922,48.6240000,246072.0000000,0.0000000,21554.0000000,21554.0000000,26303586.932,-10473707.753,28312139.438,0.1893
1.0000000,245.1570000,-142.3554720,-6.2387220,209.3966240,-0.1906620,0.0153200,0.0017830,22.6409014,114.0099923,48.6260000,246177.0000000,0.0000000,21563.0000000,21564.0000000,26303586.910,-10473707.762,28312139.421,0.1913
1.0000000,245.2630000,-142.3530880,-6.2374140,209.3976480,-0.1927770,0.0154450,0.0019440,22.6409013,114.0099923,48.6270000,246283.0000000,0.0000000,21573.0000000,21573.0000000,26303586.899,-10473707.762,28312139.411,0.1934
1.0000000,245.3680000,-142.3466720,-6.2320000,209.3982080,-0.1827220,0.0147580,0.0018930,22.6409020,114.0099922,48.6280000,246388.0000000,0.0000000,21582.0000000,21583.0000000,26303586.976,-10473707.753,28312139.480,0.1833
1.0000000,245.4750000,-142.3482080,-6.2350270,209.4015680,-0.1854630,0.0151130,0.0016170,22.6409019,114.0099922,48.6290000,246495.0000000,0.0000000,21591.0000000,21592.0000000,26303586.965,-10473707.753,28312139.469,0.1861
1.0000000,245.5800000,-142.3520960,-6.2388710,209.4036320,-0.1876490,0.0152040,0.0012690,22.6409018,114.0099923,48.6310000,246600.0000000,0.0000000,21600.0000000,21601.0000000,26303586.954,-10473707.762,28312139.462,0.1883
1.0000000,245.6860000,-142.3547520,-6.2426090,209.4060640,-0.1895080,0.0151340,0.0014580,22.6409017,114.0099923,48.6320000,246706.0000000,0.0000000,21609.0000000,21610.0000000,26303586.943,-10473707.762,28312139.452,0.1901
1.0000000,245.7920000,-142.3515200,-6.2377140,209.4085760,-0.1793230,0.0142610,0.0016370,22.6409024,114.0099922,48.6340000,246812.0000000,0.0000000,21618.0000000,21619.0000000,26303587.021,-10473707.753,28312139.521,0.1799
1.0000000,245.8980000,-142.3478240,-6.2361600,209.4075040,-0.1820160,0.0146750,0.0015790,22.6409023,114.0099922,48.6350000,246918.0000000,0.0000000,21627.0000000,21628.0000000,26303587.010,-10473707.753,28312139.510,0.1826
1.0000000,246.0040000,-142.3497920,-6.2387290,209.4099360,-0.1847180,0.0149580,0.0013470,22.6409022,114.0099922,48.6370000,247024.0000000,0.0000000,21636.0000000,21637.0000000,26303586.998,-10473707.753,28312139.500,0.1853
1.0000000,246.1110000,-142.3556320,-6.2432840,209.4110240,-0.1870160,0.0149970,0.0013000,22.6409021,114.0099923,48.6380000,247131.0000000,0.0000000,21645.0000000,21646.0000000,26303586.987,-10473707.762,28312139.493,0.1876
1.0000000,246.2170000,-142.3586400,-6.2450400,209.4112160,-0.1892080,0.0149740,0.0011800,22.6409020,114.0099923,48.6390000,247237.0000000,0.0000000,21654.0000000,21655.0000000,26303586.976,-10473707.762,28312139.483,0.1898
1.0000000,246.3240000,-142.3521120,-6.2385450,209.4115840,-0.1793930,0.0142810,0.0014080,22.6409027,114.0099922,48.6410000,247344.0000000,0.0000000,21664.0000000,21664.0000000,26303587.054,-10473707.753,28312139.552,0.1800
1.0000000,246.4300000,-142.3505920,-6.2375610,209.4100640,-0.1821120,0.0147480,0.0012670,22.6409026,114.0099922,48.6420000,247450.0000000,0.0000000,21673.0000000,21674.0000000,26303587.043,-10473707.753,28312139.541,0.1827
1.0000000,246.5360000,-142.3551520,-6.2422510,209.4123520,-0.1846010,0.0151690,0.0009540,22.6409025,114.0099923,48.6430000,247556.0000000,0.0000000,21683.0000000,21684.0000000,26303587.032,-10473707.762,28312139.534,0.1852
1.0000000,246.6410000,-142.3586240,-6.2452870,209.4128800,-0.1868750,0.0151270,0.0010630,22.6409024,114.0099923,48.6450000,247661.0000000,0.0000000,21692.0000000,21693.0000000,26303587.021,-10473707.762,28312139.524,0.1875
1.0000000,246.7470000,-142.3594720,-6.2466540,209.4152160,-0.1891320,0.0152080,0.0011930,22.6409022,114.0099923,48.6460000,247767.0000000,0.0000000,21702.0000000,21703.0000000,26303586.998,-10473707.762,28312139.504,0.1897
1.0000000,246.8520000,-142.3510240,-6.2406100,209.4155520,-0.1795050,0.0145900,0.0012340,22.6409030,114.0099922,48.6470000,247873.0000000,0.0000000,21712.0000000,21712.0000000,26303587.087,-10473707.753,28312139.583,0.1801
1.0000000,246.9570000,-142.3493440,-6.2388870,209.4164800,-0.1822620,0.0149940,0.0011820,22.6409029,114.0099923,48.6490000,247978.0000000,0.0000000,21721.0000000,21722.0000000,26303587.076,-10473707.762,28312139.576,0.1829
1.0000000,247.0630000,-142.3531200,-6.2437270,209.4179360,-0.1848350,0.0153340,0.0008390,22.6409028,114.0099923,48.6500000,248084.0000000,0.0000000,21731.0000000,21731.0000000,26303587.065,-10473707.762,28312139.565,0.1855
1.0000000,247.1680000,-142.3569920,-6.2477300,209.4183360,-0.1869890,0.0152960,0.0009070,22.6409026,114.0099923,48.6500000,248189.0000000,0.0000000,21740.0000000,21741.0000000,26303587.043,-10473707.762,28312139.545,0.1876
1.0000000,247.2750000,-142.3564320,-6.2477590,209.4175520,-0.1892540,0.0153650,0.0011680,22.6409025,114.0099923,48.6520000,248296.0000000,0.0000000,21750.0000000,21750.0000000,26303587.032,-10473707.762,28312139.534,0.1899
1.0000000,247.3810000,-142.3497440,-6.2417650,209.4179360,-0.1797350,0.0145650,0.0010910,22.6409032,114.0099922,48.6530000,248402.0000000,0.0000000,21759.0000000,21759.0000000,26303587.109,-10473707.753,28312139.603,0.1803
1.0000000,247.4860000,-142.3486880,-6.2391450,209.4173280,-0.1824980,0.0148430,0.0008860,22.6409030,114.0099923,48.6540000,248507.0000000,0.0000000,21767.0000000,21768.0000000,26303587.087,-10473707.762,28312139.586,0.1831
1.0000000,247.5920000,-142.3534880,-6.2443490,209.4192000,-0.1849320,0.0150980,0.0005210,22.6409028,114.0099923,48.6550000,248613.0000000,0.0000000,21776.0000000,21777.0000000,26303587.065,-10473707.762,28312139.565,0.1855
1.0000000,247.6990000,-142.3565280,-6.2465100,209.4186080,-0.1871080,0.0150050,0.0005510,22.6409027,114.0099923,48.6570000,248720.0000000,0.0000000,21785.0000000,21786.0000000,26303587.054,-10473707.762,28312139.555,0.1877
1.0000000,247.8040000,-142.3526080,-6.2424810,209.4189600,-0.1771490,0.0139650,0.0006590,22.6409033,114.0099922,48.6580000,248825.0000000,0.0000000,21794.0000000,21795.0000000,26303587.121,-10473707.753,28312139.614,0.1777
1.0000000,247.9100000,-142.3500160,-6.2391130,209.4177280,-0.1797850,0.0142360,0.0006560,22.6409032,114.0099923,48.6600000,248931.0000000,0.0000000,21803.0000000,21804.0000000,26303587.109,-10473707.762,28312139.607,0.1803
1.0000000,248.0160000,-142.3500320,-6.2406670,209.4182880,-0.1826630,0.0146260,0.0003190,22.6409030,114.0099923,48.6610000,249037.0000000,0.0000000,21812.0000000,21813.0000000,26303587.087,-10473707.762,28312139.586,0.1832
1.0000000,248.1210000,-142.3549920,-6.2445050,209.4209920,-0.1850360,0.0148040,0.0001990,22.6409030,114.0099923,48.6620000,249142.0000000,0.0000000,21821.0000000,21822.0000000,26303587.087,-10473707.762,28312139.586,0.1856
1.0000000,248.2280000,-142.3595200,-6.2476450,209.4216800,-0.1871580,0.0147900,0.0001940,22.6409029,114.0099923,48.6640000,249249.0000000,0.0000000,21830.0000000,21831.0000000,26303587.076,-10473707.762,28312139.576,0.1877
1.0000000,248.3340000,-142.3556320,-6.2440900,209.4238560,-0.1772950,0.0139480,0.0004540,22.6409036,114.0099923,48.6660000,249355.0000000,0.0000000,21840.0000000,21841.0000000,26303587.154,-10473707.762,28312139.648,0.1778
1.0000000,248.4410000,-142.3511680,-6.2412620,209.4229440,-0.1801720,0.0142970,0.0004220,22.6409035,114.0099923,48.6670000,249462.0000000,0.0000000,21850.0000000,21850.0000000,26303587.143,-10473707.762,28312139.638,0.1807
1.0000000,248.5460000,-142.3518400,-6.2431760,209.4246080,-0.1829590,0.0145290,0.0000400,22.6409034,114.0099923,48.6680000,249567.0000000,0.0000000,21859.0000000,21860.0000000,26303587.132,-10473707.762,28312139.627,0.1835
1.0000000,248.6520000,-142.3556640,-6.2461850,209.4245280,-0.1854360,0.0147720,-0.0001820,22.6409033,114.0099923,48.6700000,249673.0000000,0.0000000,21869.0000000,21870.0000000,26303587.121,-10473707.762,28312139.617,0.1860
1.0000000,248.7560000,-142.3591520,-6.2485840,209.4252320,-0.1876580,0.0148070,-0.0000350,22.6409032,114.0099923,48.6710000,249778.0000000,0.0000000,21878.0000000,21879.0000000,26303587.109,-10473707.762,28312139.607,0.1882
1.0000000,248.8620000,-142.3544480,-6.2436140,209.4252000,-0.1776590,0.0139140,0.0001620,22.6409039,114.0099923,48.6730000,249884.0000000,0.0000000,21888.0000000,21889.0000000,26303587.187,-10473707.762,28312139.679,0.1782
1.0000000,248.9680000,-142.3513280,-6.2409210,209.4256480,-0.1804060,0.0142640,0.0002530,22.6409038,114.0099923,48.6730000,249990.0000000,0.0000000,21898.0000000,21898.0000000,26303587.176,-10473707.762,28312139.668,0.1810
1.0000000,249.0740000,-142.3522240,-6.2416650,209.4272640,-0.1833420,0.0146280,-0.0002220,22.6409037,114.0099923,48.6740000,250096.0000000,0.0000000,21907.0000000,21908.0000000,26303587.165,-10473707.762,28312139.658,0.1839
1.0000000,249.1820000,-142.3586880,-6.2457860,209.4290720,-0.1857150,0.0147980,-0.0003920,22.6409037,114.0099923,48.6760000,250204.0000000,0.0000000,21916.0000000,21917.0000000,26303587.165,-10473707.762,28312139.658,0.1863
1.0000000,249.2880000,-142.3571840,-6.2451860,209.4321760,-0.1757220,0.0138240,-0.0002310,22.6409044,114.0099923,48.6770000,250310.0000000,0.0000000,21925.0000000,21926.0000000,26303587.243,-10473707.762,28312139.730,0.1763
1.0000000,249.3950000,-142.3538880,-6.2427240,209.4331360,-0.1782040,0.0139650,-0.0001620,22.6409043,114.0099923,48.6790000,250417.0000000,0.0000000,21934.0000000,21935.0000000,26303587.231,-10473707.762,28312139.720,0.1788
1.0000000,249.5020000,-142.3516320,-6.2413890,209.4345440,-0.1810430,0.0143440,-0.0003630,22.6409042,114.0099923,48.6800000,250524.0000000,0.0000000,21943.0000000,21944.0000000,26303587.220,-10473707.762,28312139.710,0.1816
1.0000000,249.6090000,-142.3551520,-6.2443140,209.4356320,-0.1836120,0.0145570,-0.0006590,22.6409041,114.0099923,48.6820000,250631.0000000,0.0000000,21952.0000000,21953.0000000,26303587.209,-10473707.762,28312139.699,0.1842
1.0000000,249.7160000,-142.3578560,-6.2475340,209.4360640,-0.1857260,0.0145710,-0.0006210,22.6409039,114.0099923,48.6840000,250738.0000000,0.0000000,21961.0000000,21962.0000000,26303587.187,-10473707.762,28312139.679,0.1863
1.0000000,249.8230000,-142.3513760,-6.2419910,209.4364640,-0.1759610,0.0136060,-0.0003730,22.6409046,114.0099923,48.6860000,250845.0000000,0.0000000,21970.0000000,21971.0000000,26303587.265,-10473707.762,28312139.751,0.1765
1.0000000,249.9300000,-142.3477920,-6.2413560,209.4376640,-0.1787500,0.0140760,-0.0005470,22.6409045,114.0099923,48.6870000,250952.0000000,0.0000000,21979.0000000,21980.0000000,26303587.254,-10473707.762,28312139.741,0.1793
1.0000000,250.0380000,-142.3496480,-6.2453490,209.4380480,-0.1814050,0.0142920,-0.0009900,22.6409044,114.0099923,48.6900000,251060.0000000,0.0000000,21989.0000000,21990.0000000,26303587.243,-10473707.762,28312139.730,0.1820
1.0000000,250.1440000,-142.3524160,-6.2492870,209.4405280,-0.1836590,0.0141590,-0.0009000,22.6409043,114.0099923,48.6900000,251166.0000000,0.0000000,21999.0000000,21999.0000000,26303587.231,-10473707.762,28312139.720,0.1842
1.0000000,250.2500000,-142.3525280,-6.2495150,209.4402560,-0.1858970,0.0140090,-0.0007470,22.6409041,114.0099923,48.6920000,251272.0000000,0.0000000,22008.0000000,22009.0000000,26303587.209,-10473707.762,28312139.699,0.1864
1.0000000,250.3570000,-142.3454560,-6.2436440,209.4396160,-0.1765050,0.0133360,-0.0007560,22.6409048,114.0099923,48.6930000,251379.0000000,0.0000000,22018.0000000,22019.0000000,26303587.287,-10473707.762,28312139.772,0.1770
1.0000000,250.4630000,-142.3443520,-6.2429670,209.4377120,-0.1793360,0.0136510,-0.0010670,22.6409046,114.0099923,48.6940000,251485.0000000,0.0000000,22028.0000000,22028.0000000,26303587.265,-10473707.762,28312139.751,0.1799
1.0000000,250.5670000,-142.3485280,-6.2484420,209.4386720,-0.1818030,0.0137550,-0.0011370,22.6409045,114.0099923,48.6960000,251590.0000000,0.0000000,22037.0000000,22038.0000000,26303587.254,-10473707.762,28312139.741,0.1823
1.0000000,250.6730000,-142.3521600,-6.2527610,209.4404320,-0.1839210,0.0136520,-0.0010890,22.6409044,114.0099923,48.6970000,251696.0000000,0.0000000,22047.0000000,22048.0000000,26303587.243,-10473707.762,28312139.730,0.1844
1.0000000,250.7800000,-142.3487040,-6.2517660,209.4398240,-0.1862310,0.0134810,-0.0010050,22.6409043,114.0099923,48.6990000,251803.0000000,0.0000000,22057.0000000,22057.0000000,26303587.231,-10473707.762,28312139.720,0.1867
1.0000000,250.8860000,-142.3424960,-6.2441350,209.4395840,-0.1769000,0.0127530,-0.0010300,22.6409050,114.0099923,48.7010000,251909.0000000,0.0000000,22066.0000000,22067.0000000,26303587.309,-10473707.762,28312139.792,0.1774
1.0000000,250.9920000,-142.3431040,-6.2436000,209.4396320,-0.1798720,0.0129680,-0.0014650,22.6409048,114.0099923,48.7020000,252015.0000000,0.0000000,22075.0000000,22076.0000000,26303587.287,-10473707.762,28312139.772,0.1803
1.0000000,251.0980000,-142.3459040,-6.2469760,209.4386880,-0.1822020,0.0130110,-0.0017690,22.6409047,114.0099923,48.7040000,252121.0000000,0.0000000,22084.0000000,22085.0000000,26303587.276,-10473707.762,28312139.761,0.1827
1.0000000,251.2030000,-142.3470080,-6.2485510,209.4402720,-0.1842470,0.0128470,-0.0016080,22.6409045,114.0099923,48.7060000,252226.0000000,0.0000000,22093.0000000,22094.0000000,26303587.254,-10473707.762,28312139.741,0.1847
1.0000000,251.3090000,-142.3425600,-6.2437840,209.4382400,-0.1743610,0.0118740,-0.0013790,22.6409052,114.0099923,48.7080000,252332.0000000,0.0000000,22102.0000000,22103.0000000,26303587.331,-10473707.762,28312139.813,0.1748
1.0000000,251.4150000,-142.3374720,-6.2405400,209.4378400,-0.1770380,0.0119730,-0.0014330,22.6409050,114.0099923,48.7100000,252438.0000000,0.0000000,22111.0000000,22112.0000000,26303587.309,-10473707.762,28312139.792,0.1774
1.0000000,251.5220000,-142.3385120,-6.2431340,209.4380000,-0.1798110,0.0120730,-0.0017060,22.6409048,114.0099923,48.7110000,252545.0000000,0.0000000,22120.0000000,22121.0000000,26303587.287,-10473707.762,28312139.772,0.1802
1.0000000,251.6270000,-142.3417920,-6.2468790,209.4386560,-0.1820840,0.0119560,-0.0019760,22.6409046,114.0099923,48.7130000,252650.0000000,0.0000000,22129.0000000,22130.0000000,26303587.265,-10473707.762,28312139.751,0.1825
1.0000000,251.7330000,-142.3439680,-6.2502350,209.4383520,-0.1842440,0.0117180,-0.0017390,22.6409045,114.0099923,48.7140000,252756.0000000,0.0000000,22138.0000000,22138.0000000,26303587.254,-10473707.762,28312139.741,0.1846
1.0000000,251.8400000,-142.3367680,-6.2434790,209.4371200,-0.1746270,0.0108120,-0.0014660,22.6409051,114.0099923,48.7160000,252863.0000000,0.0000000,22147.0000000,22148.0000000,26303587.320,-10473707.762,28312139.802,0.1750
1.0000000,251.9460000,-142.3333760,-6.2425040,209.4358400,-0.1772510,0.0110640,-0.0016690,22.6409050,114.0099923,48.7170000,252969.0000000,0.0000000,22157.0000000,22158.0000000,26303587.309,-10473707.762,28312139.792,0.1776
1.0000000,252.0510000,-142.3347200,-6.2449010,209.4367840,-0.1797860,0.0110050,-0.0018880,22.6409048,114.0099923,48.7190000,253074.0000000,0.0000000,22166.0000000,22167.0000000,26303587.287,-10473707.762,28312139.772,0.1801
1.0000000,252.1570000,-142.3392000,-6.2478390,209.4363840,-0.1820090,0.0108510,-0.0020160,22.6409046,114.0099923,48.7210000,253180.0000000,0.0000000,22176.0000000,22177.0000000,26303587.265,-10473707.762,28312139.751,0.1823
1.0000000,252.2630000,-142.3403360,-6.2484060,209.4364640,-0.1840610,0.0105270,-0.0019530,22.6409045,114.0099923,48.7230000,253286.0000000,0.0000000,22186.0000000,22186.0000000,26303587.254,-10473707.762,28312139.741,0.1844
1.0000000,252.3670000,-142.3357920,-6.2427260,209.4339360,-0.1743370,0.0097130,-0.0017310,22.6409051,114.0099923,48.7240000,253391.0000000,0.0000000,22195.0000000,22196.0000000,26303587.320,-10473707.762,28312139.802,0.1746
1.0000000,252.4730000,-142.3330720,-6.2422010,209.4349920,-0.1770070,0.0098940,-0.0019150,22.6409050,114.0099923,48.7260000,253497.0000000,0.0000000,22205.0000000,22206.0000000,26303587.309,-10473707.762,28312139.792,0.1773
1.0000000,252.5780000,-142.3344320,-6.2448000,209.4374080,-0.1796400,0.0097910,-0.0021550,22.6409048,114.0099923,48.7280000,253602.0000000,0.0000000,22214.0000000,22215.0000000,26303587.287,-10473707.762,28312139.772,0.1799
1.0000000,252.6840000,-142.3399840,-6.2493770,209.4391520,-0.1820090,0.0095680,-0.0024650,22.6409048,114.0099923,48.7300000,253708.0000000,0.0000000,22224.0000000,22225.0000000,26303587.287,-10473707.762,28312139.772,0.1823
1.0000000,252.7910000,-142.3381440,-6.2454040,209.4390240,-0.1721410,0.0086180,-0.0023650,22.6409055,114.0099923,48.7310000,253815.0000000,0.0000000,22233.0000000,22234.0000000,26303587.365,-10473707.762,28312139.844,0.1724
1.0000000,252.8970000,-142.3343040,-6.2413480,209.4393600,-0.1745010,0.0085710,-0.0021010,22.6409054,114.0099923,48.7320000,253921.0000000,0.0000000,22242.0000000,22243.0000000,26303587.353,-10473707.762,28312139.833,0.1747
1.0000000,253.0040000,-142.3312000,-6.2405240,209.4400320,-0.1771890,0.0087690,-0.0022600,22.6409053,114.0099923,48.7340000,254028.0000000,0.0000000,22251.0000000,22252.0000000,26303587.342,-10473707.762,28312139.823,0.1774
1.0000000,253.1090000,-142.3332000,-6.2433680,209.4418720,-0.1796140,0.0087290,-0.0024800,22.6409052,114.0099923,48.7360000,254133.0000000,0.0000000,22260.0000000,22261.0000000,26303587.331,-10473707.762,28312139.813,0.1798
1.0000000,253.2150000,-142.3383680,-6.2474260,209.4431840,-0.1818040,0.0084510,-0.0025300,22.6409051,114.0099923,48.7380000,254239.0000000,0.0000000,22269.0000000,22270.0000000,26303587.320,-10473707.762,28312139.802,0.1820
1.0000000,253.3210000,-142.3368480,-6.2436800,209.4415520,-0.1719180,0.0076220,-0.0026100,22.6409058,114.0099923,48.7390000,254345.0000000,0.0000000,22278.0000000,22279.0000000,26303587.398,-10473707.762,28312139.875,0.1721
1.0000000,253.4270000,-142.3318080,-6.2404640,209.4419840,-0.1742330,0.0075140,-0.0023470,22.6409057,114.0099923,48.7410000,254451.0000000,0.0000000,22287.0000000,22288.0000000,26303587.387,-10473707.762,28312139.864,0.1744
1.0000000,253.5320000,-142.3295040,-6.2393420,209.4427040,-0.1767700,0.0075810,-0.0024120,22.6409056,114.0099923,48.7430000,254556.0000000,0.0000000,22296.0000000,22297.0000000,26303587.376,-10473707.762,28312139.854,0.1769
1.0000000,253.6380000,-142.3335520,-6.2427280,209.4444960,-0.1792980,0.0074810,-0.0026170,22.6409055,114.0099923,48.7440000,254662.0000000,0.0000000,22305.0000000,22305.0000000,26303587.365,-10473707.762,28312139.844,0.1795
1.0000000,253.7430000,-142.3379840,-6.2461210,209.4447040,-0.1813970,0.0071550,-0.0029830,22.6409054,114.0099923,48.7460000,254767.0000000,0.0000000,22314.0000000,22315.0000000,26303587.353,-10473707.762,28312139.833,0.1815
1.0000000,253.8490000,-142.3376000,-6.2433660,209.4462560,-0.1716660,0.0064880,-0.0027610,22.6409061,114.0099923,48.7470000,254873.0000000,0.0000000,22324.0000000,22325.0000000,26303587.431,-10473707.762,28312139.906,0.1718
1.0000000,253.9540000,-142.3358080,-6.2414300,209.4456320,-0.1738050,0.0063860,-0.0025110,22.6409059,114.0099923,48.7490000,254978.0000000,0.0000000,22333.0000000,22334.0000000,26303587.409,-10473707.762,28312139.885,0.1739
1.0000000,254.0600000,-142.3316640,-6.2389130,209.4473920,-0.1762890,0.0065120,-0.0024810,22.6409058,114.0099923,48.7510000,255084.0000000,0.0000000,22343.0000000,22344.0000000,26303587.398,-10473707.762,28312139.875,0.1764
1.0000000,254.1650000,-142.3325440,-6.2394580,209.4492640,-0.1788880,0.0065040,-0.0028390,22.6409056,114.0099923,48.7530000,255190.0000000,0.0000000,22353.0000000,22353.0000000,26303587.376,-10473707.762,28312139.854,0.1790
1.0000000,254.2700000,-142.3369760,-6.2436600,209.4512320,-0.1810760,0.0064460,-0.0030950,22.6409055,114.0099923,48.7540000,255295.0000000,0.0000000,22362.0000000,22363.0000000,26303587.365,-10473707.762,28312139.844,0.1812
1.0000000,254.3760000,-142.3356160,-6.2419640,209.4508960,-0.1713150,0.0057370,-0.0029030,22.6409062,114.0099923,48.7560000,255401.0000000,0.0000000,22372.0000000,22373.0000000,26303587.442,-10473707.762,28312139.916,0.1714
1.0000000,254.4810000,-142.3330720,-6.2426110,209.4515200,-0.1732520,0.0056010,-0.0027570,22.6409060,114.0099923,48.7570000,255506.0000000,0.0000000,22381.0000000,22382.0000000,26303587.420,-10473707.762,28312139.895,0.1733
1.0000000,254.5870000,-142.3286720,-6.2408630,209.4512000,-0.1757360,0.0055000,-0.0027190,22.6409059,114.0099923,48.7600000,255612.0000000,0.0000000,22391.0000000,22391.0000000,26303587.409,-10473707.762,28312139.885,0.1758
1.0000000,254.6920000,-142.3293280,-6.2408920,209.4513280,-0.1783990,0.0055510,-0.0030670,22.6409057,114.0099923,48.7610000,255717.0000000,0.0000000,22399.0000000,22400.0000000,26303587.387,-10473707.762,28312139.864,0.1785
1.0000000,254.7980000,-142.3317760,-6.2418410,209.4524640,-0.1690650,0.0050370,-0.0032570,22.6409064,114.0099923,48.7630000,255823.0000000,0.0000000,22408.0000000,22409.0000000,26303587.464,-10473707.762,28312139.936,0.1691
1.0000000,254.9050000,-142.3354080,-6.2439140,209.4523200,-0.1708420,0.0048240,-0.0031590,22.6409063,114.0099923,48.7650000,255930.0000000,0.0000000,22417.0000000,22418.0000000,26303587.453,-10473707.762,28312139.926,0.1709
1.0000000,255.0100000,-142.3341120,-6.2428960,209.4521600,-0.1728830,0.0046760,-0.0029330,22.6409062,114.0099923,48.7660000,256035.0000000,0.0000000,22426.0000000,22427.0000000,26303587.442,-10473707.762,28312139.916,0.1729
1.0000000,255.1160000,-142.3299520,-6.2394350,209.4530720,-0.1754590,0.0045360,-0.0029150,22.6409061,114.0099923,48.7680000,256141.0000000,0.0000000,22435.0000000,22436.0000000,26303587.431,-10473707.762,28312139.906,0.1755
1.0000000,255.2220000,-142.3288640,-6.2388520,209.4548480,-0.1779600,0.0045560,-0.0034210,22.6409060,114.0099923,48.7700000,256247.0000000,0.0000000,22444.0000000,22445.0000000,26303587.420,-10473707.762,28312139.895,0.1780
1.0000000,255.3270000,-142.3315200,-6.2376310,209.4560960,-0.1685170,0.0041190,-0.0036390,22.6409067,114.0099923,48.7710000,256352.0000000,0.0000000,22453.0000000,22454.0000000,26303587.498,-10473707.762,28312139.967,0.1686
1.0000000,255.4340000,-142.3326560,-6.2420670,209.4578240,-0.1703590,0.0037250,-0.0036150,22.6409066,114.0099923,48.7740000,256459.0000000,0.0000000,22462.0000000,22463.0000000,26303587.487,-10473707.762,28312139.957,0.1704
1.0000000,255.5400000,-142.3298720,-6.2411670,209.4592960,-0.1722630,0.0033820,-0.0033980,22.6409066,114.0099923,48.7760000,256565.0000000,0.0000000,22472.0000000,22472.0000000,26303587.487,-10473707.762,28312139.957,0.1723
1.0000000,255.6460000,-142.3263840,-6.2387700,209.4600000,-0.1746330,0.0033710,-0.0034140,22.6409065,114.0099923,48.7780000,256671.0000000,0.0000000,22481.0000000,22482.0000000,26303587.475,-10473707.762,28312139.947,0.1747
1.0000000,255.7520000,-142.3280160,-6.2405720,209.4620000,-0.1772730,0.0033350,-0.0037380,22.6409064,114.0099923,48.7800000,256777.0000000,0.0000000,22491.0000000,22491.0000000,26303587.464,-10473707.762,28312139.936,0.1773
1.0000000,255.8570000,-142.3312640,-6.2407090,209.4643680,-0.1679900,0.0030300,-0.0039470,22.6409071,114.0099923,48.7810000,256882.0000000,0.0000000,22500.0000000,22501.0000000,26303587.542,-10473707.762,28312140.009,0.1680
1.0000000,255.9630000,-142.3335840,-6.2438550,209.4660640,-0.1698390,0.0028120,-0.0038400,22.6409071,114.0099923,48.7830000,256988.0000000,0.0000000,22510.0000000,22511.0000000,26303587.542,-10473707.762,28312140.009,0.1699
1.0000000,256.0680000,-142.3310560,-6.2428740,209.4679680,-0.1718110,0.0025320,-0.0035750,22.6409070,114.0099923,48.7840000,257094.0000000,0.0000000,22520.0000000,22520.0000000,26303587.531,-10473707.762,28312139.998,0.1718
1.0000000,256.1730000,-142.3285760,-6.2417270,209.4686080,-0.1743120,0.0023770,-0.0035540,22.6409069,114.0099923,48.7860000,257199.0000000,0.0000000,22529.0000000,22530.0000000,26303587.520,-10473707.762,28312139.988,0.1743
1.0000000,256.2790000,-142.3281600,-6.2424310,209.4714560,-0.1770380,0.0024230,-0.0038410,22.6409068,114.0099923,48.7860000,257305.0000000,0.0000000,22539.0000000,22539.0000000,26303587.509,-10473707.762,28312139.978,0.1771
1.0000000,256.3850000,-142.3298080,-6.2433790,209.4731200,-0.1677250,0.0020830,-0.0040960,22.6409075,114.0099923,48.7900000,257411.0000000,0.0000000,22548.0000000,22549.0000000,26303587.586,-10473707.762,28312140.050,0.1677
1.0000000,256.4910000,-142.3332960,-6.2459780,209.4749920,-0.1695690,0.0017690,-0.0040150,22.6409074,114.0099923,48.7920000,257517.0000000,0.0000000,22557.0000000,22558.0000000,26303587.575,-10473707.762,28312140.039,0.1696
1.0000000,256.5970000,-142.3322080,-6.2464070,209.4769280,-0.1716920,0.0013760,-0.0038030,22.6409073,114.0099923,48.7940000,257623.0000000,0.0000000,22566.0000000,22567.0000000,26303587.564,-10473707.762,28312140.029,0.1717
1.0000000,256.7020000,-142.3278560,-6.2440770,209.4753440,-0.1742660,0.0011880,-0.0038170,22.6409071,114.0099923,48.7940000,257728.0000000,0.0000000,22575.0000000,22575.0000000,26303587.542,-10473707.762,28312140.009,0.1743
1.0000000,256.8080000,-142.3275040,-6.2403500,209.4749600,-0.1655730,0.0012260,-0.0042510,22.6409078,114.0099923,48.7960000,257834.0000000,0.0000000,22584.0000000,22584.0000000,26303587.620,-10473707.762,28312140.081,0.1656
1.0000000,256.9140000,-142.3316000,-6.2429750,209.4754880,-0.1678160,0.0010730,-0.0044180,22.6409077,114.0099923,48.7970000,257940.0000000,0.0000000,22593.0000000,22593.0000000,26303587.609,-10473707.762,28312140.070,0.1678
1.0000000,257.0210000,-142.3349440,-6.2438820,209.4759360,-0.1697050,0.0006890,-0.0043390,22.6409076,114.0099923,48.7990000,258047.0000000,0.0000000,22602.0000000,22602.0000000,26303587.598,-10473707.762,28312140.060,0.1697
1.0000000,257.1270000,-142.3330240,-6.2422390,209.4751680,-0.1717940,0.0005300,-0.0041020,22.6409075,114.0099923,48.8000000,258153.0000000,0.0000000,22610.0000000,22611.0000000,26303587.586,-10473707.762,28312140.050,0.1718
1.0000000,257.2350000,-142.3281280,-6.2392170,209.4744640,-0.1744410,0.0006210,-0.0044090,22.6409074,114.0099923,48.8030000,258261.0000000,0.0000000,22620.0000000,22621.0000000,26303587.575,-10473707.762,28312140.039,0.1744
1.0000000,257.3410000,-142.3280000,-6.2387070,209.4756480,-0.1656520,0.0005030,-0.0045150,22.6409080,114.0099923,48.8030000,258367.0000000,0.0000000,22630.0000000,22630.0000000,26303587.642,-10473707.762,28312140.101,0.1657
1.0000000,257.4470000,-142.3326400,-6.2408880,209.4742400,-0.1676020,0.0001010,-0.0045850,22.6409079,114.0099923,48.8050000,258473.0000000,0.0000000,22639.0000000,22640.0000000,26303587.631,-10473707.762,28312140.091,0.1676
1.0000000,257.5540000,-142.3320960,-6.2402700,209.4746400,-0.1693940,-0.0001450,-0.0043770,22.6409078,114.0099923,48.8070000,258580.0000000,0.0000000,22649.0000000,22650.0000000,26303587.620,-10473707.762,28312140.081,0.1694
1.0000000,257.6600000,-142.3288320,-6.2388790,209.4760960,-0.1717630,-0.0001760,-0.0044190,22.6409077,114.0099923,48.8080000,258686.0000000,0.0000000,22659.0000000,22659.0000000,26303587.609,-10473707.762,28312140.070,0.1718
1.0000000,257.7640000,-142.3286240,-6.2378540,209.4766880,-0.1743710,-0.0001280,-0.0045020,22.6409076,114.0099923,48.8100000,258791.0000000,0.0000000,22668.0000000,22669.0000000,26303587.598,-10473707.762,28312140.060,0.1744
1.0000000,257.8700000,-142.3292800,-6.2374450,209.4772480,-0.1653840,-0.0000680,-0.0047920,22.6409082,114.0099923,48.8110000,258897.0000000,0.0000000,22678.0000000,22679.0000000,26303587.664,-10473707.762,28312140.122,0.1654
1.0000000,257.9750000,-142.3337440,-6.2408900,209.4801280,-0.1672990,-0.0003830,-0.0047840,22.6409081,114.0099923,48.8120000,259002.0000000,0.0000000,22687.0000000,22688.0000000,26303587.653,-10473707.762,28312140.112,0.1673
1.0000000,258.0810000,-142.3351360,-6.2422860,209.4813760,-0.1692170,-0.0007280,-0.0048970,22.6409080,114.0099923,48.8140000,259108.0000000,0.0000000,22697.0000000,22698.0000000,26303587.642,-10473707.762,28312140.101,0.1692
1.0000000,258.1860000,-142.3320480,-6.2403550,209.4823840,-0.1715060,-0.0009030,-0.0045750,22.6409079,114.0099923,48.8160000,259213.0000000,0.0000000,22706.0000000,22706.0000000,26303587.631,-10473707.762,28312140.091,0.1715
1.0000000,258.2910000,-142.3306400,-6.2388070,209.4819040,-0.1740090,-0.0007720,-0.0046300,22.6409078,114.0099923,48.8180000,259318.0000000,0.0000000,22714.0000000,22715.0000000,26303587.620,-10473707.762,28312140.081,0.1740
1.0000000,258.3980000,-142.3313120,-6.2377790,209.4850400,-0.1652590,-0.0006850,-0.0049230,22.6409084,114.0099923,48.8190000,259425.0000000,0.0000000,22724.0000000,22724.0000000,26303587.686,-10473707.762,28312140.143,0.1653
1.0000000,258.5030000,-142.3356480,-6.2420960,209.4853440,-0.1673040,-0.0008580,-0.0051160,22.6409083,114.0099923,48.8200000,259530.0000000,0.0000000,22732.0000000,22733.0000000,26303587.675,-10473707.762,28312140.132,0.1673
1.0000000,258.6090000,-142.3365120,-6.2418380,209.4851360,-0.1692630,-0.0011280,-0.0050060,22.6409082,114.0099923,48.8220000,259636.0000000,0.0000000,22741.0000000,22742.0000000,26303587.664,-10473707.762,28312140.122,0.1693
1.0000000,258.7160000,-142.3321600,-6.2391770,209.4845120,-0.1714780,-0.0011830,-0.0048730,22.6409081,114.0099923,48.8230000,259743.0000000,0.0000000,22750.0000000,22751.0000000,26303587.653,-10473707.762,28312140.112,0.1715
1.0000000,258.8220000,-142.3263680,-6.2339460,209.4853920,-0.1627890,-0.0009490,-0.0050300,22.6409088,114.0099924,48.8240000,259849.0000000,0.0000000,22759.0000000,22760.0000000,26303587.731,-10473707.771,28312140.187,0.1628
1.0000000,258.9280000,-142.3295520,-6.2374560,209.4862240,-0.1651170,-0.0010620,-0.0052640,22.6409087,114.0099924,48.8260000,259955.0000000,0.0000000,22768.0000000,22769.0000000,26303587.720,-10473707.771,28312140.177,0.1651
1.0000000,259.0350000,-142.3341920,-6.2410880,209.4865760,-0.1669110,-0.0013800,-0.0052870,22.6409086,114.0099924,48.8270000,260062.0000000,0.0000000,22778.0000000,22778.0000000,26303587.708,-10473707.771,28312140.167,0.1669
1.0000000,259.1400000,-142.3325120,-6.2415240,209.4880800,-0.1688530,-0.0017450,-0.0052180,22.6409085,114.0099923,48.8290000,260167.0000000,0.0000000,22787.0000000,22788.0000000,26303587.697,-10473707.762,28312140.153,0.1689
1.0000000,259.2460000,-142.3275520,-6.2373690,209.4865920,-0.1711900,-0.0017710,-0.0052240,22.6409084,114.0099923,48.8310000,260273.0000000,0.0000000,22797.0000000,22798.0000000,26303587.686,-10473707.762,28312140.143,0.1712
1.0000000,259.3510000,-142.3252960,-6.2324300,209.4881600,-0.1624990,-0.0017140,-0.0052700,22.6409090,114.0099924,48.8320000,260378.0000000,0.0000000,22806.0000000,22807.0000000,26303587.753,-10473707.771,28312140.208,0.1625
1.0000000,259.4560000,-142.3295040,-6.2346070,209.4882240,-0.1646730,-0.0016030,-0.0055160,22.6409089,114.0099924,48.8330000,260484.0000000,0.0000000,22816.0000000,22817.0000000,26303587.742,-10473707.771,28312140.197,0.1647
1.0000000,259.5620000,-142.3329280,-6.2352730,209.4883200,-0.1664480,-0.0018910,-0.0054390,22.6409088,114.0099924,48.8350000,260590.0000000,0.0000000,22826.0000000,22826.0000000,26303587.731,-10473707.771,28312140.187,0.1665
1.0000000,259.6670000,-142.3334560,-6.2369830,209.4878240,-0.1683320,-0.0022130,-0.0053780,22.6409086,114.0099923,48.8360000,260695.0000000,0.0000000,22835.0000000,22836.0000000,26303587.708,-10473707.762,28312140.163,0.1683
1.0000000,259.7730000,-142.3296160,-6.2348200,209.4887360,-0.1704870,-0.0022180,-0.0053990,22.6409085,114.0099923,48.8380000,260801.0000000,0.0000000,22845.0000000,22846.0000000,26303587.697,-10473707.762,28312140.153,0.1705
1.0000000,259.8790000,-142.3263680,-6.2313040,209.4895200,-0.1619320,-0.0020640,-0.0055550,22.6409092,114.0099924,48.8390000,260907.0000000,0.0000000,22854.0000000,22855.0000000,26303587.775,-10473707.771,28312140.228,0.1619
1.0000000,259.9850000,-142.3300800,-6.2350970,209.4906080,-0.1640690,-0.0020500,-0.0058050,22.6409091,114.0099924,48.8410000,261013.0000000,0.0000000,22863.0000000,22864.0000000,26303587.764,-10473707.771,28312140.218,0.1641
1.0000000,260.0920000,-142.3334880,-6.2390840,209.4911680,-0.1659650,-0.0024150,-0.0057840,22.6409090,114.0099924,48.8420000,261120.0000000,0.0000000,22872.0000000,22873.0000000,26303587.753,-10473707.771,28312140.208,0.1660
1.0000000,260.1980000,-142.3302080,-6.2374930,209.4917760,-0.1678890,-0.0026490,-0.0054900,22.6409089,114.0099924,48.8430000,261226.0000000,0.0000000,22881.0000000,22882.0000000,26303587.742,-10473707.771,28312140.197,0.1679
1.0000000,260.3050000,-142.3241920,-6.2316750,209.4904000,-0.1593380,-0.0023630,-0.0055110,22.6409095,114.0099924,48.8440000,261333.0000000,0.0000000,22890.0000000,22891.0000000,26303587.808,-10473707.771,28312140.259,0.1594
1.0000000,260.4100000,-142.3246240,-6.2319500,209.4901920,-0.1617480,-0.0024470,-0.0058530,22.6409093,114.0099924,48.8460000,261438.0000000,0.0000000,22899.0000000,22900.0000000,26303587.786,-10473707.771,28312140.239,0.1618
1.0000000,260.5160000,-142.3303680,-6.2357760,209.4896800,-0.1638270,-0.0026820,-0.0061250,22.6409092,114.0099924,48.8470000,261544.0000000,0.0000000,22908.0000000,22909.0000000,26303587.775,-10473707.771,28312140.228,0.1638
1.0000000,260.6210000,-142.3345280,-6.2376900,209.4903040,-0.1655330,-0.0030350,-0.0060070,22.6409090,114.0099924,48.8480000,261649.0000000,0.0000000,22917.0000000,22917.0000000,26303587.753,-10473707.771,28312140.208,0.1656
1.0000000,260.7270000,-142.3325600,-6.2362150,209.4912640,-0.1674270,-0.0032670,-0.0058370,22.6409089,114.0099924,48.8500000,261755.0000000,0.0000000,22926.0000000,22926.0000000,26303587.742,-10473707.771,28312140.197,0.1675
1.0000000,260.8330000,-142.3257920,-6.2302740,209.4898720,-0.1589470,-0.0030290,-0.0058310,22.6409095,114.0099924,48.8520000,261861.0000000,0.0000000,22935.0000000,22936.0000000,26303587.808,-10473707.771,28312140.259,0.1590
1.0000000,260.9390000,-142.3275040,-6.2327740,209.4899520,-0.1614870,-0.0030580,-0.0061400,22.6409093,114.0099924,48.8530000,261967.0000000,0.0000000,22945.0000000,22945.0000000,26303587.786,-10473707.771,28312140.239,0.1615
1.0000000,261.0440000,-142.3334880,-6.2358660,209.4914080,-0.1634520,-0.0031060,-0.0064840,22.6409092,114.0099924,48.8550000,262072.0000000,0.0000000,22954.0000000,22955.0000000,26303587.775,-10473707.771,28312140.228,0.1635
1.0000000,261.1510000,-142.3354080,-6.2370780,209.4899520,-0.1652780,-0.0034610,-0.0063370,22.6409090,114.0099924,48.8560000,262179.0000000,0.0000000,22964.0000000,22965.0000000,26303587.753,-10473707.771,28312140.208,0.1653
1.0000000,261.2570000,-142.3333600,-6.2350630,209.4909920,-0.1673090,-0.0036110,-0.0061530,22.6409089,114.0099923,48.8580000,262285.0000000,0.0000000,22974.0000000,22974.0000000,26303587.742,-10473707.762,28312140.194,0.1673
1.0000000,261.3610000,-142.3270400,-6.2297860,209.4916960,-0.1587780,-0.0033750,-0.0062330,22.6409095,114.0099924,48.8580000,262390.0000000,0.0000000,22983.0000000,22984.0000000,26303587.808,-10473707.771,28312140.259,0.1588
1.0000000,261.4670000,-142.3292960,-6.2318370,209.4925440,-0.1611900,-0.0033320,-0.0065450,22.6409093,114.0099924,48.8600000,262496.0000000,0.0000000,22993.0000000,22994.0000000,26303587.786,-10473707.771,28312140.239,0.1612
1.0000000,261.5740000,-142.3336160,-6.2347150,209.4920160,-0.1631340,-0.0034940,-0.0067920,22.6409091,114.0099924,48.8610000,262603.0000000,0.0000000,23003.0000000,23003.0000000,26303587.764,-10473707.771,28312140.218,0.1632
1.0000000,261.6790000,-142.3356640,-6.2365040,209.4937120,-0.1649570,-0.0037160,-0.0065920,22.6409090,114.0099924,48.8630000,262708.0000000,0.0000000,23012.0000000,23013.0000000,26303587.753,-10473707.771,28312140.208,0.1650
1.0000000,261.7850000,-142.3320640,-6.2349610,209.4927360,-0.1669590,-0.0038010,-0.0064230,22.6409088,114.0099923,48.8650000,262814.0000000,0.0000000,23021.0000000,23022.0000000,26303587.731,-10473707.762,28312140.184,0.1670
1.0000000,261.8900000,-142.3265120,-6.2295260,209.4924000,-0.1584160,-0.0035110,-0.0064390,22.6409095,114.0099924,48.8650000,262919.0000000,0.0000000,23030.0000000,23031.0000000,26303587.808,-10473707.771,28312140.259,0.1585
1.0000000,261.9950000,-142.3278400,-6.2309450,209.4940960,-0.1609070,-0.0035080,-0.0068410,22.6409093,114.0099924,48.8660000,263024.0000000,0.0000000,23039.0000000,23039.0000000,26303587.786,-10473707.771,28312140.239,0.1609
1.0000000,262.1010000,-142.3339360,-6.2354640,209.4947360,-0.1629540,-0.0035480,-0.0070170,22.6409092,114.0099924,48.8680000,263130.0000000,0.0000000,23048.0000000,23048.0000000,26303587.775,-10473707.771,28312140.228,0.1630
1.0000000,262.2080000,-142.3368160,-6.2359050,209.4938720,-0.1646840,-0.0038960,-0.0068680,22.6409091,114.0099924,48.8690000,263237.0000000,0.0000000,23057.0000000,23057.0000000,26303587.764,-10473707.771,28312140.218,0.1647
1.0000000,262.3150000,-142.3328960,-6.2283970,209.4939520,-0.1560540,-0.0037390,-0.0066000,22.6409096,114.0099924,48.8700000,263344.0000000,0.0000000,23066.0000000,23066.0000000,26303587.819,-10473707.771,28312140.270,0.1561
1.0000000,262.4220000,-142.3292480,-6.2258860,209.4924160,-0.1585600,-0.0034210,-0.0067790,22.6409095,114.0099924,48.8720000,263451.0000000,0.0000000,23075.0000000,23075.0000000,26303587.808,-10473707.771,28312140.259,0.1586
1.0000000,262.5280000,-142.3326240,-6.2282860,209.4942880,-0.1607820,-0.0033350,-0.0069620,22.6409094,114.0099924,48.8730000,263557.0000000,0.0000000,23083.0000000,23084.0000000,26303587.797,-10473707.771,28312140.249,0.1608
1.0000000,262.6360000,-142.3376640,-6.2310400,209.4943680,-0.1624630,-0.0034990,-0.0068920,22.6409093,114.0099924,48.8750000,263665.0000000,0.0000000,23093.0000000,23094.0000000,26303587.786,-10473707.771,28312140.239,0.1625
1.0000000,262.7430000,-142.3354560,-6.2284650,209.4928960,-0.1643070,-0.0036270,-0.0066630,22.6409092,114.0099924,48.8770000,263772.0000000,0.0000000,23103.0000000,23104.0000000,26303587.775,-10473707.771,28312140.228,0.1643
1.0000000,262.8480000,-142.3311200,-6.2230970,209.4922400,-0.1558340,-0.0033650,-0.0066660,22.6409098,114.0099924,48.8770000,263877.0000000,0.0000000,23112.0000000,23113.0000000,26303587.842,-10473707.771,28312140.290,0.1559
1.0000000,262.9550000,-142.3313440,-6.2239320,209.4926080,-0.1583050,-0.0030850,-0.0069570,22.6409096,114.0099924,48.8780000,263984.0000000,0.0000000,23122.0000000,23123.0000000,26303587.819,-10473707.771,28312140.270,0.1583
1.0000000,263.0620000,-142.3378880,-6.2284820,209.4948160,-0.1600530,-0.0031000,-0.0069780,22.6409095,114.0099924,48.8800000,264092.0000000,0.0000000,23132.0000000,23133.0000000,26303587.808,-10473707.771,28312140.259,0.1601
1.0000000,263.1680000,-142.3379680,-6.2281830,209.4935040,-0.1618230,-0.0032730,-0.0070680,22.6409093,114.0099924,48.8810000,264198.0000000,0.0000000,23142.0000000,23142.0000000,26303587.786,-10473707.771,28312140.239,0.1619
1.0000000,263.2730000,-142.3344640,-6.2272740,209.4927360,-0.1638020,-0.0032450,-0.0069050,22.6409092,114.0099924,48.8820000,264303.0000000,0.0000000,23151.0000000,23152.0000000,26303587.775,-10473707.771,28312140.228,0.1638
1.0000000,263.3790000,-142.3286720,-6.2215780,209.4903200,-0.1555050,-0.0027420,-0.0070780,22.6409098,114.0099924,48.8830000,264409.0000000,0.0000000,23161.0000000,23161.0000000,26303587.842,-10473707.771,28312140.290,0.1555
1.0000000,263.4840000,-142.3304320,-6.2244950,209.4902240,-0.1576530,-0.0026850,-0.0073090,22.6409096,114.0099924,48.8840000,264514.0000000,0.0000000,23170.0000000,23170.0000000,26303587.819,-10473707.771,28312140.270,0.1577
1.0000000,263.5890000,-142.3351360,-6.2283870,209.4903360,-0.1595260,-0.0027860,-0.0074570,22.6409094,114.0099924,48.8860000,264619.0000000,0.0000000,23178.0000000,23179.0000000,26303587.797,-10473707.771,28312140.249,0.1596
1.0000000,263.6950000,-142.3367040,-6.2293330,209.4904960,-0.1612680,-0.0029800,-0.0073550,22.6409093,114.0099924,48.8870000,264725.0000000,0.0000000,23187.0000000,23188.0000000,26303587.786,-10473707.771,28312140.239,0.1613
1.0000000,263.8020000,-142.3301600,-6.2239440,209.4880320,-0.1527370,-0.0026860,-0.0071190,22.6409098,114.0099924,48.8870000,264832.0000000,0.0000000,23196.0000000,23197.0000000,26303587.842,-10473707.771,28312140.290,0.1528
1.0000000,263.9090000,-142.3278880,-6.2228150,209.4874080,-0.1552780,-0.0024310,-0.0072310,22.6409096,114.0099924,48.8890000,264939.0000000,0.0000000,23205.0000000,23206.0000000,26303587.819,-10473707.771,28312140.270,0.1553
1.0000000,264.0140000,-142.3325440,-6.2265410,209.4870880,-0.1573350,-0.0024050,-0.0074610,22.6409095,114.0099924,48.8900000,265044.0000000,0.0000000,23214.0000000,23215.0000000,26303587.808,-10473707.771,28312140.259,0.1574
1.0000000,264.1210000,-142.3359840,-6.2283460,209.4852960,-0.1590140,-0.0026760,-0.0074370,22.6409093,114.0099924,48.8920000,265151.0000000,0.0000000,23223.0000000,23224.0000000,26303587.786,-10473707.771,28312140.239,0.1590
1.0000000,264.2280000,-142.3328320,-6.2264450,209.4830080,-0.1608470,-0.0028310,-0.0071370,22.6409091,114.0099924,48.8940000,265258.0000000,0.0000000,23232.0000000,23233.0000000,26303587.764,-10473707.771,28312140.218,0.1609
1.0000000,264.3350000,-142.3256640,-6.2199180,209.4821920,-0.1526900,-0.0024320,-0.0072810,22.6409097,114.0099924,48.8940000,265365.0000000,0.0000000,23242.0000000,23243.0000000,26303587.830,-10473707.771,28312140.280,0.1527
1.0000000,264.4410000,-142.3298880,-6.2222250,209.4830080,-0.1548970,-0.0023860,-0.0074110,22.6409096,114.0099924,48.8950000,265471.0000000,0.0000000,23252.0000000,23252.0000000,26303587.819,-10473707.771,28312140.270,0.1549
1.0000000,264.5460000,-142.3334400,-6.2240440,209.4834880,-0.1567180,-0.0025120,-0.0075600,22.6409095,114.0099924,48.8970000,265576.0000000,0.0000000,23261.0000000,23262.0000000,26303587.808,-10473707.771,28312140.259,0.1567
1.0000000,264.6510000,-142.3336320,-6.2236310,209.4836640,-0.1582750,-0.0027200,-0.0076940,22.6409093,114.0099924,48.8980000,265682.0000000,0.0000000,23271.0000000,23272.0000000,26303587.786,-10473707.771,28312140.239,0.1583
1.0000000,264.7560000,-142.3325120,-6.2209210,209.4845600,-0.1602110,-0.0026820,-0.0073830,22.6409092,114.0099924,48.9000000,265787.0000000,0.0000000,23280.0000000,23281.0000000,26303587.775,-10473707.771,28312140.228,0.1602
1.0000000,264.8620000,-142.3267040,-6.2137390,209.4846240,-0.1519910,-0.0022720,-0.0075120,22.6409099,114.0099924,48.9000000,265893.0000000,0.0000000,23290.0000000,23291.0000000,26303587.853,-10473707.771,28312140.301,0.1520
1.0000000,264.9680000,-142.3288320,-6.2165470,209.4871360,-0.1541450,-0.0021540,-0.0076910,22.6409098,114.0099924,48.9010000,265999.0000000,0.0000000,23300.0000000,23300.0000000,26303587.842,-10473707.771,28312140.290,0.1542
1.0000000,265.0730000,-142.3325440,-6.2179940,209.4873920,-0.1559410,-0.0021640,-0.0077950,22.6409097,114.0099924,48.9030000,266104.0000000,0.0000000,23309.0000000,23310.0000000,26303587.830,-10473707.771,28312140.280,0.1560
1.0000000,265.1780000,-142.3349120,-6.2183990,209.4873920,-0.1574520,-0.0022460,-0.0076360,22.6409096,114.0099924,48.9040000,266209.0000000,0.0000000,23318.0000000,23318.0000000,26303587.819,-10473707.771,28312140.270,0.1575
1.0000000,265.2830000,-142.3309760,-6.2154610,209.4867200,-0.1590530,-0.0021210,-0.0073180,22.6409095,114.0099924,48.9060000,266314.0000000,0.0000000,23326.0000000,23327.0000000,26303587.808,-10473707.771,28312140.259,0.1591
1.0000000,265.3890000,-142.3245120,-6.2096750,209.4863680,-0.1508010,-0.0017610,-0.0072160,22.6409100,114.0099924,48.9060000,266420.0000000,0.0000000,23335.0000000,23336.0000000,26303587.864,-10473707.771,28312140.311,0.1508
