ready,time,roll,pitch,yaw,vn,ve,vd,lat,lon,alt,imu_data,gnss_data,mag_calib_data,baro_calib_data,dN_m,dE_m,dH_m,vh_ms
0.0000000,0.0000000,0.0000000,0.0000000,0.0000000,0.0000000,0.0000000,0.0000000,0.0000000,0.0000000,0.0000000,0.0000000,0.0000000,0.0000000,0.0000000,0.000,0.000,0.000,0.0000
0.0000000,0.0000000,0.0000000,0.0000000,0.0000000,0.0000000,0.0000000,0.0000000,0.0000000,0.0000000,0.0000000,0.0000000,0.0000000,0.0000000,0.0000000,0.000,0.000,0.000,0.0000
0.0000000,0.0000000,0.0000000,0.0000000,0.0000000,0.0000000,0.0000000,0.0000000,0.0000000,0.0000000,0.0000000,0.0000000,0.0000000,0.0000000,0.0000000,0.000,0.000,0.000,0.0000
0.0000000,0.0000000,0.0000000,0.0000000,0.0000000,0.0000000,0.0000000,0.0000000,0.0000000,0.0000000,0.0000000,0.0000000,0.0000000,0.0000000,0.0000000,0.000,0.000,0.000,0.0000
0.0000000,0.0000000,0.0000000,0.0000000,0.0000000,0.0000000,0.0000000,0.0000000,0.0000000,0.0000000,0.0000000,0.0000000,0.0000000,0.0000000,0.0000000,0.000,0.000,0.000,0.0000
0.0000000,0.0000000,0.0000000,0.0000000,0.0000000,0.0000000,0.0000000,0.0000000,0.0000000,0.0000000,0.0000000,0.0000000,0.0000000,0.0000000,0.0000000,0.000,0.000,0.000,0.0000
0.0000000,0.0000000,0.0000000,0.0000000,0.0000000,0.0000000,0.0000000,0.0000000,0.0000000,0.0000000,0.0000000,0.0000000,0.0000000,0.0000000,0.0000000,0.000,0.000,0.000,0.0000
0.0000000,0.0000000,0.0000000,0.0000000,0.0000000,0.0000000,0.0000000,0.0000000,0.0000000,0.0000000,0.0000000,0.0000000,0.0000000,0.0000000,0.0000000,0.000,0.000,0.000,0.0000
0.0000000,0.0000000,0.0000000,0.0000000,0.0000000,0.0000000,0.0000000,0.0000000,0.0000000,0.0000000,0.0000000,0.0000000,0.0000000,0.0000000,0.0000000,0.000,0.000,0.000,0.0000
0.0000000,0.0000000,0.0000000,0.0000000,0.0000000,0.0000000,0.0000000,0.0000000,0.0000000,0.0000000,0.0000000,0.0000000,0.0000000,0.0000000,0.0000000,0.000,0.000,0.000,0.0000
0.0000000,0.0000000,0.0000000,0.0000000,0.0000000,0.0000000,0.0000000,0.0000000,0.0000000,0.0000000,0.0000000,0.0000000,0.0000000,0.0000000,0.0000000,0.000,0.000,0.000,0.0000
0.0000000,0.0000000,0.0000000,0.0000000,0.0000000,0.0000000,0.0000000,0.0000000,0.0000000,0.0000000,0.0000000,0.0000000,0.0000000,0.0000000,0.0000000,0.000,0.000,0.000,0.0000
0.0000000,0.0000000,0.0000000,0.0000000,0.0000000,0.0000000,0.0000000,0.0000000,0.0000000,0.0000000,0.0000000,0.0000000,0.0000000,0.0000000,0.0000000,0.000,0.000,0.000,0.0000
0.0000000,0.0000000,0.0000000,0.0000000,0.0000000,0.0000000,0.0000000,0.0000000,0.0000000,0.0000000,0.0000000,0.0000000,0.0000000,0.0000000,0.0000000,0.000,0.000,0.000,0.0000
0.0000000,0.0000000,0.0000000,0.0000000,0.0000000,0.0000000,0.0000000,0.0000000,0.0000000,0.0000000,0.0000000,0.0000000,0.0000000,0.0000000,0.0000000,0.000,0.000,0.000,0.0000
0.0000000,0.0000000,0.0000000,0.0000000,0.0000000,0.0000000,0.0000000,0.0000000,0.0000000,0.0000000,0.0000000,0.0000000,0.0000000,0.0000000,0.0000000,0.000,0.000,0.000,0.0000
0.0000000,0.0000000,0.0000000,0.0000000,0.0000000,0.0000000,0.0000000,0.0000000,0.0000000,0.0000000,0.0000000,0.0000000,0.0000000,0.0000000,0.0000000,0.000,0.000,0.000,0.0000
0.0000000,0.0000000,0.0000000,0.0000000,0.0000000,0.0000000,0.0000000,0.0000000,0.0000000,0.0000000,0.0000000,0.0000000,0.0000000,0.0000000,0.0000000,0.000,0.000,0.000,0.0000
0.0000000,0.0000000,0.0000000,0.0000000,0.0000000,0.0000000,0.0000000,0.0000000,0.0000000,0.0000000,0.0000000,0.0000000,0.0000000,0.0000000,0.0000000,0.000,0.000,0.000,0.0000
0.0000000,0.0000000,0.0000000,0.0000000,0.0000000,0.0000000,0.0000000,0.0000000,0.0000000,0.0000000,0.0000000,0.0000000,0.0000000,0.0000000,0.0000000,0.000,0.000,0.000,0.0000
0.0000000,0.0000000,0.0000000,0.0000000,0.0000000,0.0000000,0.0000000,0.0000000,0.0000000,0.0000000,0.0000000,0.0000000,0.0000000,0.0000000,0.0000000,0.000,0.000,0.000,0.0000
0.0000000,0.0000000,0.0000000,0.0000000,0.0000000,0.0000000,0.0000000,0.0000000,0.0000000,0.0000000,0.0000000,0.0000000,0.0000000,0.0000000,0.0000000,0.000,0.000,0.000,0.0000
0.0000000,0.1970000,-53.2613360,-54.0532880,91.4794800,0.0033840,-0.0170060,0.0105250,-22.6739075,-105.2776368,-50.0010000,394.0000000,0.0000000,17.0000000,17.0000000,0.000,0.000,0.000,0.0000
0.0000000,0.1970000,-53.2613360,-54.0532880,91.4794800,0.0033840,-0.0170060,0.0105250,-22.6739075,-105.2776368,-50.0010000,394.0000000,0.0000000,17.0000000,17.0000000,0.000,0.000,0.000,0.0000
0.0000000,0.1970000,-53.2613360,-54.0532880,91.4794800,0.0033840,-0.0170060,0.0105250,-22.6739075,-105.2776368,-50.0010000,394.0000000,0.0000000,17.0000000,17.0000000,0.000,0.000,0.000,0.0000
0.0000000,0.1970000,-53.2613360,-54.0532880,91.4794800,0.0033840,-0.0170060,0.0105250,-22.6739075,-105.2776368,-50.0010000,394.0000000,0.0000000,17.0000000,17.0000000,0.000,0.000,0.000,0.0000
0.0000000,0.1970000,-53.2613360,-54.0532880,91.4794800,0.0033840,-0.0170060,0.0105250,-22.6739075,-105.2776368,-50.0010000,394.0000000,0.0000000,17.0000000,17.0000000,0.000,0.000,0.000,0.0000
0.0000000,0.1970000,-53.2613360,-54.0532880,91.4794800,0.0033840,-0.0170060,0.0105250,-22.6739075,-105.2776368,-50.0010000,394.0000000,0.0000000,17.0000000,17.0000000,0.000,0.000,0.000,0.0000
0.0000000,0.1970000,-53.2613360,-54.0532880,91.4794800,0.0033840,-0.0170060,0.0105250,-22.6739075,-105.2776368,-50.0010000,394.0000000,0.0000000,17.0000000,17.0000000,0.000,0.000,0.000,0.0000
0.0000000,0.1970000,-53.2613360,-54.0532880,91.4794800,0.0033840,-0.0170060,0.0105250,-22.6739075,-105.2776368,-50.0010000,394.0000000,0.0000000,17.0000000,17.0000000,0.000,0.000,0.000,0.0000
0.0000000,0.1970000,-53.2613360,-54.0532880,91.4794800,0.0033840,-0.0170060,0.0105250,-22.6739075,-105.2776368,-50.0010000,394.0000000,0.0000000,17.0000000,17.0000000,0.000,0.000,0.000,0.0000
0.0000000,0.1970000,-53.2613360,-54.0532880,91.4794800,0.0033840,-0.0170060,0.0105250,-22.6739075,-105.2776368,-50.0010000,394.0000000,0.0000000,17.0000000,17.0000000,0.000,0.000,0.000,0.0000
0.0000000,0.1970000,-53.2613360,-54.0532880,91.4794800,0.0033840,-0.0170060,0.0105250,-22.6739075,-105.2776368,-50.0010000,394.0000000,0.0000000,17.0000000,17.0000000,0.000,0.000,0.000,0.0000
0.0000000,0.1970000,-53.2613360,-54.0532880,91.4794800,0.0033840,-0.0170060,0.0105250,-22.6739075,-105.2776368,-50.0010000,394.0000000,0.0000000,17.0000000,17.0000000,0.000,0.000,0.000,0.0000
0.0000000,0.1970000,-53.2613360,-54.0532880,91.4794800,0.0033840,-0.0170060,0.0105250,-22.6739075,-105.2776368,-50.0010000,394.0000000,0.0000000,17.0000000,17.0000000,0.000,0.000,0.000,0.0000
0.0000000,0.1970000,-53.2613360,-54.0532880,91.4794800,0.0033840,-0.0170060,0.0105250,-22.6739075,-105.2776368,-50.0010000,394.0000000,0.0000000,17.0000000,17.0000000,0.000,0.000,0.000,0.0000
0.0000000,0.1970000,-53.2613360,-54.0532880,91.4794800,0.0033840,-0.0170060,0.0105250,-22.6739075,-105.2776368,-50.0010000,394.0000000,0.0000000,17.0000000,17.0000000,0.000,0.000,0.000,0.0000
0.0000000,0.1970000,-53.2613360,-54.0532880,91.4794800,0.0033840,-0.0170060,0.0105250,-22.6739075,-105.2776368,-50.0010000,394.0000000,0.0000000,17.0000000,17.0000000,0.000,0.000,0.000,0.0000
0.0000000,0.1970000,-53.2613360,-54.0532880,91.4794800,0.0033840,-0.0170060,0.0105250,-22.6739075,-105.2776368,-50.0010000,394.0000000,0.0000000,17.0000000,17.0000000,0.000,0.000,0.000,0.0000
0.0000000,0.1970000,-53.2613360,-54.0532880,91.4794800,0.0033840,-0.0170060,0.0105250,-22.6739075,-105.2776368,-50.0010000,394.0000000,0.0000000,17.0000000,17.0000000,0.000,0.000,0.000,0.0000
0.0000000,0.1970000,-53.2613360,-54.0532880,91.4794800,0.0033840,-0.0170060,0.0105250,-22.6739075,-105.2776368,-50.0010000,394.0000000,0.0000000,17.0000000,17.0000000,0.000,0.000,0.000,0.0000
0.0000000,0.1970000,-53.2613360,-54.0532880,91.4794800,0.0033840,-0.0170060,0.0105250,-22.6739075,-105.2776368,-50.0010000,394.0000000,0.0000000,17.0000000,17.0000000,0.000,0.000,0.000,0.0000
0.0000000,0.1970000,-53.2613360,-54.0532880,91.4794800,0.0033840,-0.0170060,0.0105250,-22.6739075,-105.2776368,-50.0010000,394.0000000,0.0000000,17.0000000,17.0000000,0.000,0.000,0.000,0.0000
0.0000000,0.1970000,-53.2613360,-54.0532880,91.4794800,0.0033840,-0.0170060,0.0105250,-22.6739075,-105.2776368,-50.0010000,394.0000000,0.0000000,17.0000000,17.0000000,0.000,0.000,0.000,0.0000
0.0000000,0.1970000,-53.2613360,-54.0532880,91.4794800,0.0033840,-0.0170060,0.0105250,-22.6739075,-105.2776368,-50.0010000,394.0000000,0.0000000,17.0000000,17.0000000,0.000,0.000,0.000,0.0000
0.0000000,0.1970000,-53.2613360,-54.0532880,91.4794800,0.0033840,-0.0170060,0.0105250,-22.6739075,-105.2776368,-50.0010000,394.0000000,0.0000000,17.0000000,17.0000000,0.000,0.000,0.000,0.0000
0.0000000,0.1970000,-53.2613360,-54.0532880,91.4794800,0.0033840,-0.0170060,0.0105250,-22.6739075,-105.2776368,-50.0010000,394.0000000,0.0000000,17.0000000,17.0000000,0.000,0.000,0.000,0.0000
0.0000000,0.1970000,-53.2613360,-54.0532880,91.4794800,0.0033840,-0.0170060,0.0105250,-22.6739075,-105.2776368,-50.0010000,394.0000000,0.0000000,17.0000000,17.0000000,0.000,0.000,0.000,0.0000
0.0000000,0.1970000,-53.2613360,-54.0532880,91.4794800,0.0033840,-0.0170060,0.0105250,-22.6739075,-105.2776368,-50.0010000,394.0000000,0.0000000,17.0000000,17.0000000,0.000,0.000,0.000,0.0000
0.0000000,0.1970000,-53.2613360,-54.0532880,91.4794800,0.0033840,-0.0170060,0.0105250,-22.6739075,-105.2776368,-50.0010000,394.0000000,0.0000000,17.0000000,17.0000000,0.000,0.000,0.000,0.0000
0.0000000,0.1970000,-53.2613360,-54.0532880,91.4794800,0.0033840,-0.0170060,0.0105250,-22.6739075,-105.2776368,-50.0010000,394.0000000,0.0000000,17.0000000,17.0000000,0.000,0.000,0.000,0.0000
0.0000000,0.1970000,-53.2613360,-54.0532880,91.4794800,0.0033840,-0.0170060,0.0105250,-22.6739075,-105.2776368,-50.0010000,394.0000000,0.0000000,17.0000000,17.0000000,0.000,0.000,0.000,0.0000
0.0000000,0.1970000,-53.2613360,-54.0532880,91.4794800,0.0033840,-0.0170060,0.0105250,-22.6739075,-105.2776368,-50.0010000,394.0000000,0.0000000,17.0000000,17.0000000,0.000,0.000,0.000,0.0000
0.0000000,0.1970000,-53.2613360,-54.0532880,91.4794800,0.0033840,-0.0170060,0.0105250,-22.6739075,-105.2776368,-50.0010000,394.0000000,0.0000000,17.0000000,17.0000000,0.000,0.000,0.000,0.0000
0.0000000,0.1970000,-53.2613360,-54.0532880,91.4794800,0.0033840,-0.0170060,0.0105250,-22.6739075,-105.2776368,-50.0010000,394.0000000,0.0000000,17.0000000,17.0000000,0.000,0.000,0.000,0.0000
0.0000000,0.1970000,-53.2613360,-54.0532880,91.4794800,0.0033840,-0.0170060,0.0105250,-22.6739075,-105.2776368,-50.0010000,394.0000000,0.0000000,17.0000000,17.0000000,0.000,0.000,0.000,0.0000
0.0000000,0.1970000,-53.2613360,-54.0532880,91.4794800,0.0033840,-0.0170060,0.0105250,-22.6739075,-105.2776368,-50.0010000,394.0000000,0.0000000,17.0000000,17.0000000,0.000,0.000,0.000,0.0000
0.0000000,0.1970000,-53.2613360,-54.0532880,91.4794800,0.0033840,-0.0170060,0.0105250,-22.6739075,-105.2776368,-50.0010000,394.0000000,0.0000000,17.0000000,17.0000000,0.000,0.000,0.000,0.0000
0.0000000,0.1970000,-53.2613360,-54.0532880,91.4794800,0.0033840,-0.0170060,0.0105250,-22.6739075,-105.2776368,-50.0010000,394.0000000,0.0000000,17.0000000,17.0000000,0.000,0.000,0.000,0.0000
0.0000000,0.1970000,-53.2613360,-54.0532880,91.4794800,0.0033840,-0.0170060,0.0105250,-22.6739075,-105.2776368,-50.0010000,394.0000000,0.0000000,17.0000000,17.0000000,0.000,0.000,0.000,0.0000
0.0000000,0.1970000,-53.2613360,-54.0532880,91.4794800,0.0033840,-0.0170060,0.0105250,-22.6739075,-105.2776368,-50.0010000,394.0000000,0.0000000,17.0000000,17.0000000,0.000,0.000,0.000,0.0000
0.0000000,0.1970000,-53.2613360,-54.0532880,91.4794800,0.0033840,-0.0170060,0.0105250,-22.6739075,-105.2776368,-50.0010000,394.0000000,0.0000000,17.0000000,17.0000000,0.000,0.000,0.000,0.0000
0.0000000,0.1970000,-53.2613360,-54.0532880,91.4794800,0.0033840,-0.0170060,0.0105250,-22.6739075,-105.2776368,-50.0010000,394.0000000,0.0000000,17.0000000,17.0000000,0.000,0.000,0.000,0.0000
0.0000000,0.1970000,-53.2613360,-54.0532880,91.4794800,0.0033840,-0.0170060,0.0105250,-22.6739075,-105.2776368,-50.0010000,394.0000000,0.0000000,17.0000000,17.0000000,0.000,0.000,0.000,0.0000
0.0000000,0.1970000,-53.2613360,-54.0532880,91.4794800,0.0033840,-0.0170060,0.0105250,-22.6739075,-105.2776368,-50.0010000,394.0000000,0.0000000,17.0000000,17.0000000,0.000,0.000,0.000,0.0000
0.0000000,0.1970000,-53.2613360,-54.0532880,91.4794800,0.0033840,-0.0170060,0.0105250,-22.6739075,-105.2776368,-50.0010000,394.0000000,0.0000000,17.0000000,17.0000000,0.000,0.000,0.000,0.0000
0.0000000,0.1970000,-53.2613360,-54.0532880,91.4794800,0.0033840,-0.0170060,0.0105250,-22.6739075,-105.2776368,-50.0010000,394.0000000,0.0000000,17.0000000,17.0000000,0.000,0.000,0.000,0.0000
0.0000000,0.1970000,-53.2613360,-54.0532880,91.4794800,0.0033840,-0.0170060,0.0105250,-22.6739075,-105.2776368,-50.0010000,394.0000000,0.0000000,17.0000000,17.0000000,0.000,0.000,0.000,0.0000
0.0000000,0.1970000,-53.2613360,-54.0532880,91.4794800,0.0033840,-0.0170060,0.0105250,-22.6739075,-105.2776368,-50.0010000,394.0000000,0.0000000,17.0000000,17.0000000,0.000,0.000,0.000,0.0000
0.0000000,0.1970000,-53.2613360,-54.0532880,91.4794800,0.0033840,-0.0170060,0.0105250,-22.6739075,-105.2776368,-50.0010000,394.0000000,0.0000000,17.0000000,17.0000000,0.000,0.000,0.000,0.0000
0.0000000,0.1970000,-53.2613360,-54.0532880,91.4794800,0.0033840,-0.0170060,0.0105250,-22.6739075,-105.2776368,-50.0010000,394.0000000,0.0000000,17.0000000,17.0000000,0.000,0.000,0.000,0.0000
0.0000000,0.1970000,-53.2613360,-54.0532880,91.4794800,0.0033840,-0.0170060,0.0105250,-22.6739075,-105.2776368,-50.0010000,394.0000000,0.0000000,17.0000000,17.0000000,0.000,0.000,0.000,0.0000
0.0000000,0.1970000,-53.2613360,-54.0532880,91.4794800,0.0033840,-0.0170060,0.0105250,-22.6739075,-105.2776368,-50.0010000,394.0000000,0.0000000,17.0000000,17.0000000,0.000,0.000,0.000,0.0000
0.0000000,0.1970000,-53.2613360,-54.0532880,91.4794800,0.0033840,-0.0170060,0.0105250,-22.6739075,-105.2776368,-50.0010000,394.0000000,0.0000000,17.0000000,17.0000000,0.000,0.000,0.000,0.0000
0.0000000,0.1970000,-53.2613360,-54.0532880,91.4794800,0.0033840,-0.0170060,0.0105250,-22.6739075,-105.2776368,-50.0010000,394.0000000,0.0000000,17.0000000,17.0000000,0.000,0.000,0.000,0.0000
0.0000000,0.1970000,-53.2613360,-54.0532880,91.4794800,0.0033840,-0.0170060,0.0105250,-22.6739075,-105.2776368,-50.0010000,394.0000000,0.0000000,17.0000000,17.0000000,0.000,0.000,0.000,0.0000
0.0000000,0.1970000,-53.2613360,-54.0532880,91.4794800,0.0033840,-0.0170060,0.0105250,-22.6739075,-105.2776368,-50.0010000,394.0000000,0.0000000,17.0000000,17.0000000,0.000,0.000,0.000,0.0000
0.0000000,0.1970000,-53.2613360,-54.0532880,91.4794800,0.0033840,-0.0170060,0.0105250,-22.6739075,-105.2776368,-50.0010000,394.0000000,0.0000000,17.0000000,17.0000000,0.000,0.000,0.000,0.0000
0.0000000,0.1970000,-53.2613360,-54.0532880,91.4794800,0.0033840,-0.0170060,0.0105250,-22.6739075,-105.2776368,-50.0010000,394.0000000,0.0000000,17.0000000,17.0000000,0.000,0.000,0.000,0.0000
0.0000000,0.1970000,-53.2613360,-54.0532880,91.4794800,0.0033840,-0.0170060,0.0105250,-22.6739075,-105.2776368,-50.0010000,394.0000000,0.0000000,17.0000000,17.0000000,0.000,0.000,0.000,0.0000
0.0000000,0.1970000,-53.2613360,-54.0532880,91.4794800,0.0033840,-0.0170060,0.0105250,-22.6739075,-105.2776368,-50.0010000,394.0000000,0.0000000,17.0000000,17.0000000,0.000,0.000,0.000,0.0000
0.0000000,0.1970000,-53.2613360,-54.0532880,91.4794800,0.0033840,-0.0170060,0.0105250,-22.6739075,-105.2776368,-50.0010000,394.0000000,0.0000000,17.0000000,17.0000000,0.000,0.000,0.000,0.0000
0.0000000,0.1970000,-53.2613360,-54.0532880,91.4794800,0.0033840,-0.0170060,0.0105250,-22.6739075,-105.2776368,-50.0010000,394.0000000,0.0000000,17.0000000,17.0000000,0.000,0.000,0.000,0.0000
0.0000000,0.1970000,-53.2613360,-54.0532880,91.4794800,0.0033840,-0.0170060,0.0105250,-22.6739075,-105.2776368,-50.0010000,394.0000000,0.0000000,17.0000000,17.0000000,0.000,0.000,0.000,0.0000
0.0000000,0.1970000,-53.2613360,-54.0532880,91.4794800,0.0033840,-0.0170060,0.0105250,-22.6739075,-105.2776368,-50.0010000,394.0000000,0.0000000,17.0000000,17.0000000,0.000,0.000,0.000,0.0000
0.0000000,0.1970000,-53.2613360,-54.0532880,91.4794800,0.0033840,-0.0170060,0.0105250,-22.6739075,-105.2776368,-50.0010000,394.0000000,0.0000000,17.0000000,17.0000000,0.000,0.000,0.000,0.0000
0.0000000,0.1970000,-53.2613360,-54.0532880,91.4794800,0.0033840,-0.0170060,0.0105250,-22.6739075,-105.2776368,-50.0010000,394.0000000,0.0000000,17.0000000,17.0000000,0.000,0.000,0.000,0.0000
0.0000000,0.1970000,-53.2613360,-54.0532880,91.4794800,0.0033840,-0.0170060,0.0105250,-22.6739075,-105.2776368,-50.0010000,394.0000000,0.0000000,17.0000000,17.0000000,0.000,0.000,0.000,0.0000
0.0000000,0.1970000,-53.2613360,-54.0532880,91.4794800,0.0033840,-0.0170060,0.0105250,-22.6739075,-105.2776368,-50.0010000,394.0000000,0.0000000,17.0000000,17.0000000,0.000,0.000,0.000,0.0000
0.0000000,0.1970000,-53.2613360,-54.0532880,91.4794800,0.0033840,-0.0170060,0.0105250,-22.6739075,-105.2776368,-50.0010000,394.0000000,0.0000000,17.0000000,17.0000000,0.000,0.000,0.000,0.0000
0.0000000,0.1970000,-53.2613360,-54.0532880,91.4794800,0.0033840,-0.0170060,0.0105250,-22.6739075,-105.2776368,-50.0010000,394.0000000,0.0000000,17.0000000,17.0000000,0.000,0.000,0.000,0.0000
0.0000000,0.1970000,-53.2613360,-54.0532880,91.4794800,0.0033840,-0.0170060,0.0105250,-22.6739075,-105.2776368,-50.0010000,394.0000000,0.0000000,17.0000000,17.0000000,0.000,0.000,0.000,0.0000
0.0000000,0.1970000,-53.2613360,-54.0532880,91.4794800,0.0033840,-0.0170060,0.0105250,-22.6739075,-105.2776368,-50.0010000,394.0000000,0.0000000,17.0000000,17.0000000,0.000,0.000,0.000,0.0000
0.0000000,0.1970000,-53.2613360,-54.0532880,91.4794800,0.0033840,-0.0170060,0.0105250,-22.6739075,-105.2776368,-50.0010000,394.0000000,0.0000000,17.0000000,17.0000000,0.000,0.000,0.000,0.0000
0.0000000,0.1970000,-53.2613360,-54.0532880,91.4794800,0.0033840,-0.0170060,0.0105250,-22.6739075,-105.2776368,-50.0010000,394.0000000,0.0000000,17.0000000,17.0000000,0.000,0.000,0.000,0.0000
0.0000000,0.1970000,-53.2613360,-54.0532880,91.4794800,0.0033840,-0.0170060,0.0105250,-22.6739075,-105.2776368,-50.0010000,394.0000000,0.0000000,17.0000000,17.0000000,0.000,0.000,0.000,0.0000
0.0000000,0.1970000,-53.2613360,-54.0532880,91.4794800,0.0033840,-0.0170060,0.0105250,-22.6739075,-105.2776368,-50.0010000,394.0000000,0.0000000,17.0000000,17.0000000,0.000,0.000,0.000,0.0000
0.0000000,0.1970000,-53.2613360,-54.0532880,91.4794800,0.0033840,-0.0170060,0.0105250,-22.6739075,-105.2776368,-50.0010000,394.0000000,0.0000000,17.0000000,17.0000000,0.000,0.000,0.000,0.0000
0.0000000,0.1970000,-53.2613360,-54.0532880,91.4794800,0.0033840,-0.0170060,0.0105250,-22.6739075,-105.2776368,-50.0010000,394.0000000,0.0000000,17.0000000,17.0000000,0.000,0.000,0.000,0.0000
0.0000000,0.1970000,-53.2613360,-54.0532880,91.4794800,0.0033840,-0.0170060,0.0105250,-22.6739075,-105.2776368,-50.0010000,394.0000000,0.0000000,17.0000000,17.0000000,0.000,0.000,0.000,0.0000
0.0000000,0.1970000,-53.2613360,-54.0532880,91.4794800,0.0033840,-0.0170060,0.0105250,-22.6739075,-105.2776368,-50.0010000,394.0000000,0.0000000,17.0000000,17.0000000,0.000,0.000,0.000,0.0000
0.0000000,0.1970000,-53.2613360,-54.0532880,91.4794800,0.0033840,-0.0170060,0.0105250,-22.6739075,-105.2776368,-50.0010000,394.0000000,0.0000000,17.0000000,17.0000000,0.000,0.000,0.000,0.0000
0.0000000,0.1970000,-53.2613360,-54.0532880,91.4794800,0.0033840,-0.0170060,0.0105250,-22.6739075,-105.2776368,-50.0010000,394.0000000,0.0000000,17.0000000,17.0000000,0.000,0.000,0.000,0.0000
0.0000000,0.1970000,-53.2613360,-54.0532880,91.4794800,0.0033840,-0.0170060,0.0105250,-22.6739075,-105.2776368,-50.0010000,394.0000000,0.0000000,17.0000000,17.0000000,0.000,0.000,0.000,0.0000
0.0000000,0.1970000,-53.2613360,-54.0532880,91.4794800,0.0033840,-0.0170060,0.0105250,-22.6739075,-105.2776368,-50.0010000,394.0000000,0.0000000,17.0000000,17.0000000,0.000,0.000,0.000,0.0000
0.0000000,0.1970000,-53.2613360,-54.0532880,91.4794800,0.0033840,-0.0170060,0.0105250,-22.6739075,-105.2776368,-50.0010000,394.0000000,0.0000000,17.0000000,17.0000000,0.000,0.000,0.000,0.0000
0.0000000,0.1970000,-53.2613360,-54.0532880,91.4794800,0.0033840,-0.0170060,0.0105250,-22.6739075,-105.2776368,-50.0010000,394.0000000,0.0000000,17.0000000,17.0000000,0.000,0.000,0.000,0.0000
0.0000000,0.1970000,-53.2613360,-54.0532880,91.4794800,0.0033840,-0.0170060,0.0105250,-22.6739075,-105.2776368,-50.0010000,394.0000000,0.0000000,17.0000000,17.0000000,0.000,0.000,0.000,0.0000
0.0000000,0.1970000,-53.2613360,-54.0532880,91.4794800,0.0033840,-0.0170060,0.0105250,-22.6739075,-105.2776368,-50.0010000,394.0000000,0.0000000,17.0000000,17.0000000,0.000,0.000,0.000,0.0000
0.0000000,0.1970000,-53.2613360,-54.0532880,91.4794800,0.0033840,-0.0170060,0.0105250,-22.6739075,-105.2776368,-50.0010000,394.0000000,0.0000000,17.0000000,17.0000000,0.000,0.000,0.000,0.0000
0.0000000,0.1970000,-53.2613360,-54.0532880,91.4794800,0.0033840,-0.0170060,0.0105250,-22.6739075,-105.2776368,-50.0010000,394.0000000,0.0000000,17.0000000,17.0000000,0.000,0.000,0.000,0.0000
0.0000000,0.1970000,-53.2613360,-54.0532880,91.4794800,0.0033840,-0.0170060,0.0105250,-22.6739075,-105.2776368,-50.0010000,394.0000000,0.0000000,17.0000000,17.0000000,0.000,0.000,0.000,0.0000
0.0000000,0.1970000,-53.2613360,-54.0532880,91.4794800,0.0033840,-0.0170060,0.0105250,-22.6739075,-105.2776368,-50.0010000,394.0000000,0.0000000,17.0000000,17.0000000,0.000,0.000,0.000,0.0000
0.0000000,0.1970000,-53.2613360,-54.0532880,91.4794800,0.0033840,-0.0170060,0.0105250,-22.6739075,-105.2776368,-50.0010000,394.0000000,0.0000000,17.0000000,17.0000000,0.000,0.000,0.000,0.0000
0.0000000,0.1970000,-53.2613360,-54.0532880,91.4794800,0.0033840,-0.0170060,0.0105250,-22.6739075,-105.2776368,-50.0010000,394.0000000,0.0000000,17.0000000,17.0000000,0.000,0.000,0.000,0.0000
0.0000000,0.1970000,-53.2613360,-54.0532880,91.4794800,0.0033840,-0.0170060,0.0105250,-22.6739075,-105.2776368,-50.0010000,394.0000000,0.0000000,17.0000000,17.0000000,0.000,0.000,0.000,0.0000
0.0000000,0.1970000,-53.2613360,-54.0532880,91.4794800,0.0033840,-0.0170060,0.0105250,-22.6739075,-105.2776368,-50.0010000,394.0000000,0.0000000,17.0000000,17.0000000,0.000,0.000,0.000,0.0000
0.0000000,0.1970000,-53.2613360,-54.0532880,91.4794800,0.0033840,-0.0170060,0.0105250,-22.6739075,-105.2776368,-50.0010000,394.0000000,0.0000000,17.0000000,17.0000000,0.000,0.000,0.000,0.0000
0.0000000,0.1970000,-53.2613360,-54.0532880,91.4794800,0.0033840,-0.0170060,0.0105250,-22.6739075,-105.2776368,-50.0010000,394.0000000,0.0000000,17.0000000,17.0000000,0.000,0.000,0.000,0.0000
0.0000000,0.1970000,-53.2613360,-54.0532880,91.4794800,0.0033840,-0.0170060,0.0105250,-22.6739075,-105.2776368,-50.0010000,394.0000000,0.0000000,17.0000000,17.0000000,0.000,0.000,0.000,0.0000
0.0000000,0.1970000,-53.2613360,-54.0532880,91.4794800,0.0033840,-0.0170060,0.0105250,-22.6739075,-105.2776368,-50.0010000,394.0000000,0.0000000,17.0000000,17.0000000,0.000,0.000,0.000,0.0000
0.0000000,0.1970000,-53.2613360,-54.0532880,91.4794800,0.0033840,-0.0170060,0.0105250,-22.6739075,-105.2776368,-50.0010000,394.0000000,0.0000000,17.0000000,17.0000000,0.000,0.000,0.000,0.0000
0.0000000,0.1970000,-53.2613360,-54.0532880,91.4794800,0.0033840,-0.0170060,0.0105250,-22.6739075,-105.2776368,-50.0010000,394.0000000,0.0000000,17.0000000,17.0000000,0.000,0.000,0.000,0.0000
0.0000000,0.1970000,-53.2613360,-54.0532880,91.4794800,0.0033840,-0.0170060,0.0105250,-22.6739075,-105.2776368,-50.0010000,394.0000000,0.0000000,17.0000000,17.0000000,0.000,0.000,0.000,0.0000
0.0000000,0.1970000,-53.2613360,-54.0532880,91.4794800,0.0033840,-0.0170060,0.0105250,-22.6739075,-105.2776368,-50.0010000,394.0000000,0.0000000,17.0000000,17.0000000,0.000,0.000,0.000,0.0000
0.0000000,0.1970000,-53.2613360,-54.0532880,91.4794800,0.0033840,-0.0170060,0.0105250,-22.6739075,-105.2776368,-50.0010000,394.0000000,0.0000000,17.0000000,17.0000000,0.000,0.000,0.000,0.0000
0.0000000,0.1970000,-53.2613360,-54.0532880,91.4794800,0.0033840,-0.0170060,0.0105250,-22.6739075,-105.2776368,-50.0010000,394.0000000,0.0000000,17.0000000,17.0000000,0.000,0.000,0.000,0.0000
0.0000000,0.1970000,-53.2613360,-54.0532880,91.4794800,0.0033840,-0.0170060,0.0105250,-22.6739075,-105.2776368,-50.0010000,394.0000000,0.0000000,17.0000000,17.0000000,0.000,0.000,0.000,0.0000
0.0000000,0.1970000,-53.2613360,-54.0532880,91.4794800,0.0033840,-0.0170060,0.0105250,-22.6739075,-105.2776368,-50.0010000,394.0000000,0.0000000,17.0000000,17.0000000,0.000,0.000,0.000,0.0000
0.0000000,0.1970000,-53.2613360,-54.0532880,91.4794800,0.0033840,-0.0170060,0.0105250,-22.6739075,-105.2776368,-50.0010000,394.0000000,0.0000000,17.0000000,17.0000000,0.000,0.000,0.000,0.0000
0.0000000,0.1970000,-53.2613360,-54.0532880,91.4794800,0.0033840,-0.0170060,0.0105250,-22.6739075,-105.2776368,-50.0010000,394.0000000,0.0000000,17.0000000,17.0000000,0.000,0.000,0.000,0.0000
0.0000000,0.1970000,-53.2613360,-54.0532880,91.4794800,0.0033840,-0.0170060,0.0105250,-22.6739075,-105.2776368,-50.0010000,394.0000000,0.0000000,17.0000000,17.0000000,0.000,0.000,0.000,0.0000
0.0000000,0.1970000,-53.2613360,-54.0532880,91.4794800,0.0033840,-0.0170060,0.0105250,-22.6739075,-105.2776368,-50.0010000,394.0000000,0.0000000,17.0000000,17.0000000,0.000,0.000,0.000,0.0000
0.0000000,0.1970000,-53.2613360,-54.0532880,91.4794800,0.0033840,-0.0170060,0.0105250,-22.6739075,-105.2776368,-50.0010000,394.0000000,0.0000000,17.0000000,17.0000000,0.000,0.000,0.000,0.0000
0.0000000,0.1970000,-53.2613360,-54.0532880,91.4794800,0.0033840,-0.0170060,0.0105250,-22.6739075,-105.2776368,-50.0010000,394.0000000,0.0000000,17.0000000,17.0000000,0.000,0.000,0.000,0.0000
0.0000000,0.1970000,-53.2613360,-54.0532880,91.4794800,0.0033840,-0.0170060,0.0105250,-22.6739075,-105.2776368,-50.0010000,394.0000000,0.0000000,17.0000000,17.0000000,0.000,0.000,0.000,0.0000
0.0000000,0.1970000,-53.2613360,-54.0532880,91.4794800,0.0033840,-0.0170060,0.0105250,-22.6739075,-105.2776368,-50.0010000,394.0000000,0.0000000,17.0000000,17.0000000,0.000,0.000,0.000,0.0000
0.0000000,0.1970000,-53.2613360,-54.0532880,91.4794800,0.0033840,-0.0170060,0.0105250,-22.6739075,-105.2776368,-50.0010000,394.0000000,0.0000000,17.0000000,17.0000000,0.000,0.000,0.000,0.0000
0.0000000,0.1970000,-53.2613360,-54.0532880,91.4794800,0.0033840,-0.0170060,0.0105250,-22.6739075,-105.2776368,-50.0010000,394.0000000,0.0000000,17.0000000,17.0000000,0.000,0.000,0.000,0.0000
0.0000000,0.1970000,-53.2613360,-54.0532880,91.4794800,0.0033840,-0.0170060,0.0105250,-22.6739075,-105.2776368,-50.0010000,394.0000000,0.0000000,17.0000000,17.0000000,0.000,0.000,0.000,0.0000
0.0000000,0.1970000,-53.2613360,-54.0532880,91.4794800,0.0033840,-0.0170060,0.0105250,-22.6739075,-105.2776368,-50.0010000,394.0000000,0.0000000,17.0000000,17.0000000,0.000,0.000,0.000,0.0000
0.0000000,0.1970000,-53.2613360,-54.0532880,91.4794800,0.0033840,-0.0170060,0.0105250,-22.6739075,-105.2776368,-50.0010000,394.0000000,0.0000000,17.0000000,17.0000000,0.000,0.000,0.000,0.0000
0.0000000,0.1970000,-53.2613360,-54.0532880,91.4794800,0.0033840,-0.0170060,0.0105250,-22.6739075,-105.2776368,-50.0010000,394.0000000,0.0000000,17.0000000,17.0000000,0.000,0.000,0.000,0.0000
0.0000000,0.1970000,-53.2613360,-54.0532880,91.4794800,0.0033840,-0.0170060,0.0105250,-22.6739075,-105.2776368,-50.0010000,394.0000000,0.0000000,17.0000000,17.0000000,0.000,0.000,0.000,0.0000
0.0000000,0.1970000,-53.2613360,-54.0532880,91.4794800,0.0033840,-0.0170060,0.0105250,-22.6739075,-105.2776368,-50.0010000,394.0000000,0.0000000,17.0000000,17.0000000,0.000,0.000,0.000,0.0000
0.0000000,0.1970000,-53.2613360,-54.0532880,91.4794800,0.0033840,-0.0170060,0.0105250,-22.6739075,-105.2776368,-50.0010000,394.0000000,0.0000000,17.0000000,17.0000000,0.000,0.000,0.000,0.0000
0.0000000,0.1970000,-53.2613360,-54.0532880,91.4794800,0.0033840,-0.0170060,0.0105250,-22.6739075,-105.2776368,-50.0010000,394.0000000,0.0000000,17.0000000,17.0000000,0.000,0.000,0.000,0.0000
0.0000000,0.1970000,-53.2613360,-54.0532880,91.4794800,0.0033840,-0.0170060,0.0105250,-22.6739075,-105.2776368,-50.0010000,394.0000000,0.0000000,17.0000000,17.0000000,0.000,0.000,0.000,0.0000
0.0000000,0.1970000,-53.2613360,-54.0532880,91.4794800,0.0033840,-0.0170060,0.0105250,-22.6739075,-105.2776368,-50.0010000,394.0000000,0.0000000,17.0000000,17.0000000,0.000,0.000,0.000,0.0000
0.0000000,0.1970000,-53.2613360,-54.0532880,91.4794800,0.0033840,-0.0170060,0.0105250,-22.6739075,-105.2776368,-50.0010000,394.0000000,0.0000000,17.0000000,17.0000000,0.000,0.000,0.000,0.0000
0.0000000,0.1970000,-53.2613360,-54.0532880,91.4794800,0.0033840,-0.0170060,0.0105250,-22.6739075,-105.2776368,-50.0010000,394.0000000,0.0000000,17.0000000,17.0000000,0.000,0.000,0.000,0.0000
0.0000000,0.1970000,-53.2613360,-54.0532880,91.4794800,0.0033840,-0.0170060,0.0105250,-22.6739075,-105.2776368,-50.0010000,394.0000000,0.0000000,17.0000000,17.0000000,0.000,0.000,0.000,0.0000
0.0000000,0.1970000,-53.2613360,-54.0532880,91.4794800,0.0033840,-0.0170060,0.0105250,-22.6739075,-105.2776368,-50.0010000,394.0000000,0.0000000,17.0000000,17.0000000,0.000,0.000,0.000,0.0000
0.0000000,0.1970000,-53.2613360,-54.0532880,91.4794800,0.0033840,-0.0170060,0.0105250,-22.6739075,-105.2776368,-50.0010000,394.0000000,0.0000000,17.0000000,17.0000000,0.000,0.000,0.000,0.0000
0.0000000,0.1970000,-53.2613360,-54.0532880,91.4794800,0.0033840,-0.0170060,0.0105250,-22.6739075,-105.2776368,-50.0010000,394.0000000,0.0000000,17.0000000,17.0000000,0.000,0.000,0.000,0.0000
0.0000000,0.1970000,-53.2613360,-54.0532880,91.4794800,0.0033840,-0.0170060,0.0105250,-22.6739075,-105.2776368,-50.0010000,394.0000000,0.0000000,17.0000000,17.0000000,0.000,0.000,0.000,0.0000
0.0000000,0.1970000,-53.2613360,-54.0532880,91.4794800,0.0033840,-0.0170060,0.0105250,-22.6739075,-105.2776368,-50.0010000,394.0000000,0.0000000,17.0000000,17.0000000,0.000,0.000,0.000,0.0000
0.0000000,0.1970000,-53.2613360,-54.0532880,91.4794800,0.0033840,-0.0170060,0.0105250,-22.6739075,-105.2776368,-50.0010000,394.0000000,0.0000000,17.0000000,17.0000000,0.000,0.000,0.000,0.0000
0.0000000,0.1970000,-53.2613360,-54.0532880,91.4794800,0.0033840,-0.0170060,0.0105250,-22.6739075,-105.2776368,-50.0010000,394.0000000,0.0000000,17.0000000,17.0000000,0.000,0.000,0.000,0.0000
0.0000000,0.1970000,-53.2613360,-54.0532880,91.4794800,0.0033840,-0.0170060,0.0105250,-22.6739075,-105.2776368,-50.0010000,394.0000000,0.0000000,17.0000000,17.0000000,0.000,0.000,0.000,0.0000
0.0000000,0.1970000,-53.2613360,-54.0532880,91.4794800,0.0033840,-0.0170060,0.0105250,-22.6739075,-105.2776368,-50.0010000,394.0000000,0.0000000,17.0000000,17.0000000,0.000,0.000,0.000,0.0000
0.0000000,0.1970000,-53.2613360,-54.0532880,91.4794800,0.0033840,-0.0170060,0.0105250,-22.6739075,-105.2776368,-50.0010000,394.0000000,0.0000000,17.0000000,17.0000000,0.000,0.000,0.000,0.0000
0.0000000,0.1970000,-53.2613360,-54.0532880,91.4794800,0.0033840,-0.0170060,0.0105250,-22.6739075,-105.2776368,-50.0010000,394.0000000,0.0000000,17.0000000,17.0000000,0.000,0.000,0.000,0.0000
0.0000000,0.1970000,-53.2613360,-54.0532880,91.4794800,0.0033840,-0.0170060,0.0105250,-22.6739075,-105.2776368,-50.0010000,394.0000000,0.0000000,17.0000000,17.0000000,0.000,0.000,0.000,0.0000
0.0000000,0.1970000,-53.2613360,-54.0532880,91.4794800,0.0033840,-0.0170060,0.0105250,-22.6739075,-105.2776368,-50.0010000,394.0000000,0.0000000,17.0000000,17.0000000,0.000,0.000,0.000,0.0000
0.0000000,0.1970000,-53.2613360,-54.0532880,91.4794800,0.0033840,-0.0170060,0.0105250,-22.6739075,-105.2776368,-50.0010000,394.0000000,0.0000000,17.0000000,17.0000000,0.000,0.000,0.000,0.0000
0.0000000,0.1970000,-53.2613360,-54.0532880,91.4794800,0.0033840,-0.0170060,0.0105250,-22.6739075,-105.2776368,-50.0010000,394.0000000,0.0000000,17.0000000,17.0000000,0.000,0.000,0.000,0.0000
0.0000000,0.1970000,-53.2613360,-54.0532880,91.4794800,0.0033840,-0.0170060,0.0105250,-22.6739075,-105.2776368,-50.0010000,394.0000000,0.0000000,17.0000000,17.0000000,0.000,0.000,0.000,0.0000
0.0000000,0.1970000,-53.2613360,-54.0532880,91.4794800,0.0033840,-0.0170060,0.0105250,-22.6739075,-105.2776368,-50.0010000,394.0000000,0.0000000,17.0000000,17.0000000,0.000,0.000,0.000,0.0000
0.0000000,0.1970000,-53.2613360,-54.0532880,91.4794800,0.0033840,-0.0170060,0.0105250,-22.6739075,-105.2776368,-50.0010000,394.0000000,0.0000000,17.0000000,17.0000000,0.000,0.000,0.000,0.0000
1.0000000,0.8460000,175.5651360,-39.2531920,240.8070880,-0.0207320,-0.0102620,0.0320550,22.6399999,114.0099999,49.9140000,2086.0000000,0.0000000,89.0000000,89.0000000,0.000,0.000,0.000,0.0231
1.0000000,0.9530000,175.5084800,-39.2740320,240.8657440,-0.0259230,-0.0117560,0.0353820,22.6399999,114.0099999,49.9210000,2300.0000000,0.0000000,98.0000000,98.0000000,0.000,0.000,0.000,0.0285
1.0000000,1.0600000,175.5091840,-39.2571680,240.8658720,-0.0297460,-0.0146750,0.0407320,22.6399998,114.0099999,49.9350000,2514.0000000,0.0000000,107.0000000,107.0000000,-0.011,0.000,0.011,0.0332
1.0000000,1.1670000,175.4739360,-39.2845280,240.9274880,-0.0362000,-0.0186670,0.0446830,22.6399998,114.0099999,49.9280000,2728.0000000,0.0000000,116.0000000,116.0000000,-0.011,0.000,0.011,0.0407
1.0000000,1.2730000,175.4909280,-39.2873000,240.8957920,-0.0406670,-0.0220590,0.0492020,22.6399997,114.0099999,49.9300000,2941.0000000,0.0000000,125.0000000,125.0000000,-0.022,0.000,0.022,0.0463
1.0000000,1.3800000,175.5459360,-39.3265320,240.8318560,-0.0474350,-0.0249900,0.0521940,22.6399997,114.0099998,49.9230000,3155.0000000,0.0000000,134.0000000,134.0000000,-0.022,-0.010,0.024,0.0536
1.0000000,1.4870000,175.5060000,-39.3461200,240.8692480,-0.0535950,-0.0281990,0.0558920,22.6399996,114.0099998,49.9230000,3369.0000000,0.0000000,143.0000000,143.0000000,-0.033,-0.010,0.035,0.0606
1.0000000,1.5940000,175.4631360,-39.3605240,240.9276160,-0.0581960,-0.0316040,0.0614780,22.6399996,114.0099998,49.9220000,3583.0000000,0.0000000,152.0000000,152.0000000,-0.033,-0.010,0.035,0.0662
1.0000000,1.7020000,175.4347040,-39.3423000,240.9727040,-0.0658510,-0.0379200,0.0667180,22.6399995,114.0099997,49.9140000,3797.0000000,0.0000000,161.0000000,161.0000000,-0.044,-0.021,0.049,0.0760
1.0000000,1.8090000,175.4536960,-39.3587720,240.9616800,-0.0724270,-0.0404280,0.0692430,22.6399995,114.0099997,49.9120000,4011.0000000,0.0000000,170.0000000,170.0000000,-0.044,-0.021,0.049,0.0829
1.0000000,1.9160000,175.4422880,-39.3604320,240.9880000,-0.0801230,-0.0451060,0.0724700,22.6399994,114.0099997,49.9050000,4225.0000000,0.0000000,179.0000000,179.0000000,-0.055,-0.021,0.059,0.0919
1.0000000,2.0230000,175.4380160,-39.3780720,240.9772320,-0.0849200,-0.0501790,0.0786610,22.6399993,114.0099996,49.9020000,4439.0000000,0.0000000,188.0000000,188.0000000,-0.066,-0.031,0.073,0.0986
1.0000000,2.1300000,175.4131520,-39.4234840,241.0174880,-0.0917600,-0.0527730,0.0828060,22.6399992,114.0099996,49.8980000,4653.0000000,0.0000000,197.0000000,197.0000000,-0.078,-0.031,0.083,0.1059
1.0000000,2.2370000,175.4244160,-39.4506120,241.0234080,-0.0999390,-0.0581740,0.0871560,22.6399991,114.0099995,49.8990000,4867.0000000,0.0000000,206.0000000,206.0000000,-0.089,-0.041,0.098,0.1156
1.0000000,2.3440000,175.3832160,-39.4727600,241.0928000,-0.1092340,-0.0621980,0.0898240,22.6399990,114.0099994,49.8900000,5081.0000000,0.0000000,215.0000000,215.0000000,-0.100,-0.051,0.112,0.1257
1.0000000,2.4510000,175.3920800,-39.4660080,241.0887680,-0.1183930,-0.0681000,0.0934120,22.6399989,114.0099994,49.8850000,5295.0000000,0.0000000,224.0000000,224.0000000,-0.111,-0.051,0.122,0.1366
1.0000000,2.5580000,175.3845920,-39.4456120,241.1237760,-0.1286240,-0.0735000,0.0971870,22.6399988,114.0099993,49.8640000,5509.0000000,0.0000000,233.0000000,233.0000000,-0.122,-0.062,0.137,0.1481
1.0000000,2.6650000,175.3129920,-39.4442840,241.1727680,-0.1349970,-0.0789470,0.1031420,22.6399986,114.0099992,49.8550000,5723.0000000,0.0000000,242.0000000,242.0000000,-0.144,-0.072,0.161,0.1564
1.0000000,2.7720000,175.3234720,-39.2656560,241.1965440,-0.1429140,-0.0773270,0.1049380,22.6399985,114.0099991,49.8460000,5937.0000000,0.0000000,251.0000000,251.0000000,-0.155,-0.082,0.175,0.1625
1.0000000,2.8780000,175.2216800,-38.4860360,241.1943360,-0.1410570,-0.0711270,0.1049060,22.6399983,114.0099991,49.8380000,6150.0000000,0.0000000,260.0000000,260.0000000,-0.177,-0.082,0.195,0.1580
1.0000000,2.9850000,175.8756000,-36.2222600,240.8583360,-0.1369820,-0.0409420,0.1049790,22.6399982,114.0099990,49.8330000,6364.0000000,0.0000000,269.0000000,269.0000000,-0.188,-0.093,0.210,0.1430
1.0000000,3.0920000,177.5537600,-31.1289780,239.7267040,-0.1312770,0.0705610,0.0872710,22.6399981,114.0099990,49.8210000,6578.0000000,0.0000000,278.0000000,278.0000000,-0.199,-0.093,0.220,0.1490
1.0000000,3.1990000,-179.1065600,-17.5865600,239.3377440,-0.2263330,0.4542930,0.1553540,22.6399983,114.0099992,49.8160000,6792.0000000,0.0000000,287.0000000,287.0000000,-0.177,-0.072,0.191,0.5076
1.0000000,3.3070000,-177.8285280,-8.1644430,245.3984480,-0.4609030,0.7681680,0.2114680,22.6399984,114.0099999,49.7940000,7006.0000000,0.0000000,296.0000000,296.0000000,-0.166,0.000,0.166,0.8958
1.0000000,3.4140000,-175.6140640,-7.9133570,256.9217760,-0.3516080,0.5453250,-0.0655310,22.6399983,114.0100007,49.7800000,7220.0000000,0.0000000,305.0000000,305.0000000,-0.177,0.082,0.195,0.6489
1.0000000,3.5210000,167.5022400,-11.9827040,271.7603200,-0.7748970,0.0388300,-1.1305190,22.6399979,114.0100010,49.8350000,7434.0000000,0.0000000,314.0000000,314.0000000,-0.221,0.113,0.249,0.7759
1.0000000,3.6280000,112.3639280,-35.5433640,297.0815040,-1.2724970,-1.4510350,-0.1725480,22.6399966,114.0100002,49.9410000,7648.0000000,0.0000000,323.0000000,323.0000000,-0.365,0.031,0.367,1.9300
1.0000000,3.7350000,15.1336700,-66.2969800,353.2231680,-1.3107030,-0.6024680,1.3966530,22.6399953,114.0099989,49.8700000,7862.0000000,0.0000000,333.0000000,332.0000000,-0.509,-0.103,0.520,1.4425
1.0000000,3.8410000,-99.3731840,-58.9880000,61.5083000,-1.2354960,-0.0065470,0.5143820,22.6399940,114.0099989,49.7740000,8074.0000000,0.0000000,342.0000000,342.0000000,-0.653,-0.103,0.661,1.2355
1.0000000,3.9460000,-153.3106560,-65.6882920,104.0018320,-0.4401860,-0.6207660,-0.6640270,22.6399931,114.0099986,49.7800000,8284.0000000,0.0000000,351.0000000,351.0000000,-0.753,-0.134,0.765,0.7610
1.0000000,4.0520000,150.3340320,-28.7460020,176.7966880,1.0378370,-0.2426640,-0.0261800,22.6399935,114.0099980,49.8420000,8496.0000000,0.0000000,361.0000000,361.0000000,-0.709,-0.195,0.735,1.0658
1.0000000,4.1570000,166.2038720,16.7878840,215.7567520,0.8508510,0.7582150,1.4720770,22.6399946,114.0099982,49.7620000,8706.0000000,0.0000000,370.0000000,370.0000000,-0.587,-0.175,0.612,1.1397
1.0000000,4.2630000,-154.5367680,15.8273990,265.6997760,-0.3434370,1.0603570,1.6954910,22.6399948,114.0099992,49.5570000,8918.0000000,0.0000000,380.0000000,379.0000000,-0.565,-0.072,0.569,1.1146
1.0000000,4.3680000,-140.7745600,-0.5271630,282.9912640,-0.5021390,0.9667400,0.2942060,22.6399944,114.0100001,49.4590000,9128.0000000,0.0000000,389.0000000,389.0000000,-0.609,0.021,0.609,1.0894
1.0000000,4.4740000,-167.2182560,-4.2956230,305.9054080,-0.8125350,0.2520370,-1.4337940,22.6399938,114.0100008,49.5420000,9340.0000000,0.0000000,398.0000000,398.0000000,-0.676,0.093,0.682,0.8507
1.0000000,4.5800000,144.1557920,-1.6899610,311.4677120,-1.0198720,-1.4751380,-1.3165940,22.6399930,114.0100004,49.7240000,9553.0000000,0.0000000,407.0000000,407.0000000,-0.764,0.051,0.766,1.7934
1.0000000,4.6870000,81.8128800,-36.3511360,316.1960000,-1.1582030,-2.0375590,0.7619250,22.6399917,114.0099980,49.7830000,9766.0000000,0.0000000,417.0000000,416.0000000,-0.908,-0.195,0.929,2.3437
1.0000000,4.7910000,-21.9642600,-69.0806240,3.9912370,-1.3933220,-0.2244880,0.9253390,22.6399904,114.0099969,49.6590000,9975.0000000,0.0000000,426.0000000,425.0000000,-1.052,-0.308,1.096,1.4113
1.0000000,4.8980000,-160.4649440,-70.5909440,121.6932800,-0.6929520,-0.6087400,-0.0191320,22.6399894,114.0099965,49.6270000,10187.0000000,0.0000000,435.0000000,435.0000000,-1.163,-0.349,1.214,0.9224
1.0000000,5.0030000,153.2779040,-32.5794480,178.6323840,0.5359650,-0.3572180,-0.0017420,22.6399894,114.0099959,49.6590000,10397.0000000,0.0000000,445.0000000,444.0000000,-1.163,-0.411,1.233,0.6441
1.0000000,5.1090000,159.2177120,6.6662110,216.3101120,0.6666270,0.5106470,1.3750230,22.6399900,114.0099960,49.6020000,10610.0000000,0.0000000,454.0000000,454.0000000,-1.096,-0.401,1.167,0.8397
1.0000000,5.2150000,-163.7297280,16.5146450,258.6887520,-0.4091740,0.9531890,1.8412410,22.6399902,114.0099968,49.4170000,10821.0000000,0.0000000,464.0000000,463.0000000,-1.074,-0.319,1.120,1.0373
1.0000000,5.3210000,-150.7788160,2.1496800,282.3182400,-0.7304800,0.7848510,0.3407990,22.6399895,114.0099977,49.2940000,11033.0000000,0.0000000,473.0000000,473.0000000,-1.152,-0.226,1.174,1.0722
1.0000000,5.4260000,-178.7221440,-2.3895100,303.3242560,-1.1474270,0.0407580,-1.3279820,22.6399889,114.0099986,49.3690000,11243.0000000,0.0000000,482.0000000,482.0000000,-1.218,-0.134,1.225,1.1482
1.0000000,5.5320000,135.1404800,-10.7432690,302.9528640,-1.0043470,-1.5081400,-0.7327370,22.6399878,114.0099973,49.5190000,11455.0000000,0.0000000,491.0000000,491.0000000,-1.340,-0.267,1.366,1.8120
1.0000000,5.6380000,87.2574000,-46.7405160,303.1854720,-1.1776740,-1.9747330,0.9954350,22.6399868,114.0099948,49.5310000,11668.0000000,0.0000000,500.0000000,500.0000000,-1.451,-0.524,1.542,2.2992
1.0000000,5.7450000,-35.5565800,-73.9232960,10.8196740,-1.5826260,-0.2587270,0.9747260,22.6399853,114.0099936,49.3990000,11882.0000000,0.0000000,510.0000000,509.0000000,-1.617,-0.648,1.742,1.6036
1.0000000,5.8510000,-140.0802560,-71.1316960,98.3865280,-0.9751270,-0.7818950,0.1187560,22.6399841,114.0099931,49.3630000,12093.0000000,0.0000000,519.0000000,519.0000000,-1.750,-0.699,1.884,1.2499
1.0000000,5.9570000,155.8398080,-52.3976640,172.6620480,0.0598880,-0.6123730,-0.3177430,22.6399837,114.0099922,49.4060000,12305.0000000,0.0000000,529.0000000,528.0000000,-1.794,-0.792,1.961,0.6153
1.0000000,6.0620000,150.8986240,-14.2776960,202.6428800,0.6519750,-0.0511550,0.8566900,22.6399841,114.0099919,49.3900000,12515.0000000,0.0000000,538.0000000,538.0000000,-1.750,-0.822,1.933,0.6540
1.0000000,6.1680000,177.6635840,14.0642640,231.2676800,0.2377250,0.6412930,2.0590310,22.6399846,114.0099922,49.2410000,12728.0000000,0.0000000,547.0000000,547.0000000,-1.694,-0.792,1.870,0.6839
1.0000000,6.2740000,-149.4131200,15.1243780,271.0091200,-0.8448080,0.8638240,1.5419050,22.6399843,114.0099931,49.0430000,12939.0000000,0.0000000,557.0000000,557.0000000,-1.728,-0.699,1.864,1.2083
1.0000000,6.3790000,-150.0347040,1.9295900,290.1828480,-0.7490290,0.1859680,0.0688020,22.6399834,114.0099937,48.9690000,13150.0000000,0.0000000,566.0000000,566.0000000,-1.827,-0.637,1.935,0.7718
1.0000000,6.4850000,175.6829600,0.3286810,304.8652160,-1.3157210,-0.4894950,-1.3952830,22.6399826,114.0099939,49.0660000,13361.0000000,0.0000000,575.0000000,575.0000000,-1.916,-0.617,2.013,1.4038
1.0000000,6.5920000,136.7167680,1.3394120,303.0936320,-1.2199290,-1.7828690,-0.5632170,22.6399813,114.0099922,49.1910000,13575.0000000,0.0000000,584.0000000,584.0000000,-2.060,-0.792,2.207,2.1603
1.0000000,6.6980000,90.5424240,-34.7875160,294.6811520,-1.5985300,-2.4858260,1.1360020,22.6399802,114.0099891,49.2000000,13788.0000000,0.0000000,593.0000000,593.0000000,-2.182,-1.110,2.448,2.9554
1.0000000,6.8050000,-138.5693280,-77.7977360,113.7794320,-1.8314300,-0.6413070,1.1116890,22.6399785,114.0099876,49.0740000,14002.0000000,0.0000000,603.0000000,603.0000000,-2.370,-1.264,2.686,1.9405
1.0000000,6.9110000,-161.7098560,-54.4245240,125.2703200,-1.2284090,-1.0507870,0.4218590,22.6399771,114.0099867,48.9950000,14212.0000000,0.0000000,612.0000000,612.0000000,-2.525,-1.357,2.866,1.6165
1.0000000,7.0170000,166.4747680,-24.2541000,166.5083200,0.2858910,-0.9062210,0.1593930,22.6399767,114.0099855,49.0120000,14424.0000000,0.0000000,622.0000000,621.0000000,-2.569,-1.480,2.965,0.9502
1.0000000,7.1220000,168.3061600,9.2422360,199.0713760,0.7633060,-0.0276430,1.4562480,22.6399773,114.0099850,48.9520000,14634.0000000,0.0000000,631.0000000,631.0000000,-2.503,-1.532,2.934,0.7638
1.0000000,7.2280000,-164.7698560,20.0019200,240.8283200,-0.1925110,0.7123480,2.1310680,22.6399777,114.0099854,48.7700000,14846.0000000,0.0000000,641.0000000,640.0000000,-2.458,-1.490,2.875,0.7379
1.0000000,7.3330000,-142.9659040,8.3674240,275.4809600,-1.1307770,0.5617000,1.1931260,22.6399770,114.0099862,48.5770000,15056.0000000,0.0000000,650.0000000,650.0000000,-2.536,-1.408,2.901,1.2626
1.0000000,7.4390000,-157.6369920,-1.5318520,291.9601600,-1.0799040,-0.2082750,-0.5807530,22.6399759,114.0099864,48.5700000,15269.0000000,0.0000000,660.0000000,659.0000000,-2.658,-1.388,2.998,1.0998
1.0000000,7.5450000,147.5871040,-8.4494140,304.5369600,-1.6076550,-1.5461620,-0.7955840,22.6399747,114.0099855,48.7070000,15480.0000000,0.0000000,669.0000000,669.0000000,-2.791,-1.480,3.159,2.2305
1.0000000,7.6510000,100.0567840,-31.5781140,301.7985920,-1.8300660,-2.6680210,0.5766770,22.6399738,114.0099808,48.7640000,15692.0000000,0.0000000,678.0000000,678.0000000,-2.890,-1.963,3.494,3.2353
1.0000000,7.7560000,9.4667130,-72.5079280,335.1668480,-2.2145740,-1.0293680,1.5816260,22.6399718,114.0099787,48.6460000,15902.0000000,0.0000000,687.0000000,687.0000000,-3.112,-2.179,3.799,2.4421
1.0000000,7.8620000,-139.1401920,-66.0828400,88.7679840,-1.5255780,-1.2516580,0.5525750,22.6399701,114.0099778,48.5660000,16115.0000000,0.0000000,696.0000000,696.0000000,-3.300,-2.272,4.006,1.9733
1.0000000,7.9680000,172.7968320,-50.4321680,147.3394560,-0.5127120,-1.4651020,0.0781180,22.6399691,114.0099763,48.5660000,16326.0000000,0.0000000,706.0000000,705.0000000,-3.411,-2.426,4.185,1.5522
1.0000000,8.0740000,164.5751680,-12.7312390,189.9037280,0.4377100,-0.7116780,1.1317700,22.6399692,114.0099752,48.5360000,16538.0000000,0.0000000,715.0000000,715.0000000,-3.400,-2.539,4.243,0.8355
1.0000000,8.1790000,-167.2386400,12.7259040,227.8879680,-0.0510950,0.4542170,2.1361720,22.6399707,114.0099755,48.3800000,16749.0000000,0.0000000,724.0000000,724.0000000,-3.234,-2.508,4.092,0.4571
1.0000000,8.2860000,-145.0022240,9.7987880,268.3489920,-0.9898930,0.7440500,1.4257650,22.6399714,114.0099772,48.2050000,16962.0000000,0.0000000,733.0000000,733.0000000,-3.156,-2.333,3.925,1.2383
1.0000000,8.3920000,-158.8376960,-1.3337500,293.2530240,-1.2008260,-0.1823030,-0.3199470,22.6399704,114.0099776,48.1780000,17175.0000000,0.0000000,743.0000000,743.0000000,-3.267,-2.292,3.991,1.2146
1.0000000,8.4980000,156.0622720,0.4183300,308.4465600,-1.7049200,-1.2385840,-0.8615390,22.6399695,114.0099781,48.3050000,17386.0000000,0.0000000,752.0000000,752.0000000,-3.366,-2.241,4.044,2.1073
1.0000000,8.6050000,111.2882080,-8.9127180,308.9543040,-1.6723470,-2.5636250,0.0934260,22.6399676,114.0099723,48.3860000,17600.0000000,0.0000000,761.0000000,761.0000000,-3.577,-2.837,4.565,3.0609
1.0000000,8.7110000,49.7615440,-41.2920720,324.6384640,-2.2448560,-2.0889990,1.8110050,22.6399662,114.0099687,48.3190000,17812.0000000,0.0000000,770.0000000,770.0000000,-3.732,-3.207,4.921,3.0665
1.0000000,8.8180000,-11.0978710,-68.7938240,334.4122240,-2.1289450,-0.9935300,0.8761170,22.6399640,114.0099675,48.2010000,18026.0000000,0.0000000,780.0000000,780.0000000,-3.976,-3.330,5.186,2.3494
1.0000000,8.9240000,139.7863040,-80.4124720,176.5423040,-1.0438000,-1.6544150,-0.0127870,22.6399625,114.0099663,48.1870000,18237.0000000,0.0000000,789.0000000,789.0000000,-4.142,-3.454,5.393,1.9562
1.0000000,9.0300000,146.7957920,-32.0592580,200.7702880,0.5287480,-1.1378760,0.6731250,22.6399625,114.0099648,48.2060000,18450.0000000,0.0000000,799.0000000,798.0000000,-4.142,-3.608,5.493,1.2547
1.0000000,9.1360000,174.0954080,6.2722240,225.2507840,0.1858700,-0.1162380,2.2906680,22.6399631,114.0099643,48.0750000,18661.0000000,0.0000000,808.0000000,808.0000000,-4.075,-3.659,5.477,0.2192
1.0000000,9.2420000,-149.9921120,14.6251930,258.7998400,-0.8814880,0.5070470,2.4090370,22.6399629,114.0099646,47.8420000,18873.0000000,0.0000000,818.0000000,817.0000000,-4.097,-3.629,5.473,1.0169
1.0000000,9.3470000,-148.2224800,10.6335150,290.2114880,-1.4348690,-0.0875360,-0.2427470,22.6399618,114.0099651,47.7510000,19083.0000000,0.0000000,827.0000000,827.0000000,-4.219,-3.577,5.531,1.4375
1.0000000,9.4530000,165.8076960,7.5920800,296.8154560,-1.9962720,-1.8030950,-1.0061520,22.6399612,114.0099649,47.8790000,19295.0000000,0.0000000,836.0000000,836.0000000,-4.286,-3.598,5.596,2.6900
1.0000000,9.5600000,108.8178080,-19.3505940,299.0816640,-2.2747030,-3.2085480,0.6021530,22.6399587,114.0099614,47.9680000,19509.0000000,0.0000000,845.0000000,845.0000000,-4.562,-3.958,6.040,3.9331
1.0000000,9.6670000,18.9392720,-56.8343640,335.6538240,-2.6327470,-1.5666570,2.0596280,22.6399565,114.0099583,47.8270000,19723.0000000,0.0000000,854.0000000,854.0000000,-4.806,-4.276,6.433,3.0636
1.0000000,9.7720000,-71.2904320,-81.9243920,31.8823080,-1.9028180,-1.6049690,0.4199090,22.6399545,114.0099569,47.7580000,19933.0000000,0.0000000,864.0000000,863.0000000,-5.028,-4.420,6.694,2.4893
1.0000000,9.8770000,138.5852800,-63.6289040,188.9258560,-0.6652970,-1.6144510,-0.2504870,22.6399534,114.0099554,47.8010000,20143.0000000,0.0000000,873.0000000,873.0000000,-5.149,-4.574,6.888,1.7462
1.0000000,9.9830000,143.6232480,-15.2038170,209.1428480,0.3132040,-0.8488950,1.0316740,22.6399535,114.0099543,47.8120000,20355.0000000,0.0000000,882.0000000,882.0000000,-5.138,-4.687,6.955,0.9048
1.0000000,10.0890000,172.6824480,13.8626890,232.9000800,-0.2516220,-0.1096900,2.5544820,22.6399541,114.0099542,47.6960000,20567.0000000,0.0000000,892.0000000,892.0000000,-5.072,-4.698,6.913,0.2745
1.0000000,10.1940000,-155.0272960,16.2704370,266.6106880,-1.4455350,0.5093550,2.5126240,22.6399535,114.0099547,47.4500000,20777.0000000,0.0000000,901.0000000,901.0000000,-5.138,-4.646,6.927,1.5326
1.0000000,10.2990000,-149.2962720,5.1754470,293.7907840,-1.7939960,-0.2487840,0.6150360,22.6399521,114.0099552,47.3280000,20988.0000000,0.0000000,911.0000000,910.0000000,-5.293,-4.595,7.009,1.8112
1.0000000,10.4050000,174.9249440,2.1769520,304.0490880,-2.1098140,-1.6304320,-1.1169440,22.6399515,114.0099546,47.4170000,21199.0000000,0.0000000,920.0000000,920.0000000,-5.360,-4.656,7.100,2.6664
1.0000000,10.5100000,116.8543520,-10.5249230,316.6441600,-1.9802490,-3.0386320,0.2586040,22.6399489,114.0099523,47.5220000,21410.0000000,0.0000000,929.0000000,929.0000000,-5.648,-4.893,7.472,3.6269
1.0000000,10.6170000,60.2250640,-40.5890000,332.3072320,-2.0328650,-2.8162060,1.9868980,22.6399471,114.0099501,47.4490000,21623.0000000,0.0000000,939.0000000,938.0000000,-5.847,-5.119,7.771,3.4733
1.0000000,10.7220000,-0.7663520,-67.3045040,352.5255040,-2.3170620,-1.6949040,1.5580610,22.6399457,114.0099475,47.2930000,21832.0000000,0.0000000,948.0000000,947.0000000,-6.002,-5.386,8.065,2.8708
1.0000000,10.8270000,168.3476960,-82.3065280,165.9384160,-1.6856050,-1.5247870,0.6474330,22.6399441,114.0099462,47.2290000,22042.0000000,0.0000000,957.0000000,957.0000000,-6.179,-5.520,8.286,2.2729
1.0000000,10.9330000,141.9761120,-43.2917560,196.0515040,-0.5325000,-1.3053020,0.5619260,22.6399435,114.0099451,47.2270000,22254.0000000,0.0000000,966.0000000,966.0000000,-6.246,-5.633,8.411,1.4097
1.0000000,11.0380000,152.6011360,-7.0608160,212.5289600,-0.0710810,-0.7447530,1.6107320,22.6399436,114.0099444,47.1670000,22464.0000000,0.0000000,976.0000000,976.0000000,-6.235,-5.705,8.451,0.7481
1.0000000,11.1440000,177.4025120,20.7053840,238.7373920,-0.9966370,-0.2991450,2.2835480,22.6399436,114.0099444,47.0020000,22676.0000000,0.0000000,985.0000000,985.0000000,-6.235,-5.705,8.451,1.0406
1.0000000,11.2490000,-154.5637280,6.9789280,270.7122880,-1.6347020,-0.3932180,2.0204820,22.6399427,114.0099445,46.8240000,22886.0000000,0.0000000,995.0000000,994.0000000,-6.334,-5.695,8.518,1.6813
1.0000000,11.3550000,-145.0806720,-3.4933960,290.9993920,-1.5228420,-0.8721700,0.3553400,22.6399416,114.0099443,46.7430000,23098.0000000,0.0000000,1004.0000000,1004.0000000,-6.456,-5.715,8.622,1.7549
1.0000000,11.4600000,170.1060000,-13.2405570,307.6533760,-2.0400560,-2.2734040,-0.7999370,22.6399408,114.0099433,46.8520000,23308.0000000,0.0000000,1013.0000000,1013.0000000,-6.545,-5.818,8.757,3.0545
1.0000000,11.5670000,108.4816000,-30.4127460,313.8585600,-2.3818990,-3.1596640,1.0261390,22.6399379,114.0099416,46.9220000,23522.0000000,0.0000000,1023.0000000,1022.0000000,-6.866,-5.993,9.113,3.9569
1.0000000,11.6730000,44.6773040,-63.3938840,323.0622400,-2.7461390,-2.1966780,2.1031500,22.6399355,114.0099398,46.7920000,23734.0000000,0.0000000,1032.0000000,1032.0000000,-7.132,-6.178,9.435,3.5166
1.0000000,11.7790000,120.3481680,-83.8306400,212.3813120,-2.2083530,-1.8300620,0.9503230,22.6399337,114.0099384,46.6870000,23946.0000000,0.0000000,1041.0000000,1041.0000000,-7.331,-6.322,9.680,2.8681
1.0000000,11.8850000,135.6642560,-45.0951200,192.6428800,-0.9596110,-1.9342630,0.2123280,22.6399328,114.0099371,46.6990000,24159.0000000,0.0000000,1051.0000000,1050.0000000,-7.431,-6.455,9.843,2.1592
1.0000000,11.9910000,149.4112480,-2.5908010,210.8989920,-0.1605770,-1.4952060,1.2667190,22.6399331,114.0099359,46.6940000,24370.0000000,0.0000000,1060.0000000,1060.0000000,-7.397,-6.579,9.900,1.5038
1.0000000,12.0970000,-174.7759200,8.0252030,248.6014240,-0.7577580,-0.9182310,2.5059100,22.6399354,114.0099319,46.5350000,24582.0000000,0.0000000,1070.0000000,1069.0000000,-7.143,-6.990,9.994,1.1905
1.0000000,12.2030000,-138.4924960,0.3107870,275.7556800,-1.6335330,-0.8821930,1.8117280,22.6399366,114.0099288,46.3150000,24794.0000000,0.0000000,1079.0000000,1079.0000000,-7.010,-7.309,10.127,1.8565
1.0000000,12.3090000,-146.5979360,-12.4681960,292.1137920,-1.5406390,-1.4881630,0.2609060,22.6399358,114.0099286,46.2750000,25006.0000000,0.0000000,1089.0000000,1088.0000000,-7.098,-7.329,10.203,2.1420
1.0000000,12.4130000,165.0018720,-16.8975640,311.0025280,-1.8592680,-2.7026250,-0.5756610,22.6399362,114.0099268,46.3760000,25215.0000000,0.0000000,1098.0000000,1098.0000000,-7.054,-7.514,10.306,3.2804
1.0000000,12.5180000,113.5113280,-24.7743760,316.1072320,-1.9781980,-3.6258360,0.6937580,22.6399317,114.0099259,46.4500000,25425.0000000,0.0000000,1107.0000000,1107.0000000,-7.552,-7.607,10.719,4.1304
1.0000000,12.6250000,57.9558560,-59.8999280,316.1005120,-2.9347420,-2.9840040,2.2423680,22.6399287,114.0099246,46.3570000,25639.0000000,0.0000000,1117.0000000,1116.0000000,-7.885,-7.740,11.049,4.1853
1.0000000,12.7320000,39.5086840,-84.9239120,283.0019520,-2.3105620,-2.0929630,0.9660420,22.6399280,114.0099244,46.3050000,25851.0000000,0.0000000,1126.0000000,1126.0000000,-7.962,-7.761,11.119,3.1176
1.0000000,12.8370000,133.1222800,-54.5339960,179.7789120,-0.9727350,-2.4883710,0.2527770,22.6399274,114.0099232,46.3130000,26061.0000000,0.0000000,1136.0000000,1135.0000000,-8.029,-7.884,11.252,2.6717
1.0000000,12.9430000,143.6712960,-11.5028050,193.4898880,-0.0635750,-2.3622880,1.0129260,22.6399281,114.0099219,46.3280000,26273.0000000,0.0000000,1145.0000000,1145.0000000,-7.951,-8.018,11.292,2.3631
1.0000000,13.0480000,174.3073760,12.7279620,223.9192800,-0.3906440,-1.7006580,2.2153800,22.6399289,114.0099210,46.2150000,26483.0000000,0.0000000,1155.0000000,1154.0000000,-7.862,-8.110,11.296,1.7449
1.0000000,13.1540000,-146.2077920,7.8954870,256.5136640,-1.0388060,-1.2776410,2.3934640,22.6399374,114.0099107,45.9950000,26695.0000000,0.0000000,1164.0000000,1163.0000000,-6.921,-9.169,11.488,1.6467
1.0000000,13.2590000,-134.4359520,-0.3351860,279.5984960,-1.2114230,-1.3860400,1.0143510,22.6399375,114.0099109,45.8900000,26905.0000000,0.0000000,1173.0000000,1173.0000000,-6.910,-9.149,11.465,1.8408
1.0000000,13.3650000,-158.6029440,-5.0667650,294.8689920,-1.1222220,-2.2285620,-0.5992740,22.6399379,114.0099107,45.9490000,27117.0000000,0.0000000,1183.0000000,1182.0000000,-6.866,-9.169,11.455,2.4952
1.0000000,13.4700000,149.0706080,-9.1139770,304.1291200,-1.4885160,-3.5332000,-0.1550920,22.6399375,114.0099093,46.0860000,27327.0000000,0.0000000,1192.0000000,1192.0000000,-6.910,-9.313,11.597,3.8340
1.0000000,13.5760000,107.3622320,-30.5695340,299.4575040,-2.0612140,-4.4682820,1.0785130,22.6399302,114.0099084,46.1340000,27539.0000000,0.0000000,1201.0000000,1201.0000000,-7.719,-9.406,12.167,4.9208
1.0000000,13.6810000,31.2890600,-66.4680400,327.0267200,-2.6079750,-3.1416120,1.9447720,22.6399279,114.0099070,46.0230000,27749.0000000,0.0000000,1210.0000000,1209.0000000,-7.973,-9.549,12.440,4.0830
1.0000000,13.7860000,-150.6289440,-79.8952480,114.9966160,-1.7306570,-2.7810470,0.6988330,22.6399272,114.0099061,45.9570000,27959.0000000,0.0000000,1219.0000000,1219.0000000,-8.051,-9.642,12.561,3.2756
1.0000000,13.8920000,156.2716320,-46.3334520,180.9414880,-0.2498810,-2.9468150,0.4788930,22.6399277,114.0099050,45.9870000,28171.0000000,0.0000000,1228.0000000,1228.0000000,-7.995,-9.755,12.613,2.9574
1.0000000,13.9970000,167.7136160,-0.1629060,211.4626080,0.1278450,-2.1596960,2.0865540,22.6399293,114.0099044,45.9280000,28381.0000000,0.0000000,1238.0000000,1238.0000000,-7.818,-9.817,12.550,2.1635
1.0000000,14.1030000,-152.7139680,22.4115680,248.6972160,-0.9363010,-1.4094410,2.8290730,22.6399305,114.0099049,45.7280000,28593.0000000,0.0000000,1247.0000000,1247.0000000,-7.685,-9.765,12.427,1.6921
1.0000000,14.2070000,-130.7054880,7.9432020,277.2390720,-1.5786800,-1.5872680,1.7587850,22.6399304,114.0099051,45.5350000,28802.0000000,0.0000000,1257.0000000,1256.0000000,-7.696,-9.745,12.417,2.2387
1.0000000,14.3140000,-147.3675040,-2.1912270,292.8898880,-1.3581970,-2.4130830,-0.3038720,22.6399309,114.0099058,45.5480000,29015.0000000,0.0000000,1266.0000000,1266.0000000,-7.641,-9.673,12.327,2.7691
1.0000000,14.4190000,151.9573920,-9.7414670,307.4502400,-2.0215270,-3.9468730,-0.4429880,22.6399318,114.0099055,45.7140000,29226.0000000,0.0000000,1275.0000000,1275.0000000,-7.541,-9.704,12.289,4.4345
1.0000000,14.5260000,96.0739680,-29.9002680,317.2821760,-1.9920550,-4.7634850,1.2108730,22.6399272,114.0099022,45.7540000,29439.0000000,0.0000000,1285.0000000,1285.0000000,-8.051,-10.043,12.871,5.1632
1.0000000,14.6320000,11.8777720,-56.8982960,350.4491200,-2.6660920,-3.3694460,2.3079060,22.6399235,114.0099005,45.6260000,29650.0000000,0.0000000,1294.0000000,1294.0000000,-8.460,-10.218,13.266,4.2967
1.0000000,14.7380000,-96.6357040,-77.1893120,57.0006200,-2.0769920,-3.0917370,0.7738500,22.6399232,114.0099005,45.5500000,29862.0000000,0.0000000,1303.0000000,1303.0000000,-8.494,-10.218,13.287,3.7246
1.0000000,14.8440000,154.2244480,-54.8235760,168.2960160,-0.6000450,-3.4986660,0.3288160,22.6399240,114.0099002,45.5810000,30074.0000000,0.0000000,1313.0000000,1313.0000000,-8.405,-10.248,13.254,3.5497
1.0000000,14.9490000,159.8464320,-4.4495580,201.4245440,0.2294800,-2.6985510,1.8556800,22.6399260,114.0099002,45.5610000,30284.0000000,0.0000000,1323.0000000,1322.0000000,-8.184,-10.248,13.115,2.7083
1.0000000,15.0550000,-152.2672640,20.3262760,241.3359040,-1.1563700,-1.8981860,2.8501210,22.6399279,114.0099014,45.3700000,30496.0000000,0.0000000,1332.0000000,1331.0000000,-7.973,-10.125,12.888,2.2227
1.0000000,15.1600000,-125.0522080,8.9771370,266.8440480,-1.6635560,-1.9208640,2.1175340,22.6399287,114.0099033,45.1930000,30706.0000000,0.0000000,1342.0000000,1341.0000000,-7.885,-9.930,12.679,2.5411
1.0000000,15.2660000,-125.5683280,-5.2775640,287.0545920,-1.0894900,-2.3877670,0.1975390,22.6399296,114.0099049,45.1420000,30918.0000000,0.0000000,1351.0000000,1350.0000000,-7.785,-9.765,12.489,2.6246
1.0000000,15.3710000,-178.3655200,-12.2232840,302.2855360,-1.5042600,-3.6901730,-0.9683370,22.6399348,114.0099078,45.3030000,31128.0000000,0.0000000,1360.0000000,1359.0000000,-7.209,-9.467,11.900,3.9850
1.0000000,15.4770000,115.3217360,-31.2104580,309.9721600,-2.2457360,-5.2815420,0.8079870,22.6399186,114.0098993,45.4030000,31340.0000000,0.0000000,1369.0000000,1368.0000000,-9.003,-10.341,13.711,5.7392
1.0000000,15.5830000,1.1665390,-65.4515400,5.5734940,-3.3031690,-3.6490880,2.3959970,22.6399083,114.0098946,45.2670000,31553.0000000,0.0000000,1379.0000000,1378.0000000,-10.144,-10.824,14.834,4.9221
1.0000000,15.6890000,-123.2192320,-77.4210880,87.1319600,-2.3344550,-3.2759740,0.8322340,22.6399083,114.0098956,45.2010000,31764.0000000,0.0000000,1388.0000000,1387.0000000,-10.144,-10.721,14.759,4.0226
1.0000000,15.7950000,148.7882240,-48.0946720,174.3536000,-0.8821750,-3.4189340,0.4481680,22.6399124,114.0099018,45.3230000,31976.0000000,0.0000000,1398.0000000,1397.0000000,-9.690,-10.084,13.985,3.5309
1.0000000,15.9000000,156.6863360,-1.9705030,206.2816480,-0.1753010,-2.7282380,1.8429480,22.6399150,114.0099040,45.3110000,32186.0000000,0.0000000,1407.0000000,1406.0000000,-9.402,-9.858,13.622,2.7339
1.0000000,16.0060000,-153.8129120,10.9744880,253.0819840,-1.5020650,-1.8651650,3.0179800,22.6399171,114.0099067,45.1220000,32398.0000000,0.0000000,1417.0000000,1415.0000000,-9.169,-9.580,13.261,2.3948
1.0000000,16.1110000,-120.9862960,1.1247870,274.1880640,-1.9018260,-1.9788070,1.5292680,22.6399182,114.0099101,44.9530000,32608.0000000,0.0000000,1426.0000000,1425.0000000,-9.047,-9.231,12.925,2.7446
1.0000000,16.2160000,-139.4333120,-9.3834090,289.1466560,-1.2598580,-2.6134730,-0.3987140,22.6399202,114.0099141,44.9910000,32819.0000000,0.0000000,1435.0000000,1434.0000000,-8.826,-8.820,12.477,2.9013
1.0000000,16.3220000,154.0682720,-24.6048000,303.7778240,-1.9983220,-4.2078800,-0.2337720,22.6399138,114.0099120,45.1520000,33030.0000000,0.0000000,1444.0000000,1443.0000000,-9.535,-9.035,13.136,4.6583
1.0000000,16.4280000,84.8020080,-54.6698400,327.1079040,-2.3582640,-4.8622260,1.8729850,22.6398968,114.0099043,45.1480000,33243.0000000,0.0000000,1454.0000000,1453.0000000,-11.417,-9.827,15.064,5.4039
1.0000000,16.5340000,-47.5203840,-47.7588760,47.9453520,-2.9869130,-3.5453790,1.7618500,22.6398901,114.0099032,44.9770000,33455.0000000,0.0000000,1464.0000000,1462.0000000,-12.159,-9.940,15.705,4.6359
1.0000000,16.6400000,-106.7796000,-67.5681040,72.2988080,-2.6083900,-2.9750270,0.5276100,22.6398910,114.0099066,44.9680000,33665.0000000,0.0000000,1473.0000000,1471.0000000,-12.059,-9.591,15.408,3.9566
1.0000000,16.7460000,155.4052480,-57.1850640,173.7399520,-1.2026470,-3.3656480,0.2676060,22.6398928,114.0099101,45.0340000,33877.0000000,0.0000000,1483.0000000,1481.0000000,-11.860,-9.231,15.029,3.5741
1.0000000,16.8510000,157.7873760,-13.5141200,213.2971040,-0.6091940,-2.5188980,1.4124720,22.6398955,114.0099137,45.0410000,34087.0000000,0.0000000,1492.0000000,1490.0000000,-11.561,-8.861,14.566,2.5915
1.0000000,16.9570000,-173.6152800,4.7478230,250.7343520,-0.2581530,-1.5321050,2.3578550,22.6399482,114.0099307,44.9730000,34299.0000000,0.0000000,1501.0000000,1500.0000000,-5.725,-7.113,9.131,1.5537
1.0000000,17.0640000,-139.4232480,4.4845610,275.5385600,-0.4558150,-1.3690180,2.2910740,22.6399743,114.0099415,44.8120000,34513.0000000,0.0000000,1511.0000000,1509.0000000,-2.835,-6.003,6.639,1.4429
1.0000000,17.1700000,-132.4601280,-2.7120080,286.5803840,-0.1220020,-1.9679150,0.7745550,22.6399780,114.0099480,44.7560000,34725.0000000,0.0000000,1520.0000000,1519.0000000,-2.425,-5.335,5.860,1.9717
1.0000000,17.2750000,-173.5276960,-16.1947190,286.7762560,-0.0776930,-2.8153070,-0.7836930,22.6399909,114.0099587,44.8850000,34935.0000000,0.0000000,1529.0000000,1528.0000000,-0.997,-4.235,4.351,2.8164
1.0000000,17.3810000,122.4551760,-40.5969760,297.9404800,-1.7878480,-4.0708690,1.0254080,22.6399094,114.0099170,44.8520000,35148.0000000,0.0000000,1538.0000000,1537.0000000,-10.022,-8.521,13.155,4.4462
1.0000000,17.4880000,145.2820960,-45.5742680,262.5018080,-1.0367760,-3.3044480,1.2736080,22.6399075,114.0099190,44.8240000,35362.0000000,0.0000000,1547.0000000,1546.0000000,-10.232,-8.316,13.185,3.4633
1.0000000,17.5950000,179.0972960,-21.4282260,228.9923520,0.0405280,-2.6202910,1.3562010,22.6399588,114.0099474,44.8410000,35575.0000000,0.0000000,1556.0000000,1555.0000000,-4.551,-5.397,7.060,2.6206
1.0000000,17.7010000,-169.1754080,1.0074390,222.0503040,-0.0082630,-2.4019080,1.1185100,22.6399628,114.0099536,44.8070000,35787.0000000,0.0000000,1566.0000000,1565.0000000,-4.108,-4.759,6.287,2.4019
1.0000000,17.8060000,-167.8328640,9.9239840,224.2904320,0.2568460,-2.0278880,1.1121570,22.6399667,114.0099601,44.7870000,35997.0000000,0.0000000,1576.0000000,1574.0000000,-3.677,-4.091,5.500,2.0441
1.0000000,17.9110000,-165.1176160,16.8846080,230.8598400,0.5377990,-1.6640680,1.3752300,22.6399713,114.0099679,44.7600000,36208.0000000,0.0000000,1585.0000000,1583.0000000,-3.167,-3.289,4.566,1.7488
1.0000000,18.0160000,-160.8286400,10.7785380,243.3505120,0.4980950,-1.7448610,1.2479200,22.6399758,114.0099756,44.7180000,36418.0000000,0.0000000,1595.0000000,1593.0000000,-2.669,-2.498,3.655,1.8146
1.0000000,18.1220000,-165.2652480,3.9566050,246.7802880,0.5274430,-1.6074190,0.8267320,22.6399804,114.0099841,44.7140000,36630.0000000,0.0000000,1604.0000000,1602.0000000,-2.159,-1.624,2.702,1.6917
1.0000000,18.2270000,-177.9389920,-4.6398770,251.6572640,1.0470170,-1.0722670,0.7990740,22.6399985,114.0100167,44.7790000,36840.0000000,0.0000000,1613.0000000,1612.0000000,-0.155,1.727,1.734,1.4987
1.0000000,18.3340000,175.0908000,-9.6730880,254.9849600,2.3867950,0.4907400,1.0143510,22.6400464,114.0101109,44.9340000,37052.0000000,0.0000000,1622.0000000,1621.0000000,5.149,11.410,12.518,2.4367
1.0000000,18.4400000,174.9582560,-11.5091700,254.6200960,3.4388480,2.1727410,1.0775080,22.6400865,114.0102039,45.0630000,37265.0000000,0.0000000,1631.0000000,1630.0000000,9.590,20.970,23.058,4.0677
1.0000000,18.5470000,178.8458880,-7.2216700,251.4265440,4.2866560,3.5454280,1.2277920,22.6401178,114.0102895,45.1610000,37478.0000000,0.0000000,1640.0000000,1639.0000000,13.056,29.769,32.506,5.5629
1.0000000,18.6530000,-178.7604480,-5.6442860,245.4889600,4.3960770,3.5980870,1.1582210,22.6401256,114.0103038,45.1330000,37690.0000000,0.0000000,1650.0000000,1649.0000000,13.920,31.239,34.200,5.6808
1.0000000,18.7590000,-179.7320960,-9.5110930,237.9162720,4.4922020,3.6925710,1.0228850,22.6401334,114.0103182,45.1130000,37903.0000000,0.0000000,1660.0000000,1658.0000000,14.784,32.719,35.904,5.8151
1.0000000,18.8650000,177.4289920,-21.0456520,220.5638880,4.6393400,4.3656360,1.0617570,22.6401436,114.0103622,45.1490000,38114.0000000,0.0000000,1669.0000000,1668.0000000,15.913,37.242,40.499,6.3704
1.0000000,18.9710000,176.1166240,-25.3041800,211.5307680,5.1335370,4.8219100,1.0481740,22.6401516,114.0103781,45.1360000,38326.0000000,0.0000000,1679.0000000,1677.0000000,16.799,38.876,42.350,7.0430
1.0000000,19.0770000,176.6508480,-24.1070300,208.6990560,5.4549250,5.1838760,1.1442720,22.6401600,114.0103952,45.1230000,38538.0000000,0.0000000,1688.0000000,1687.0000000,17.729,40.634,44.333,7.5252
1.0000000,19.1820000,179.2784320,-22.8600880,208.2111360,5.6845170,5.4571950,1.2106550,22.6401683,114.0104122,45.0980000,38748.0000000,0.0000000,1698.0000000,1696.0000000,18.648,42.381,46.303,7.8800
1.0000000,19.2880000,-178.2222880,-24.1530920,209.0610400,5.8989940,5.7624910,1.1672530,22.6401766,114.0104299,45.0710000,38962.0000000,0.0000000,1707.0000000,1705.0000000,19.568,44.201,48.338,8.2465
1.0000000,19.3950000,-177.4034880,-27.3293320,214.0288960,6.1995450,7.9899900,1.1366460,22.6401803,114.0105728,45.2940000,39175.0000000,0.0000000,1717.0000000,1715.0000000,19.977,58.890,62.186,10.1131
1.0000000,19.5000000,-176.0508960,-29.6505960,216.3163360,6.4518270,10.1500100,1.1240550,22.6401803,114.0107141,45.4300000,39385.0000000,0.0000000,1726.0000000,1724.0000000,19.977,73.414,76.084,12.0270
1.0000000,19.6050000,-175.5428000,-31.1170720,218.7556640,6.6500540,11.8234070,1.0865750,22.6401818,114.0108302,45.5250000,39595.0000000,0.0000000,1734.0000000,1733.0000000,20.143,85.348,87.693,13.5653
1.0000000,19.7110000,-176.0384480,-34.9961160,220.9247360,6.8203860,13.4863220,1.0514950,22.6401839,114.0109448,45.6210000,39807.0000000,0.0000000,1743.0000000,1742.0000000,20.376,97.129,99.243,15.1129
1.0000000,19.8170000,-178.1466080,-40.9578560,224.1187840,7.0360610,14.8386710,1.0845940,22.6401882,114.0110369,45.6790000,40019.0000000,0.0000000,1752.0000000,1751.0000000,20.852,106.596,108.616,16.4223
1.0000000,19.9230000,-178.9388800,-45.1832120,225.0902880,7.2935120,15.9960470,1.1611200,22.6401945,114.0111179,45.7110000,40231.0000000,0.0000000,1761.0000000,1760.0000000,21.550,114.922,116.925,17.5804
1.0000000,20.0290000,179.5031680,-47.4405160,226.5961600,7.5827380,17.2041300,1.1709390,22.6402027,114.0111959,45.7320000,40443.0000000,0.0000000,1770.0000000,1769.0000000,22.458,122.940,124.974,18.8011
1.0000000,20.1350000,177.2043200,-47.4476600,229.6211200,7.9073560,18.2986680,1.2708330,22.6402130,114.0112699,45.7370000,40655.0000000,0.0000000,1779.0000000,1778.0000000,23.598,130.546,132.662,19.9341
1.0000000,20.2410000,179.1925120,-41.5883760,228.9889760,8.2895700,19.4711840,1.3106100,22.6402253,114.0113448,45.7320000,40867.0000000,0.0000000,1788.0000000,1787.0000000,24.961,138.245,140.481,21.1623
1.0000000,20.3460000,-173.1170880,-20.9405040,226.0872160,8.8267870,21.0462280,1.7542220,22.6402437,114.0114385,45.6450000,41077.0000000,0.0000000,1797.0000000,1795.0000000,26.998,147.877,150.321,22.8223
1.0000000,20.4510000,-166.5136320,8.7551510,234.3873920,8.8614200,21.9472340,2.0947610,22.6402526,114.0114826,45.5330000,41289.0000000,0.0000000,1806.0000000,1805.0000000,27.984,152.410,154.958,23.6687
1.0000000,20.5600000,-154.3092960,16.4207170,259.2435680,8.9098290,22.2749580,1.6234400,22.6402570,114.0115268,45.4870000,41506.0000000,0.0000000,1816.0000000,1815.0000000,28.471,156.954,159.515,23.9908
1.0000000,20.6640000,-166.8131840,-0.3428490,274.7522560,9.0416960,22.2812220,0.5598670,22.6402624,114.0115603,45.4700000,41715.0000000,0.0000000,1826.0000000,1824.0000000,29.069,160.397,163.010,24.0459
1.0000000,20.7720000,164.5100480,-16.5674270,277.9739840,8.8123470,22.5774160,0.7765660,22.6402594,114.0116800,45.5850000,41929.0000000,0.0000000,1835.0000000,1833.0000000,28.737,172.701,175.076,24.2363
1.0000000,20.8770000,165.3589120,-26.7402980,241.2140960,8.6263990,23.4269160,1.5874510,22.6402553,114.0117632,45.5810000,42140.0000000,0.0000000,1844.0000000,1842.0000000,28.283,181.254,183.447,24.9647
1.0000000,20.9830000,168.0912800,-20.2050820,210.7669600,8.8696250,24.6907320,1.3358430,22.6402589,114.0117977,45.5120000,42351.0000000,0.0000000,1853.0000000,1852.0000000,28.681,184.800,187.013,26.2355
1.0000000,21.0890000,160.0644800,-6.6351370,203.4665600,9.4334450,25.5408800,1.3917560,22.6402619,114.0118339,45.4660000,42563.0000000,0.0000000,1862.0000000,1861.0000000,29.014,188.521,190.741,27.2273
1.0000000,21.1940000,159.6125440,8.1042620,208.9657120,9.7026240,26.0540640,1.9517190,22.6402647,114.0118698,45.3810000,42773.0000000,0.0000000,1872.0000000,1871.0000000,29.324,192.211,194.435,27.8021
1.0000000,21.3000000,170.3678400,12.5243450,226.5908480,9.5990850,26.6272800,2.4411590,22.6402670,114.0119062,45.2310000,42986.0000000,0.0000000,1881.0000000,1880.0000000,29.578,195.953,198.173,28.3047
1.0000000,21.4060000,178.2817760,5.4405140,241.6048640,9.2260570,27.1302160,2.1866670,22.6402681,114.0119423,45.0700000,43197.0000000,0.0000000,1891.0000000,1889.0000000,29.700,199.664,201.861,28.6560
1.0000000,21.5120000,177.5144320,-0.0070840,248.9120160,9.3378770,27.5079400,1.9091940,22.6402673,114.0119793,44.9540000,43409.0000000,0.0000000,1900.0000000,1899.0000000,29.612,203.467,205.611,29.0497
1.0000000,21.6170000,178.9760800,-3.2707000,261.4979840,9.4327070,27.7553420,1.6309900,22.6402660,114.0120156,44.8610000,43619.0000000,0.0000000,1909.0000000,1908.0000000,29.468,207.199,209.284,29.3144
1.0000000,21.7230000,170.1407360,-5.6816390,266.2522880,8.8628770,28.1564200,1.5020170,22.6402287,114.0120905,44.8500000,43831.0000000,0.0000000,1919.0000000,1918.0000000,25.337,214.898,216.386,29.5184
1.0000000,21.8280000,160.7450240,-9.8944830,266.2209760,6.9755930,30.0873020,1.5685840,22.6400881,114.0122713,44.9820000,44041.0000000,0.0000000,1928.0000000,1926.0000000,9.767,233.483,233.687,30.8853
1.0000000,21.9330000,152.7936640,-11.8264390,261.9551040,5.1500310,31.9618140,1.5588350,22.6399545,114.0124304,45.0940000,44251.0000000,0.0000000,1936.0000000,1935.0000000,-5.028,249.837,249.887,32.3741
1.0000000,22.0390000,147.4226880,-10.3230590,252.9584800,3.5447690,33.4779580,1.6083520,22.6398333,114.0125669,45.1750000,44463.0000000,0.0000000,1946.0000000,1944.0000000,-18.449,263.868,264.512,33.6651
1.0000000,22.1450000,148.4597760,-9.2049100,238.6273120,3.5223610,33.7486920,1.7841710,22.6398212,114.0126061,45.0960000,44676.0000000,0.0000000,1955.0000000,1954.0000000,-19.789,267.897,268.627,33.9320
1.0000000,22.2500000,151.7144320,-7.9500630,226.3269120,3.2332580,34.2516280,1.8786470,22.6398074,114.0126445,45.0080000,44886.0000000,0.0000000,1965.0000000,1963.0000000,-21.317,271.845,272.679,34.4039
1.0000000,22.3560000,155.2726560,1.1250380,210.4815360,3.1433530,34.8598120,2.0539590,22.6397924,114.0126829,44.9060000,45098.0000000,0.0000000,1974.0000000,1973.0000000,-22.978,275.792,276.748,35.0012
1.0000000,22.4620000,155.7560640,12.7016320,200.3144960,3.0248810,35.5615680,2.2260170,22.6397758,114.0127207,44.7920000,45308.0000000,0.0000000,1984.0000000,1982.0000000,-24.817,279.677,280.776,35.6900
1.0000000,22.5680000,155.9448640,15.9001150,201.8834880,2.8523960,36.1922520,2.4056480,22.6397570,114.0127584,44.6630000,45520.0000000,0.0000000,1993.0000000,1991.0000000,-26.899,283.553,284.826,36.3045
1.0000000,22.6730000,157.9491840,21.6256680,210.0551200,2.6184730,36.7974160,2.5481690,22.6397361,114.0127951,44.5240000,45730.0000000,0.0000000,2003.0000000,2001.0000000,-29.213,287.325,288.806,36.8905
1.0000000,22.7790000,162.2962240,25.3664680,224.5264160,2.2812700,37.2031000,2.6612820,22.6397135,114.0128312,44.3740000,45942.0000000,0.0000000,2012.0000000,2010.0000000,-31.716,291.036,292.759,37.2730
1.0000000,22.8840000,170.9603680,27.7102520,242.1866880,1.8827180,37.5238800,2.6910510,22.6396898,114.0128657,44.2190000,46152.0000000,0.0000000,2021.0000000,2020.0000000,-34.340,294.582,296.577,37.5711
1.0000000,22.9900000,-178.9018240,28.2019680,263.3388640,1.3297120,37.8171160,2.6373790,22.6396613,114.0128990,44.0810000,46365.0000000,0.0000000,2031.0000000,2029.0000000,-37.496,298.005,300.355,37.8405
1.0000000,23.0960000,-166.9387040,27.9198220,286.6045760,0.8249110,37.9101360,2.6401230,22.6396318,114.0129305,43.9470000,46576.0000000,0.0000000,2040.0000000,2039.0000000,-40.763,301.243,303.989,37.9191
1.0000000,23.2020000,-152.3779360,14.7823990,316.5304960,0.5032840,37.7391080,2.4536790,22.6395989,114.0129597,43.8280000,46788.0000000,0.0000000,2050.0000000,2048.0000000,-44.406,304.245,307.468,37.7425
1.0000000,23.3070000,-145.6971040,4.6330650,328.6310400,0.7966140,37.3916320,1.9925440,22.6395646,114.0129864,43.7450000,46998.0000000,0.0000000,2059.0000000,2057.0000000,-48.205,306.989,310.751,37.4001
1.0000000,23.4130000,-159.1617920,8.6584730,307.1330880,0.1726230,36.3975760,1.5840860,22.6394881,114.0129940,43.9160000,47210.0000000,0.0000000,2069.0000000,2067.0000000,-56.676,307.771,312.946,36.3980
1.0000000,23.5180000,-175.0574080,11.5832440,281.4582400,-0.7672590,36.4592640,1.5848710,22.6394471,114.0130132,43.9360000,47420.0000000,0.0000000,2078.0000000,2076.0000000,-61.217,309.744,315.736,36.4673
1.0000000,23.6240000,173.6257600,10.7741010,261.4502240,-1.6497630,36.5491280,1.8033150,22.6394035,114.0130309,43.9470000,47632.0000000,0.0000000,2087.0000000,2086.0000000,-66.045,311.564,318.487,36.5863
1.0000000,23.7280000,165.7565120,8.5570850,242.2723040,-2.4950880,36.8412640,1.9932340,22.6393603,114.0130475,43.9340000,47841.0000000,0.0000000,2097.0000000,2095.0000000,-70.829,313.270,321.177,36.9257
1.0000000,23.8340000,161.4156000,2.5341550,223.9904160,-3.0181500,37.2688600,2.1637080,22.6393146,114.0130627,43.9060000,48053.0000000,0.0000000,2106.0000000,2104.0000000,-75.889,314.832,323.850,37.3909
1.0000000,23.9400000,160.1875040,-0.1978130,215.6760480,-3.0342320,37.8097320,2.2464770,22.6392682,114.0130763,43.8720000,48263.0000000,0.0000000,2116.0000000,2114.0000000,-81.028,316.230,326.446,37.9313
1.0000000,24.0460000,160.6944320,0.9665690,217.9980640,-3.2196070,38.2265520,2.3875520,22.6392204,114.0130882,43.8320000,48475.0000000,0.0000000,2125.0000000,2123.0000000,-86.321,317.454,328.980,38.3619
1.0000000,24.1510000,163.0650720,3.8583240,228.0817600,-3.6865820,38.5363720,2.6303790,22.6391723,114.0130985,43.7770000,48685.0000000,0.0000000,2134.0000000,2133.0000000,-91.648,318.512,331.435,38.7123
1.0000000,24.2570000,169.9138720,5.6196530,244.3401760,-4.5170850,38.6788120,2.6858720,22.6391208,114.0131059,43.7190000,48897.0000000,0.0000000,2144.0000000,2142.0000000,-97.351,319.273,333.785,38.9417
1.0000000,24.3620000,176.9061440,7.2564160,260.7115520,-5.4359870,38.5546640,2.5797270,22.6390687,114.0131111,43.6690000,49107.0000000,0.0000000,2153.0000000,2151.0000000,-103.120,319.808,336.022,38.9360
1.0000000,24.4680000,-177.8665760,7.2383330,275.6164480,-6.2035790,38.1049360,2.3944640,22.6390135,114.0131127,43.6490000,49319.0000000,0.0000000,2163.0000000,2161.0000000,-109.233,319.972,338.103,38.6066
1.0000000,24.5730000,-176.3307200,6.5442610,283.0729920,-6.6378750,37.2885800,2.0755560,22.6389553,114.0131094,43.6750000,49529.0000000,0.0000000,2172.0000000,2170.0000000,-115.678,319.633,339.921,37.8748
1.0000000,24.6790000,179.3970240,6.8899200,277.5022080,-7.1465270,36.3801640,1.7799860,22.6388966,114.0131036,43.7400000,49741.0000000,0.0000000,2181.0000000,2180.0000000,-122.178,319.037,341.631,37.0755
1.0000000,24.7840000,171.6800160,4.9744180,260.7772800,-8.0681140,35.6812000,1.6550380,22.6388363,114.0130940,43.8390000,49951.0000000,0.0000000,2191.0000000,2189.0000000,-128.856,318.050,343.161,36.5820
1.0000000,24.8890000,163.6351040,-0.7984620,245.8308160,-8.5326160,36.1973400,1.7301740,22.6387779,114.0130853,43.9330000,50162.0000000,0.0000000,2200.0000000,2198.0000000,-135.323,317.156,344.819,37.1894
1.0000000,24.9940000,163.5082880,-0.2899810,244.9273920,-8.9554180,36.2541960,1.9079880,22.6387221,114.0130778,44.0020000,50372.0000000,0.0000000,2210.0000000,2208.0000000,-141.502,316.385,346.586,37.3439
1.0000000,25.1000000,163.0225280,-1.8745050,248.7808000,-18.1142220,40.5805280,2.1893220,22.6380048,114.0134695,44.6550000,50584.0000000,0.0000000,2219.0000000,2217.0000000,-220.935,356.648,419.536,44.4399
1.0000000,25.2050000,163.1936800,-2.4194880,253.0565280,-25.5136500,43.6795760,2.3557660,22.6374704,114.0137555,45.0810000,50794.0000000,0.0000000,2227.0000000,2226.0000000,-280.114,386.047,476.966,50.5851
1.0000000,25.3120000,157.4320480,-4.7366180,257.2351360,-31.9779940,45.9228040,2.4979540,22.6369934,114.0140092,45.4050000,51006.0000000,0.0000000,2236.0000000,2235.0000000,-332.937,412.125,529.806,55.9598
1.0000000,25.4180000,152.6304480,-7.1915840,248.1108480,-36.0407000,48.4127080,1.9382210,22.6365612,114.0142351,45.6890000,51219.0000000,0.0000000,2245.0000000,2244.0000000,-380.798,435.346,578.389,60.3550
1.0000000,25.5250000,151.4633280,-2.0587980,260.6300320,-38.8866000,50.0546040,1.8230670,22.6362597,114.0143916,45.8710000,51433.0000000,0.0000000,2254.0000000,2253.0000000,-414.186,451.433,612.652,63.3848
1.0000000,25.6320000,155.5530880,-1.4461180,263.3414560,-41.9691400,51.0586320,2.0150550,22.6360055,114.0145172,46.0020000,51647.0000000,0.0000000,2263.0000000,2262.0000000,-442.336,464.344,641.308,66.0938
1.0000000,25.7390000,159.6742880,-5.2962650,267.1832960,-44.3810120,51.6717760,2.2182110,22.6358255,114.0145927,46.0690000,51861.0000000,0.0000000,2272.0000000,2271.0000000,-462.269,472.105,660.739,68.1150
1.0000000,25.8460000,162.0637280,-7.8521770,269.4235520,-45.8390520,51.6995880,2.5952410,22.6357494,114.0146085,46.0240000,52075.0000000,0.0000000,2281.0000000,2280.0000000,-470.696,473.729,667.813,69.0946
1.0000000,25.9530000,159.6332640,-7.0888960,272.8454080,-47.1242840,51.8825520,3.0666290,22.6356728,114.0146214,45.9440000,52289.0000000,0.0000000,2290.0000000,2289.0000000,-479.179,475.055,674.751,70.0892
1.0000000,26.0600000,164.3694400,0.8541350,277.7170880,-47.5620440,52.2406440,3.3948440,22.6355827,114.0146418,45.8250000,52503.0000000,0.0000000,2299.0000000,2298.0000000,-489.156,477.152,683.336,70.6487
1.0000000,26.1670000,166.2050080,2.1718390,282.0015680,-49.0066600,51.0896120,2.4127540,22.6354512,114.0146847,45.7630000,52717.0000000,0.0000000,2308.0000000,2307.0000000,-503.719,481.562,696.875,70.7941
1.0000000,26.2740000,147.4061920,-9.1910510,261.8134080,-52.6736240,51.1554400,2.3601590,22.6352061,114.0147802,45.8740000,52931.0000000,0.0000000,2317.0000000,2316.0000000,-530.861,491.378,723.371,73.4261
1.0000000,26.3810000,137.4818720,-23.3469080,245.7229440,-54.3200560,52.9931240,3.0299370,22.6349611,114.0148771,45.9110000,53144.0000000,0.0000000,2326.0000000,2325.0000000,-557.992,501.339,750.130,75.8877
1.0000000,26.4880000,141.8253920,-20.5985860,252.0941120,-54.9593840,54.4351040,3.3393840,22.6348145,114.0149230,45.8400000,53358.0000000,0.0000000,2335.0000000,2334.0000000,-574.226,506.057,765.395,77.3545
1.0000000,26.5950000,147.8443040,-13.6201440,263.2432320,-55.3892280,53.4882280,3.3297870,22.6348126,114.0149055,45.6340000,53572.0000000,0.0000000,2344.0000000,2343.0000000,-574.437,504.258,764.365,76.9997
1.0000000,26.7020000,146.5434400,-10.8994840,273.6220480,-55.4225000,53.2292720,3.1977400,22.6348030,114.0148837,45.4840000,53786.0000000,0.0000000,2353.0000000,2352.0000000,-575.500,502.017,763.689,76.8441
1.0000000,26.8090000,131.5764480,-24.0910840,294.0918080,-54.0553880,51.4371520,3.0416990,22.6349131,114.0148120,45.2700000,54000.0000000,0.0000000,2362.0000000,2361.0000000,-563.307,494.647,749.661,74.6175
1.0000000,26.9160000,71.0090880,-38.1306800,351.3984000,-54.2454240,50.8735840,3.6048060,22.6348721,114.0147945,45.1780000,54213.0000000,0.0000000,2372.0000000,2371.0000000,-567.848,492.848,751.898,74.3686
1.0000000,27.0210000,22.5275740,-1.5418350,36.3848640,-54.3080640,51.1271040,4.1140080,22.6348202,114.0147817,45.0350000,54423.0000000,0.0000000,2381.0000000,2380.0000000,-573.595,491.533,755.391,74.5878
1.0000000,27.1270000,4.8504760,34.3846360,45.7096160,-54.9580200,50.8299240,3.6902340,22.6347510,114.0147758,44.9000000,54636.0000000,0.0000000,2390.0000000,2389.0000000,-581.258,490.926,760.835,74.8603
1.0000000,27.2330000,9.0027890,39.0919680,41.0325040,-55.6536920,50.1038160,3.3503280,22.6346831,114.0147670,44.8250000,54847.0000000,0.0000000,2400.0000000,2399.0000000,-588.777,490.021,766.015,74.8848
1.0000000,27.3390000,21.4456420,25.6938560,30.5901380,-56.3814880,50.0158880,3.3590170,22.6346160,114.0147573,44.7670000,55059.0000000,0.0000000,2409.0000000,2408.0000000,-596.208,489.024,771.109,75.3688
1.0000000,27.4440000,40.9763040,11.4309960,17.9499720,-56.9015680,49.9622600,3.1458510,22.6345507,114.0147463,44.7270000,55269.0000000,0.0000000,2419.0000000,2417.0000000,-603.439,487.894,776.002,75.7233
1.0000000,27.5500000,74.4968880,7.8586430,2.2969420,-57.1272560,50.0419880,3.4513870,22.6344907,114.0147348,44.6840000,55481.0000000,0.0000000,2428.0000000,2426.0000000,-610.083,486.712,780.442,75.9455
1.0000000,27.6550000,104.3448080,11.1255670,356.9474240,-57.0303040,49.6381240,3.8184070,22.6344639,114.0147123,44.5900000,55692.0000000,0.0000000,2437.0000000,2436.0000000,-613.051,484.399,781.328,75.6069
1.0000000,27.7610000,123.2253760,15.1003350,352.9719040,-55.9221320,48.9893320,3.8294600,22.6345432,114.0146634,44.4190000,55903.0000000,0.0000000,2446.0000000,2445.0000000,-604.270,479.372,771.323,74.3454
1.0000000,27.8690000,137.6425600,29.8934220,351.6008640,-54.6564200,48.2967600,3.8073550,22.6346499,114.0146086,44.2370000,56119.0000000,0.0000000,2455.0000000,2454.0000000,-592.454,473.739,758.571,72.9377
1.0000000,27.9770000,149.6325280,48.8392920,359.2499840,-54.9592600,47.8342160,3.6565130,22.6346038,114.0145870,44.1720000,56334.0000000,0.0000000,2464.0000000,2463.0000000,-597.559,471.519,761.188,72.8604
1.0000000,28.0840000,156.9543360,58.7620120,9.8934050,-56.2727360,47.3466040,3.7276100,22.6344776,114.0145823,44.1620000,56548.0000000,0.0000000,2473.0000000,2472.0000000,-611.534,471.036,771.912,73.5413
1.0000000,28.1910000,162.9026080,68.5184560,26.2932320,-56.6785000,46.8044520,3.6945710,22.6344206,114.0145577,44.1360000,56763.0000000,0.0000000,2483.0000000,2482.0000000,-617.846,468.507,775.392,73.5058
1.0000000,28.2970000,163.3043360,75.4500880,41.3442880,-56.9923560,46.2703000,3.5338610,22.6343735,114.0145293,44.1410000,56974.0000000,0.0000000,2493.0000000,2491.0000000,-623.062,465.588,777.803,73.4103
1.0000000,28.4030000,146.6247680,78.5016160,42.5226920,-57.0047600,44.9421760,3.2961240,22.6343400,114.0144281,44.5270000,57186.0000000,0.0000000,2502.0000000,2501.0000000,-626.772,455.185,774.620,72.5902
1.0000000,28.5080000,109.1904720,77.4510800,28.4964740,-57.0098840,44.3411200,3.2997940,22.6342997,114.0144018,44.5440000,57396.0000000,0.0000000,2512.0000000,2510.0000000,-631.235,452.482,776.657,72.2237
1.0000000,28.6140000,82.4767920,69.8502080,27.0625540,-57.1011960,44.1319680,3.4295540,22.6342612,114.0143753,44.5560000,57608.0000000,0.0000000,2521.0000000,2519.0000000,-635.498,449.758,778.550,72.1677
1.0000000,28.7190000,58.0461560,43.7292920,5.6510330,-57.4242880,43.9401680,3.3862990,22.6342365,114.0143471,44.5590000,57818.0000000,0.0000000,2530.0000000,2529.0000000,-638.233,446.859,779.118,72.3069
1.0000000,28.8250000,71.3786400,-1.4319910,330.3033280,-55.4114520,43.5889720,3.2171210,22.6343621,114.0142833,44.6390000,58031.0000000,0.0000000,2539.0000000,2538.0000000,-624.324,440.301,763.967,70.5013
1.0000000,28.9320000,103.5875040,-9.1209280,283.8237760,-54.6455200,42.9464400,3.6671340,22.6343830,114.0142465,44.6560000,58245.0000000,0.0000000,2548.0000000,2547.0000000,-622.010,436.518,759.898,69.5020
1.0000000,29.0390000,120.9041840,7.3013880,251.6593440,-59.4975360,43.0052320,4.3338870,22.6339390,114.0143198,44.4100000,58459.0000000,0.0000000,2557.0000000,2556.0000000,-671.178,444.053,804.775,73.4126
1.0000000,29.1440000,128.4286640,23.8433740,222.1581440,-59.6462280,42.5519520,4.5955350,22.6339089,114.0142945,44.3160000,58669.0000000,0.0000000,2567.0000000,2566.0000000,-674.511,441.452,806.130,73.2690
1.0000000,29.2510000,134.5693760,41.3813680,204.5368480,-60.0607720,42.1732760,4.7674790,22.6338805,114.0142682,44.2010000,58882.0000000,0.0000000,2576.0000000,2575.0000000,-677.656,438.749,807.291,73.3886
1.0000000,29.3570000,146.4177920,50.8202880,201.5976320,-60.6345400,41.8255640,4.5932980,22.6338542,114.0142420,44.0890000,59093.0000000,0.0000000,2586.0000000,2584.0000000,-680.569,436.055,808.281,73.6609
1.0000000,29.4630000,161.9086720,48.9920680,206.7820160,-60.6852120,41.6788520,4.5754790,22.6338298,114.0142157,43.9990000,59305.0000000,0.0000000,2596.0000000,2594.0000000,-683.271,433.352,809.106,73.6194
1.0000000,29.5680000,-175.2577440,46.4178320,236.2541280,-60.4819560,41.7937680,4.1439640,22.6338072,114.0141921,43.9110000,59515.0000000,0.0000000,2605.0000000,2603.0000000,-685.774,430.926,809.928,73.5172
1.0000000,29.6740000,166.9645280,10.9852350,270.1845440,-62.6477640,41.0205200,3.0290840,22.6336197,114.0141973,43.8060000,59727.0000000,0.0000000,2614.0000000,2613.0000000,-706.537,431.461,827.861,74.8827
1.0000000,29.7810000,145.8002560,-3.7151800,269.6993600,-61.8486320,40.3186360,2.9367500,22.6336128,114.0141677,43.9160000,59941.0000000,0.0000000,2623.0000000,2622.0000000,-707.301,428.418,826.932,73.8298
1.0000000,29.8880000,145.1673600,-5.0432190,266.9011840,-63.4131080,40.0632520,3.4860790,22.6334435,114.0141708,43.8330000,60155.0000000,0.0000000,2632.0000000,2631.0000000,-726.049,428.737,843.186,75.0086
1.0000000,29.9950000,151.7587040,-9.6129470,267.8161280,-65.3471920,39.9120080,4.8534080,22.6333859,114.0141535,43.7420000,60369.0000000,0.0000000,2641.0000000,2640.0000000,-732.428,426.958,847.788,76.5717
1.0000000,30.1020000,160.3161760,-4.8241640,260.8533600,-65.7735000,39.3926920,4.1206200,22.6332633,114.0141451,43.5440000,60583.0000000,0.0000000,2650.0000000,2649.0000000,-746.005,426.095,859.116,76.6677
1.0000000,30.2090000,155.2316480,-2.1517460,259.3840640,-66.6100920,39.2431520,3.4846240,22.6330839,114.0141450,43.4040000,60797.0000000,0.0000000,2659.0000000,2658.0000000,-765.871,426.085,876.417,77.3106
1.0000000,30.3160000,157.2090240,1.8719050,260.8281920,-69.3329120,39.1173840,4.6039140,22.6329356,114.0141375,43.2620000,61011.0000000,0.0000000,2668.0000000,2667.0000000,-782.294,425.314,890.435,79.6067
1.0000000,30.4220000,154.0877120,0.0950610,255.6436480,-71.3227600,38.8632840,5.4652430,22.6327580,114.0141313,42.9840000,61224.0000000,0.0000000,2677.0000000,2676.0000000,-801.961,424.676,907.464,81.2237
1.0000000,30.5300000,155.2058560,-3.4018180,250.0153120,-72.7861120,38.6181760,4.1785440,22.6324930,114.0141334,42.6350000,61438.0000000,0.0000000,2686.0000000,2685.0000000,-831.307,424.892,933.598,82.3965
1.0000000,30.6370000,151.5671680,1.2518860,266.3299200,-72.5973440,38.0704720,4.2795520,22.6324269,114.0141121,42.6150000,61652.0000000,0.0000000,2695.0000000,2694.0000000,-838.627,422.703,939.134,81.9740
1.0000000,30.7440000,154.4174400,-0.7482010,265.3487840,-74.8371600,37.6858000,5.4160130,22.6324016,114.0140853,42.5560000,61866.0000000,0.0000000,2704.0000000,2703.0000000,-841.428,419.948,940.403,83.7903
1.0000000,30.8510000,154.4071680,-2.6718100,257.4262080,-75.0539600,37.2392440,5.6538370,22.6323205,114.0140638,42.3400000,62080.0000000,0.0000000,2713.0000000,2712.0000000,-850.409,417.738,947.471,83.7846
1.0000000,30.9580000,152.0668320,-4.5293440,257.1220160,-74.2978800,37.2221440,4.1834030,22.6322334,114.0140419,42.2350000,62294.0000000,0.0000000,2722.0000000,2721.0000000,-860.055,415.487,955.156,83.1003
1.0000000,31.0650000,155.1517280,0.1660320,266.0710400,-73.2332640,36.7037040,4.6415080,22.6323234,114.0140119,42.3860000,62508.0000000,0.0000000,2731.0000000,2730.0000000,-850.088,412.403,944.842,81.9163
1.0000000,31.1720000,151.7567360,0.4445170,264.6416320,-74.5776800,36.3213680,5.6490800,22.6323351,114.0139839,42.3780000,62722.0000000,0.0000000,2740.0000000,2739.0000000,-848.793,409.525,942.422,82.9522
1.0000000,31.2790000,155.4226400,1.4022150,255.5097120,-74.8923920,35.7337160,5.3677140,22.6322379,114.0139632,42.1450000,62936.0000000,0.0000000,2749.0000000,2748.0000000,-859.556,407.397,951.215,82.9805
1.0000000,31.3860000,156.9187040,1.1843280,257.0498400,-74.4276960,35.6335320,4.1881790,22.6321409,114.0139437,42.0300000,63150.0000000,0.0000000,2758.0000000,2757.0000000,-870.298,405.393,960.084,82.5181
1.0000000,31.4920000,161.2935040,0.7948660,268.6722240,-73.2826640,35.2469960,4.8610850,22.6322597,114.0139184,42.2390000,63363.0000000,0.0000000,2767.0000000,2766.0000000,-857.142,402.792,947.066,81.3185
1.0000000,31.6000000,159.0728320,0.7058370,267.0525440,-74.1796320,34.9499640,5.7223840,22.6323247,114.0138938,42.2950000,63578.0000000,0.0000000,2776.0000000,2775.0000000,-849.944,400.263,939.476,82.0007
1.0000000,31.7060000,159.1631520,0.0357690,259.2523840,-73.5884560,34.2773760,5.0207770,22.6322905,114.0138753,42.1530000,63791.0000000,0.0000000,2785.0000000,2784.0000000,-853.731,398.362,942.098,81.1800
1.0000000,31.8140000,156.0858080,0.0359690,263.2702560,-72.4206240,34.4960400,4.0334940,22.6322580,114.0138558,42.1500000,64005.0000000,0.0000000,2794.0000000,2793.0000000,-857.330,396.357,944.518,80.2167
1.0000000,31.9210000,163.3032960,0.0926750,269.1255360,-70.9758480,34.1827520,4.6680870,22.6324051,114.0138410,42.4120000,64219.0000000,0.0000000,2803.0000000,2802.0000000,-841.041,394.836,929.110,78.7784
1.0000000,32.0280000,159.7887200,-4.7962170,269.8186240,-70.5560160,33.8820360,5.1463250,22.6325495,114.0138288,42.6150000,64433.0000000,0.0000000,2812.0000000,2811.0000000,-825.050,393.582,914.119,78.2697
1.0000000,32.1350000,162.9120800,-5.9500950,266.3196640,-69.2055840,33.8620920,5.0723140,22.6326296,114.0138207,42.6500000,64647.0000000,0.0000000,2821.0000000,2820.0000000,-816.180,392.749,905.760,77.0458
1.0000000,32.2420000,159.7921120,-19.2633640,277.2060480,-66.8679360,34.0032600,3.8269740,22.6328205,114.0138200,42.9200000,64861.0000000,0.0000000,2830.0000000,2829.0000000,-795.040,392.677,886.726,75.0169
1.0000000,32.3490000,129.9146240,-21.4991980,328.6676160,-66.7167800,33.9185760,3.2095170,22.6328655,114.0138168,43.0680000,65076.0000000,0.0000000,2840.0000000,2839.0000000,-790.057,392.348,882.115,74.8438
1.0000000,32.4550000,117.3395920,-4.1807570,347.1837120,-66.7123480,33.4629740,3.1946930,22.6328739,114.0138126,43.1880000,65287.0000000,0.0000000,2849.0000000,2848.0000000,-789.126,391.916,881.090,74.6345
1.0000000,32.5610000,112.7156880,11.1955650,10.7705830,-65.8004920,33.0317460,3.6118500,22.6328844,114.0138092,43.2920000,65500.0000000,0.0000000,2859.0000000,2857.0000000,-787.964,391.567,879.893,73.6261
1.0000000,32.6670000,112.4284320,22.8263620,35.8741240,-65.6573480,32.7835280,4.4047240,22.6328957,114.0138072,43.3230000,65711.0000000,0.0000000,2868.0000000,2867.0000000,-786.712,391.361,878.681,73.3870
1.0000000,32.7730000,105.5103600,26.9807700,34.2748040,-63.0117040,33.0701940,4.2553600,22.6330942,114.0138303,43.5890000,65923.0000000,0.0000000,2877.0000000,2876.0000000,-764.731,393.736,860.140,71.1626
1.0000000,32.8790000,82.4944160,8.6364990,16.6945990,-61.5263080,32.7298080,4.4296620,22.6332134,114.0138475,43.7230000,66136.0000000,0.0000000,2887.0000000,2885.0000000,-751.530,395.504,849.247,69.6902
1.0000000,32.9850000,71.8179120,-2.8534640,0.4121070,-61.7863840,32.8908120,3.5791180,22.6332232,114.0138529,43.7020000,66348.0000000,0.0000000,2896.0000000,2895.0000000,-750.445,396.059,848.546,69.9954
1.0000000,33.0920000,82.8913840,-16.8198040,336.0361600,-61.3362720,33.4378960,2.6937630,22.6332320,114.0138609,43.7780000,66561.0000000,0.0000000,2906.0000000,2904.0000000,-749.471,396.881,848.069,69.8587
1.0000000,33.1980000,118.7626480,-26.7729000,281.6628480,-58.5514800,34.1888320,2.6677960,22.6334451,114.0138979,44.2000000,66772.0000000,0.0000000,2915.0000000,2913.0000000,-725.872,400.685,829.119,67.8023
1.0000000,33.3030000,144.7944480,-6.0094900,234.8651840,-59.7477880,33.7711280,3.4223310,22.6332941,114.0138938,44.0020000,66982.0000000,0.0000000,2923.0000000,2922.0000000,-742.594,400.263,843.597,68.6315
1.0000000,33.4090000,153.7624480,16.8624020,218.6127200,-60.0224400,33.6317720,3.9935360,22.6332612,114.0139010,43.9380000,67194.0000000,0.0000000,2933.0000000,2932.0000000,-746.237,401.003,847.156,68.8025
1.0000000,33.5150000,174.0011200,22.1415120,232.6802400,-62.1569920,33.3400080,4.6654140,22.6330416,114.0138843,43.5180000,67406.0000000,0.0000000,2942.0000000,2941.0000000,-770.555,399.287,867.863,70.5340
1.0000000,33.6210000,-161.7963360,26.6173660,264.5369920,-66.0803360,33.0909920,4.3374690,22.6326935,114.0138426,42.8580000,67618.0000000,0.0000000,2951.0000000,2950.0000000,-809.104,395.000,900.374,73.9028
1.0000000,33.7260000,-166.4250720,21.2602760,295.0227520,-68.4537360,32.1393280,3.2911760,22.6325136,114.0138165,42.5950000,67828.0000000,0.0000000,2960.0000000,2958.0000000,-829.026,392.317,917.168,75.6231
1.0000000,33.8310000,161.9004160,11.9470310,322.6262400,-67.3104880,31.1587980,2.5491550,22.6326429,114.0138513,42.9790000,68038.0000000,0.0000000,2968.0000000,2967.0000000,-814.707,395.895,905.804,74.1726
1.0000000,33.9360000,116.6871840,-1.2064070,0.7493190,-65.8831320,29.9582900,3.1759770,22.6326592,114.0138631,43.1440000,68248.0000000,0.0000000,2978.0000000,2977.0000000,-812.902,397.107,904.712,72.3746
1.0000000,34.0420000,59.4876800,-13.7774000,44.0046000,-65.2617800,30.4399500,4.6578820,22.6326745,114.0138769,43.1740000,68461.0000000,0.0000000,2987.0000000,2986.0000000,-811.208,398.526,903.815,72.0117
1.0000000,34.1480000,7.6771130,-7.8077180,47.1171080,-66.1086640,30.6875840,4.7416410,22.6326749,114.0138884,43.0750000,68673.0000000,0.0000000,2997.0000000,2995.0000000,-811.163,399.708,904.297,72.8840
1.0000000,34.2540000,-24.8792900,-32.5158280,27.8959820,-66.1992960,31.0870140,3.6672380,22.6326914,114.0139050,43.0720000,68884.0000000,0.0000000,3006.0000000,3005.0000000,-809.336,401.414,903.415,73.1351
1.0000000,34.3590000,25.1593640,-75.8220240,322.8456000,-64.8320000,31.3245680,2.8348810,22.6327047,114.0139240,43.1780000,69095.0000000,0.0000000,3016.0000000,3014.0000000,-807.863,403.368,902.967,72.0029
1.0000000,34.4660000,126.0515680,-45.3078000,232.4396320,-63.8115200,31.3778440,3.5108850,22.6327253,114.0139192,43.5640000,69307.0000000,0.0000000,3025.0000000,3024.0000000,-805.582,402.874,900.705,71.1089
1.0000000,34.5720000,151.0833120,3.0773350,226.2728640,-65.4171280,30.9607980,4.6797610,22.6325589,114.0139026,43.2470000,69519.0000000,0.0000000,3034.0000000,3033.0000000,-824.009,401.168,916.475,72.3738
1.0000000,34.6780000,176.1286720,26.2178520,247.4541760,-68.4469120,29.9217120,5.2076840,22.6323177,114.0138652,42.7190000,69731.0000000,0.0000000,3043.0000000,3042.0000000,-850.719,397.323,938.930,74.7013
1.0000000,34.7830000,-150.3876960,24.2036600,271.1063360,-70.4365040,29.0280740,4.8894430,22.6321504,114.0138349,42.3270000,69941.0000000,0.0000000,3052.0000000,3051.0000000,-869.246,394.209,954.457,76.1835
1.0000000,34.8880000,-161.3171200,12.5610120,278.7578880,-71.5002560,28.1768540,3.3242130,22.6320572,114.0138207,42.1670000,70151.0000000,0.0000000,3061.0000000,3060.0000000,-879.567,392.749,963.270,76.8519
1.0000000,34.9940000,154.6625440,-8.8075100,269.1811840,-71.0884160,27.6226320,2.9204840,22.6320858,114.0138466,42.3490000,70363.0000000,0.0000000,3070.0000000,3069.0000000,-876.400,395.411,961.471,76.2665
1.0000000,35.0990000,134.4503520,-14.3570590,274.1450880,-68.5957680,29.0465740,3.1490730,22.6321761,114.0139258,42.3370000,70573.0000000,0.0000000,3079.0000000,3077.0000000,-866.400,403.553,955.774,74.4922
1.0000000,35.2050000,153.3324000,-1.1493640,277.6762880,-67.5502560,29.7874540,3.5543940,22.6323691,114.0140082,42.7660000,70785.0000000,0.0000000,3088.0000000,3086.0000000,-845.027,412.023,940.124,73.8263
1.0000000,35.3110000,116.1603840,-5.7739280,319.0462720,-66.6529920,29.3484980,4.3548730,22.6325310,114.0140576,43.3440000,70997.0000000,0.0000000,3097.0000000,3096.0000000,-827.099,417.101,926.318,72.8283
1.0000000,35.4160000,83.8967680,32.5194320,9.3914360,-65.4598480,29.6935740,4.6669910,22.6325432,114.0140869,43.2550000,71207.0000000,0.0000000,3106.0000000,3105.0000000,-825.748,420.112,926.474,71.8798
1.0000000,35.5220000,76.0913040,21.1558040,355.0923840,-65.1636600,29.9210460,4.0778640,22.6325575,114.0141182,43.2290000,71419.0000000,0.0000000,3116.0000000,3114.0000000,-824.164,423.330,926.528,71.7048
1.0000000,35.6270000,83.3701520,-0.8736340,334.6308480,-64.7411880,30.6007680,2.6908190,22.6325700,114.0141504,43.2620000,71629.0000000,0.0000000,3126.0000000,3124.0000000,-822.780,426.640,926.816,71.6089
1.0000000,35.7330000,141.7979040,-18.0936600,263.4318880,-63.0087920,30.8108020,3.0754550,22.6326680,114.0142172,43.5200000,71840.0000000,0.0000000,3135.0000000,3133.0000000,-811.927,433.506,920.410,70.1385
1.0000000,35.8400000,161.5916800,12.4005000,232.2512320,-64.6654680,30.1307320,3.8151070,22.6324852,114.0141879,43.1680000,72054.0000000,0.0000000,3144.0000000,3142.0000000,-832.171,430.494,936.928,71.3406
1.0000000,35.9450000,-174.9092160,29.7456000,244.2395200,-66.6133560,29.5522640,4.6783650,22.6323103,114.0141572,42.7470000,72264.0000000,0.0000000,3152.0000000,3151.0000000,-851.539,427.339,952.752,72.8744
1.0000000,36.0510000,-155.0590560,29.5947960,271.9009280,-69.3784320,28.7521640,4.4536720,22.6320739,114.0140934,42.1580000,72476.0000000,0.0000000,3161.0000000,3160.0000000,-877.718,420.781,973.368,75.1003
1.0000000,36.1570000,-167.5098560,20.0288940,300.6415040,-70.9843520,27.8088700,3.1635690,22.6319610,114.0140701,41.9350000,72689.0000000,0.0000000,3170.0000000,3169.0000000,-890.220,418.385,983.635,76.2372
1.0000000,36.2640000,141.9134720,8.5208790,329.6235520,-70.0036080,26.5817160,2.9392330,22.6320633,114.0141468,42.3170000,72902.0000000,0.0000000,3179.0000000,3178.0000000,-878.891,426.270,976.809,74.8805
1.0000000,36.3690000,91.8949680,1.2001680,5.7118030,-68.5383520,26.2609320,4.1870430,22.6320835,114.0141829,42.4070000,73112.0000000,0.0000000,3189.0000000,3188.0000000,-876.654,429.980,976.425,73.3972
1.0000000,36.4750000,39.0719960,-10.7341300,24.9735460,-68.6598320,27.1194460,5.2172980,22.6321009,114.0142205,42.3420000,73324.0000000,0.0000000,3198.0000000,3197.0000000,-874.728,433.845,976.407,73.8217
1.0000000,36.5800000,14.6692390,-41.4823360,3.9329570,-69.9050240,27.4006320,3.9226590,22.6320673,114.0142319,42.1730000,73534.0000000,0.0000000,3207.0000000,3206.0000000,-878.448,435.017,980.261,75.0833
1.0000000,36.6870000,93.6648560,-57.5124560,265.6039200,-69.1738800,27.3857520,3.1704190,22.6319874,114.0142228,42.0200000,73748.0000000,0.0000000,3216.0000000,3215.0000000,-887.296,434.082,987.786,74.3976
1.0000000,36.7920000,134.5240000,-14.2634480,239.5766880,-68.5509680,27.3823140,4.1643990,22.6319472,114.0142372,41.9690000,73959.0000000,0.0000000,3225.0000000,3224.0000000,-891.748,435.562,992.436,73.8175
1.0000000,36.8990000,174.3983840,22.9097380,252.0948160,-69.4597520,27.0590160,5.4762900,22.6319042,114.0142531,41.7510000,74172.0000000,0.0000000,3234.0000000,3233.0000000,-896.510,437.196,997.432,74.5443
1.0000000,37.0050000,-149.4466560,27.2965580,279.1479040,-70.9609520,26.5456400,5.0293040,22.6318245,114.0142480,41.4030000,74385.0000000,0.0000000,3243.0000000,3242.0000000,-905.336,436.672,1005.145,75.7636
1.0000000,37.1110000,-150.2883520,25.1947840,296.2520000,-71.0792160,26.6622260,3.2364100,22.6318344,114.0142810,41.4410000,74595.0000000,0.0000000,3253.0000000,3251.0000000,-904.240,440.064,1005.637,75.9153
1.0000000,37.2160000,163.2579040,14.3886760,310.0807040,-71.5650320,25.4141540,2.4758050,22.6318656,114.0143326,41.6770000,74805.0000000,0.0000000,3262.0000000,3260.0000000,-900.784,445.368,1004.871,75.9436
1.0000000,37.3210000,106.3167200,1.9058480,335.4742720,-70.4674160,24.2909020,3.9774610,22.6318854,114.0143771,41.8100000,75015.0000000,0.0000000,3271.0000000,3270.0000000,-898.592,449.943,1004.946,74.5366
1.0000000,37.4270000,42.7903240,-11.8123610,355.4433280,-69.8915280,25.2074600,5.6711780,22.6319069,114.0144231,41.7700000,75227.0000000,0.0000000,3281.0000000,3279.0000000,-896.211,454.671,1004.948,74.2983
1.0000000,37.5320000,15.8246910,-37.6989040,333.8848960,-70.3194240,26.4826840,3.6210440,22.6319117,114.0144624,41.6930000,75437.0000000,0.0000000,3290.0000000,3288.0000000,-895.679,458.711,1006.309,75.1409
1.0000000,37.6380000,73.9287920,-53.6470200,267.0574720,-69.1544240,26.0952260,2.9747820,22.6318575,114.0144685,41.6110000,75649.0000000,0.0000000,3299.0000000,3298.0000000,-901.681,459.338,1011.939,73.9141
1.0000000,37.7440000,129.9608480,-12.5600440,232.2409600,-69.0203600,26.0259100,4.4206770,22.6317754,114.0144653,41.4190000,75861.0000000,0.0000000,3308.0000000,3307.0000000,-910.773,459.009,1019.900,73.7642
1.0000000,37.8500000,171.9003840,28.4361340,248.1895520,-70.6907040,25.6236540,6.0928670,22.6316896,114.0144602,41.0460000,76073.0000000,0.0000000,3317.0000000,3316.0000000,-920.275,458.485,1028.160,75.1914
1.0000000,37.9550000,-144.1542880,26.1516500,289.2310720,-72.3674960,25.2085860,5.7520520,22.6316301,114.0144651,40.6350000,76284.0000000,0.0000000,3326.0000000,3325.0000000,-926.864,458.988,1034.285,76.6324
1.0000000,38.0610000,-140.1588320,16.5630800,313.6408640,-72.0081520,25.1616460,3.7020470,22.6316619,114.0145216,40.6770000,76495.0000000,0.0000000,3335.0000000,3334.0000000,-923.342,464.796,1033.729,76.2777
1.0000000,38.1660000,177.1958240,10.0855600,326.1139520,-72.1585120,23.7827120,2.4349830,22.6316780,114.0145685,40.8510000,76705.0000000,0.0000000,3344.0000000,3343.0000000,-921.559,469.617,1034.317,75.9768
1.0000000,38.2710000,112.6025840,-6.7824580,347.3475520,-70.8360400,22.6610220,3.9401240,22.6317182,114.0146369,41.0900000,76916.0000000,0.0000000,3354.0000000,3353.0000000,-917.107,476.648,1033.576,74.3725
1.0000000,38.3780000,39.7462560,-23.0780020,9.3500300,-70.8173520,23.8502920,5.8318860,22.6317443,114.0146927,41.0640000,77128.0000000,0.0000000,3364.0000000,3362.0000000,-914.217,482.384,1033.677,74.7257
1.0000000,38.4850000,19.8660520,-48.0565120,342.7182720,-71.3428000,24.9028860,3.8646130,22.6317295,114.0147219,40.9150000,77342.0000000,0.0000000,3373.0000000,3371.0000000,-915.856,485.386,1036.529,75.5642
